category,model,tuned_for,trial,value,best
CSD,LightGBM,wmape,0,23.387669271727777,23.387669271727777
CSD,LightGBM,wmape,1,25.073292709822553,23.387669271727777
CSD,LightGBM,wmape,2,20.57484582279948,20.57484582279948
CSD,LightGBM,wmape,3,20.522657178195562,20.522657178195562
CSD,LightGBM,wmape,4,22.538369689007023,20.522657178195562
CSD,LightGBM,wmape,5,37.87243608139192,20.522657178195562
CSD,LightGBM,wmape,6,22.45862541997705,20.522657178195562
CSD,LightGBM,wmape,7,24.448311219707122,20.522657178195562
CSD,LightGBM,wmape,8,29.621631499275836,20.522657178195562
CSD,LightGBM,wmape,9,21.625811106525177,20.522657178195562
CSD,LightGBM,wmape,10,21.087240256460163,20.522657178195562
CSD,LightGBM,wmape,11,20.263424412912133,20.263424412912133
CSD,LightGBM,wmape,12,20.20550602145581,20.20550602145581
CSD,LightGBM,wmape,13,20.429490838229523,20.20550602145581
CSD,LightGBM,wmape,14,20.539203875143567,20.20550602145581
CSD,LightGBM,wmape,15,20.973663145385622,20.20550602145581
CSD,LightGBM,wmape,16,20.427969061067607,20.20550602145581
CSD,LightGBM,wmape,17,20.359942247961477,20.20550602145581
CSD,LightGBM,wmape,18,21.807618749079076,20.20550602145581
CSD,LightGBM,wmape,19,21.237021974730283,20.20550602145581
CSD,LightGBM,wmape,20,21.272829965340094,20.20550602145581
CSD,LightGBM,wmape,21,20.516012153987923,20.20550602145581
CSD,LightGBM,wmape,22,21.975297661334306,20.20550602145581
CSD,LightGBM,wmape,23,19.706744371650412,19.706744371650412
CSD,LightGBM,wmape,24,19.73389064046773,19.706744371650412
CSD,LightGBM,wmape,25,20.00160373853418,19.706744371650412
CSD,LightGBM,wmape,26,19.611204721960906,19.611204721960906
CSD,LightGBM,wmape,27,19.65763257818596,19.611204721960906
CSD,LightGBM,wmape,28,19.59498139248845,19.59498139248845
CSD,LightGBM,wmape,29,20.235276273432678,19.59498139248845
CSD,LightGBM,wmape,30,20.586212253275313,19.59498139248845
CSD,LightGBM,wmape,31,21.189229843674866,19.59498139248845
CSD,LightGBM,wmape,32,20.624716149128986,19.59498139248845
CSD,LightGBM,wmape,33,20.96312057907271,19.59498139248845
CSD,LightGBM,wmape,34,20.66700621396057,19.59498139248845
CSD,LightGBM,wmape,35,19.703212779409583,19.59498139248845
CSD,LightGBM,wmape,36,20.811840458545767,19.59498139248845
CSD,LightGBM,wmape,37,21.0820356558792,19.59498139248845
CSD,LightGBM,wmape,38,20.19040686788278,19.59498139248845
CSD,LightGBM,wmape,39,20.618778365755325,19.59498139248845
CSD,LightGBM,wmape,40,20.736206605451354,19.59498139248845
CSD,LightGBM,wmape,41,20.22295671164818,19.59498139248845
CSD,LightGBM,wmape,42,21.01783452827695,19.59498139248845
CSD,LightGBM,wmape,43,20.925288280829882,19.59498139248845
CSD,LightGBM,wmape,44,20.15471133388268,19.59498139248845
CSD,LightGBM,wmape,45,20.43433936389558,19.59498139248845
CSD,LightGBM,wmape,46,35.50268667548188,19.59498139248845
CSD,LightGBM,wmape,47,29.4281640928229,19.59498139248845
CSD,LightGBM,wmape,48,23.22143672982805,19.59498139248845
CSD,LightGBM,wmape,49,20.565864740796744,19.59498139248845
CSD,LightGBM,wmape,50,20.711893939762238,19.59498139248845
CSD,LightGBM,wmape,51,19.43631224410308,19.43631224410308
CSD,LightGBM,wmape,52,20.94620519496242,19.43631224410308
CSD,LightGBM,wmape,53,20.30569229190195,19.43631224410308
CSD,LightGBM,wmape,54,20.54309028330513,19.43631224410308
CSD,LightGBM,wmape,55,20.857009585451397,19.43631224410308
CSD,LightGBM,wmape,56,20.664599947120124,19.43631224410308
CSD,LightGBM,wmape,57,20.335059769897306,19.43631224410308
CSD,LightGBM,wmape,58,19.94344565508425,19.43631224410308
CSD,LightGBM,wmape,59,20.527685905406102,19.43631224410308
CSD,LightGBM,wmape,60,19.936270870430626,19.43631224410308
CSD,LightGBM,wmape,61,19.695094009430726,19.43631224410308
CSD,LightGBM,wmape,62,20.392594569109953,19.43631224410308
CSD,LightGBM,wmape,63,20.618054683501946,19.43631224410308
CSD,LightGBM,wmape,64,20.42436515270554,19.43631224410308
CSD,LightGBM,wmape,65,20.993113564484197,19.43631224410308
CSD,LightGBM,wmape,66,20.81450436124956,19.43631224410308
CSD,LightGBM,wmape,67,20.461892770678798,19.43631224410308
CSD,LightGBM,wmape,68,20.8510518327752,19.43631224410308
CSD,LightGBM,wmape,69,20.413766999443883,19.43631224410308
CSD,LightGBM,wmape,70,20.1454958308435,19.43631224410308
CSD,LightGBM,wmape,71,19.65644652031061,19.43631224410308
CSD,LightGBM,wmape,72,21.247063884307035,19.43631224410308
CSD,LightGBM,wmape,73,21.49254813797798,19.43631224410308
CSD,LightGBM,wmape,74,20.507806938811065,19.43631224410308
CSD,LightGBM,wmape,75,20.630379801903363,19.43631224410308
CSD,LightGBM,wmape,76,20.510474200369295,19.43631224410308
CSD,LightGBM,wmape,77,20.996374023209526,19.43631224410308
CSD,LightGBM,wmape,78,20.07574881896577,19.43631224410308
CSD,LightGBM,wmape,79,20.52669659597292,19.43631224410308
CSD,LightGBM,wmape,80,20.884380760258207,19.43631224410308
CSD,LightGBM,wmape,81,21.220285825745083,19.43631224410308
CSD,LightGBM,wmape,82,20.063920422168707,19.43631224410308
CSD,LightGBM,wmape,83,21.37565584213756,19.43631224410308
CSD,LightGBM,wmape,84,20.18053230275103,19.43631224410308
CSD,LightGBM,wmape,85,23.5577204534688,19.43631224410308
CSD,LightGBM,wmape,86,19.91140194635998,19.43631224410308
CSD,LightGBM,wmape,87,20.263274692678348,19.43631224410308
CSD,LightGBM,wmape,88,20.437479918741253,19.43631224410308
CSD,LightGBM,wmape,89,20.584713354103584,19.43631224410308
CSD,LightGBM,wmape,90,20.391403533145407,19.43631224410308
CSD,LightGBM,wmape,91,20.373742922104483,19.43631224410308
CSD,LightGBM,wmape,92,20.377664515825163,19.43631224410308
CSD,LightGBM,wmape,93,20.643140712154008,19.43631224410308
CSD,LightGBM,wmape,94,20.558494286734923,19.43631224410308
CSD,LightGBM,wmape,95,20.82211130679029,19.43631224410308
CSD,LightGBM,wmape,96,20.264628354312812,19.43631224410308
CSD,LightGBM,wmape,97,19.93554378152233,19.43631224410308
CSD,LightGBM,wmape,98,21.23166432922786,19.43631224410308
CSD,LightGBM,wmape,99,20.72264260303436,19.43631224410308
CSD,LightGBM,medmape,0,56.69269155257612,56.69269155257612
CSD,LightGBM,medmape,1,53.769554801734216,53.769554801734216
CSD,LightGBM,medmape,2,49.610688729232656,49.610688729232656
CSD,LightGBM,medmape,3,50.25351797824394,49.610688729232656
CSD,LightGBM,medmape,4,58.22270257954475,49.610688729232656
CSD,LightGBM,medmape,5,50.588234838820625,49.610688729232656
CSD,LightGBM,medmape,6,46.84924632079757,46.84924632079757
CSD,LightGBM,medmape,7,54.15286198116702,46.84924632079757
CSD,LightGBM,medmape,8,49.73761577827667,46.84924632079757
CSD,LightGBM,medmape,9,52.57901218483241,46.84924632079757
CSD,LightGBM,medmape,10,54.60194278309142,46.84924632079757
CSD,LightGBM,medmape,11,50.577756514457526,46.84924632079757
CSD,LightGBM,medmape,12,50.01545944473767,46.84924632079757
CSD,LightGBM,medmape,13,45.638152324563904,45.638152324563904
CSD,LightGBM,medmape,14,45.546920522744905,45.546920522744905
CSD,LightGBM,medmape,15,45.48046957666271,45.48046957666271
CSD,LightGBM,medmape,16,45.95082913567807,45.48046957666271
CSD,LightGBM,medmape,17,46.29893605927715,45.48046957666271
CSD,LightGBM,medmape,18,49.927325204920734,45.48046957666271
CSD,LightGBM,medmape,19,46.87376927021477,45.48046957666271
CSD,LightGBM,medmape,20,47.23954208742386,45.48046957666271
CSD,LightGBM,medmape,21,46.30295198509024,45.48046957666271
CSD,LightGBM,medmape,22,46.6590996705843,45.48046957666271
CSD,LightGBM,medmape,23,45.703097564411905,45.48046957666271
CSD,LightGBM,medmape,24,49.56124050823024,45.48046957666271
CSD,LightGBM,medmape,25,45.3766820317943,45.3766820317943
CSD,LightGBM,medmape,26,48.53123426255497,45.3766820317943
CSD,LightGBM,medmape,27,48.43023478183102,45.3766820317943
CSD,LightGBM,medmape,28,48.10618486665506,45.3766820317943
CSD,LightGBM,medmape,29,57.038148718924894,45.3766820317943
CSD,LightGBM,medmape,30,46.44544658090722,45.3766820317943
CSD,LightGBM,medmape,31,45.79050266075512,45.3766820317943
CSD,LightGBM,medmape,32,46.36248290671783,45.3766820317943
CSD,LightGBM,medmape,33,45.35496783608303,45.35496783608303
CSD,LightGBM,medmape,34,45.255675908122384,45.255675908122384
CSD,LightGBM,medmape,35,46.87657910512841,45.255675908122384
CSD,LightGBM,medmape,36,48.71765793674611,45.255675908122384
CSD,LightGBM,medmape,37,47.78004927455671,45.255675908122384
CSD,LightGBM,medmape,38,49.13290914739315,45.255675908122384
CSD,LightGBM,medmape,39,44.120434012455725,44.120434012455725
CSD,LightGBM,medmape,40,45.919331303342155,44.120434012455725
CSD,LightGBM,medmape,41,45.507393430632845,44.120434012455725
CSD,LightGBM,medmape,42,46.783921978764575,44.120434012455725
CSD,LightGBM,medmape,43,46.77484250493053,44.120434012455725
CSD,LightGBM,medmape,44,44.62656007069193,44.120434012455725
CSD,LightGBM,medmape,45,46.83529250850674,44.120434012455725
CSD,LightGBM,medmape,46,57.4428056448365,44.120434012455725
CSD,LightGBM,medmape,47,48.14981225540585,44.120434012455725
CSD,LightGBM,medmape,48,44.81341451951954,44.120434012455725
CSD,LightGBM,medmape,49,46.45199607648871,44.120434012455725
CSD,LightGBM,medmape,50,47.97066668910398,44.120434012455725
CSD,LightGBM,medmape,51,45.742225022871985,44.120434012455725
CSD,LightGBM,medmape,52,48.311419682020755,44.120434012455725
CSD,LightGBM,medmape,53,46.6688506811731,44.120434012455725
CSD,LightGBM,medmape,54,47.229847716745184,44.120434012455725
CSD,LightGBM,medmape,55,48.0404489986234,44.120434012455725
CSD,LightGBM,medmape,56,45.21712763941384,44.120434012455725
CSD,LightGBM,medmape,57,45.36289208744998,44.120434012455725
CSD,LightGBM,medmape,58,50.98322891321688,44.120434012455725
CSD,LightGBM,medmape,59,46.91027258357633,44.120434012455725
CSD,LightGBM,medmape,60,46.36266146130856,44.120434012455725
CSD,LightGBM,medmape,61,46.266428547780066,44.120434012455725
CSD,LightGBM,medmape,62,44.98576188212008,44.120434012455725
CSD,LightGBM,medmape,63,45.21535793940266,44.120434012455725
CSD,LightGBM,medmape,64,44.7053196510978,44.120434012455725
CSD,LightGBM,medmape,65,44.25601234453474,44.120434012455725
CSD,LightGBM,medmape,66,45.8619329948323,44.120434012455725
CSD,LightGBM,medmape,67,44.787045706055295,44.120434012455725
CSD,LightGBM,medmape,68,44.330547720386356,44.120434012455725
CSD,LightGBM,medmape,69,46.67091843604352,44.120434012455725
CSD,LightGBM,medmape,70,44.235170930831174,44.120434012455725
CSD,LightGBM,medmape,71,43.024437334937225,43.024437334937225
CSD,LightGBM,medmape,72,45.32790887177927,43.024437334937225
CSD,LightGBM,medmape,73,46.17932794921406,43.024437334937225
CSD,LightGBM,medmape,74,46.22602009134954,43.024437334937225
CSD,LightGBM,medmape,75,45.95482245631708,43.024437334937225
CSD,LightGBM,medmape,76,45.78333093893501,43.024437334937225
CSD,LightGBM,medmape,77,45.21506358086554,43.024437334937225
CSD,LightGBM,medmape,78,46.807706148135765,43.024437334937225
CSD,LightGBM,medmape,79,50.41617365405099,43.024437334937225
CSD,LightGBM,medmape,80,44.53084905899686,43.024437334937225
CSD,LightGBM,medmape,81,45.009923223954885,43.024437334937225
CSD,LightGBM,medmape,82,44.35127647679895,43.024437334937225
CSD,LightGBM,medmape,83,45.63588585373986,43.024437334937225
CSD,LightGBM,medmape,84,47.00384450258261,43.024437334937225
CSD,LightGBM,medmape,85,46.43334013484547,43.024437334937225
CSD,LightGBM,medmape,86,45.91677457818191,43.024437334937225
CSD,LightGBM,medmape,87,45.14538556974359,43.024437334937225
CSD,LightGBM,medmape,88,47.451976299575776,43.024437334937225
CSD,LightGBM,medmape,89,46.50809770636062,43.024437334937225
CSD,LightGBM,medmape,90,45.059692957937386,43.024437334937225
CSD,LightGBM,medmape,91,44.14684905116726,43.024437334937225
CSD,LightGBM,medmape,92,45.55599798703971,43.024437334937225
CSD,LightGBM,medmape,93,45.34633633634504,43.024437334937225
CSD,LightGBM,medmape,94,45.27639577653432,43.024437334937225
CSD,LightGBM,medmape,95,45.57476651142608,43.024437334937225
CSD,LightGBM,medmape,96,44.662232970871074,43.024437334937225
CSD,LightGBM,medmape,97,44.6989448875767,43.024437334937225
CSD,LightGBM,medmape,98,45.439606393932124,43.024437334937225
CSD,LightGBM,medmape,99,45.26717514398214,43.024437334937225
CSD,XGBoost,wmape,0,19.239792799746986,19.239792799746986
CSD,XGBoost,wmape,1,20.62844597000613,19.239792799746986
CSD,XGBoost,wmape,2,21.93526532828277,19.239792799746986
CSD,XGBoost,wmape,3,20.189101290707374,19.239792799746986
CSD,XGBoost,wmape,4,21.593082878018162,19.239792799746986
CSD,XGBoost,wmape,5,22.20995623768531,19.239792799746986
CSD,XGBoost,wmape,6,21.065807868599947,19.239792799746986
CSD,XGBoost,wmape,7,21.829324968724844,19.239792799746986
CSD,XGBoost,wmape,8,20.554641983857415,19.239792799746986
CSD,XGBoost,wmape,9,22.871428642717593,19.239792799746986
CSD,XGBoost,wmape,10,18.938542080855857,18.938542080855857
CSD,XGBoost,wmape,11,19.445310532072735,18.938542080855857
CSD,XGBoost,wmape,12,19.241024077188694,18.938542080855857
CSD,XGBoost,wmape,13,20.29575419751685,18.938542080855857
CSD,XGBoost,wmape,14,19.261504369437322,18.938542080855857
CSD,XGBoost,wmape,15,20.53535020322741,18.938542080855857
CSD,XGBoost,wmape,16,19.638518245689532,18.938542080855857
CSD,XGBoost,wmape,17,21.399893414492524,18.938542080855857
CSD,XGBoost,wmape,18,19.721530772501943,18.938542080855857
CSD,XGBoost,wmape,19,19.906972059139935,18.938542080855857
CSD,XGBoost,wmape,20,20.051126422195807,18.938542080855857
CSD,XGBoost,wmape,21,19.547187084637844,18.938542080855857
CSD,XGBoost,wmape,22,19.073089282216554,18.938542080855857
CSD,XGBoost,wmape,23,19.651897570150403,18.938542080855857
CSD,XGBoost,wmape,24,19.001608922645335,18.938542080855857
CSD,XGBoost,wmape,25,19.413922048122956,18.938542080855857
CSD,XGBoost,wmape,26,19.60172781383318,18.938542080855857
CSD,XGBoost,wmape,27,19.222591237108663,18.938542080855857
CSD,XGBoost,wmape,28,20.628899395996253,18.938542080855857
CSD,XGBoost,wmape,29,19.532267629332864,18.938542080855857
CSD,XGBoost,wmape,30,19.880230544258797,18.938542080855857
CSD,XGBoost,wmape,31,19.199285128839506,18.938542080855857
CSD,XGBoost,wmape,32,19.95411241761702,18.938542080855857
CSD,XGBoost,wmape,33,19.849565152662482,18.938542080855857
CSD,XGBoost,wmape,34,19.6381227715992,18.938542080855857
CSD,XGBoost,wmape,35,19.48343618495182,18.938542080855857
CSD,XGBoost,wmape,36,19.68829623389051,18.938542080855857
CSD,XGBoost,wmape,37,18.999926376185922,18.938542080855857
CSD,XGBoost,wmape,38,19.679783438517052,18.938542080855857
CSD,XGBoost,wmape,39,21.23578045012112,18.938542080855857
CSD,XGBoost,wmape,40,19.391780888568874,18.938542080855857
CSD,XGBoost,wmape,41,19.0223492440843,18.938542080855857
CSD,XGBoost,wmape,42,19.52656460750021,18.938542080855857
CSD,XGBoost,wmape,43,19.61048547746968,18.938542080855857
CSD,XGBoost,wmape,44,19.647898337120772,18.938542080855857
CSD,XGBoost,wmape,45,19.589959526557095,18.938542080855857
CSD,XGBoost,wmape,46,19.036429787934477,18.938542080855857
CSD,XGBoost,wmape,47,19.766021074521575,18.938542080855857
CSD,XGBoost,wmape,48,19.485095446190236,18.938542080855857
CSD,XGBoost,wmape,49,19.357544600341935,18.938542080855857
CSD,XGBoost,wmape,50,19.310533704768005,18.938542080855857
CSD,XGBoost,wmape,51,19.000841274980264,18.938542080855857
CSD,XGBoost,wmape,52,19.23557388176262,18.938542080855857
CSD,XGBoost,wmape,53,19.071712522909113,18.938542080855857
CSD,XGBoost,wmape,54,19.478950344660145,18.938542080855857
CSD,XGBoost,wmape,55,18.9420570044199,18.938542080855857
CSD,XGBoost,wmape,56,20.306633808980056,18.938542080855857
CSD,XGBoost,wmape,57,22.724040358825448,18.938542080855857
CSD,XGBoost,wmape,58,23.34739707779433,18.938542080855857
CSD,XGBoost,wmape,59,19.224333722856333,18.938542080855857
CSD,XGBoost,wmape,60,20.20807433456464,18.938542080855857
CSD,XGBoost,wmape,61,20.121545226511834,18.938542080855857
CSD,XGBoost,wmape,62,19.358032838737014,18.938542080855857
CSD,XGBoost,wmape,63,18.760019092457398,18.760019092457398
CSD,XGBoost,wmape,64,19.107378580103486,18.760019092457398
CSD,XGBoost,wmape,65,19.78045404407171,18.760019092457398
CSD,XGBoost,wmape,66,19.411821991561652,18.760019092457398
CSD,XGBoost,wmape,67,19.497167270189472,18.760019092457398
CSD,XGBoost,wmape,68,19.372761261316914,18.760019092457398
CSD,XGBoost,wmape,69,19.256807443768565,18.760019092457398
CSD,XGBoost,wmape,70,19.192840454686657,18.760019092457398
CSD,XGBoost,wmape,71,19.513431829428967,18.760019092457398
CSD,XGBoost,wmape,72,19.290942187328444,18.760019092457398
CSD,XGBoost,wmape,73,19.492013243856444,18.760019092457398
CSD,XGBoost,wmape,74,19.202272204463423,18.760019092457398
CSD,XGBoost,wmape,75,19.190496396883656,18.760019092457398
CSD,XGBoost,wmape,76,19.82155480999124,18.760019092457398
CSD,XGBoost,wmape,77,19.014811383542614,18.760019092457398
CSD,XGBoost,wmape,78,20.268231109927346,18.760019092457398
CSD,XGBoost,wmape,79,18.94196006104935,18.760019092457398
CSD,XGBoost,wmape,80,19.120132944606578,18.760019092457398
CSD,XGBoost,wmape,81,19.371253433493287,18.760019092457398
CSD,XGBoost,wmape,82,19.464748973058068,18.760019092457398
CSD,XGBoost,wmape,83,19.44338817298413,18.760019092457398
CSD,XGBoost,wmape,84,20.33452238829065,18.760019092457398
CSD,XGBoost,wmape,85,19.750392397273277,18.760019092457398
CSD,XGBoost,wmape,86,18.946212196840605,18.760019092457398
CSD,XGBoost,wmape,87,18.85451174304387,18.760019092457398
CSD,XGBoost,wmape,88,19.058977250862306,18.760019092457398
CSD,XGBoost,wmape,89,19.4926089177287,18.760019092457398
CSD,XGBoost,wmape,90,19.529964792718744,18.760019092457398
CSD,XGBoost,wmape,91,18.90692931887593,18.760019092457398
CSD,XGBoost,wmape,92,19.591040859749278,18.760019092457398
CSD,XGBoost,wmape,93,18.810614632665647,18.760019092457398
CSD,XGBoost,wmape,94,18.817786834816204,18.760019092457398
CSD,XGBoost,wmape,95,19.37329788350513,18.760019092457398
CSD,XGBoost,wmape,96,18.84749324394293,18.760019092457398
CSD,XGBoost,wmape,97,18.98883675885147,18.760019092457398
CSD,XGBoost,wmape,98,19.261744376078976,18.760019092457398
CSD,XGBoost,wmape,99,19.137203300681744,18.760019092457398
CSD,XGBoost,medmape,0,51.69583136922615,51.69583136922615
CSD,XGBoost,medmape,1,53.39328436687433,51.69583136922615
CSD,XGBoost,medmape,2,46.14414550720649,46.14414550720649
CSD,XGBoost,medmape,3,46.76998352422724,46.14414550720649
CSD,XGBoost,medmape,4,50.69130940965803,46.14414550720649
CSD,XGBoost,medmape,5,46.574883416291584,46.14414550720649
CSD,XGBoost,medmape,6,45.40687366682608,45.40687366682608
CSD,XGBoost,medmape,7,49.97022215625207,45.40687366682608
CSD,XGBoost,medmape,8,47.093083793848926,45.40687366682608
CSD,XGBoost,medmape,9,50.25213282390936,45.40687366682608
CSD,XGBoost,medmape,10,46.33739875670817,45.40687366682608
CSD,XGBoost,medmape,11,45.968216722962815,45.40687366682608
CSD,XGBoost,medmape,12,44.008275202878586,44.008275202878586
CSD,XGBoost,medmape,13,44.67531902941648,44.008275202878586
CSD,XGBoost,medmape,14,47.13424446209498,44.008275202878586
CSD,XGBoost,medmape,15,43.95855528684223,43.95855528684223
CSD,XGBoost,medmape,16,43.85533507359074,43.85533507359074
CSD,XGBoost,medmape,17,44.55275139072644,43.85533507359074
CSD,XGBoost,medmape,18,46.553553777799586,43.85533507359074
CSD,XGBoost,medmape,19,47.298624481498294,43.85533507359074
CSD,XGBoost,medmape,20,42.65525532413911,42.65525532413911
CSD,XGBoost,medmape,21,42.49720190903469,42.49720190903469
CSD,XGBoost,medmape,22,43.11693354533203,42.49720190903469
CSD,XGBoost,medmape,23,44.56925818008343,42.49720190903469
CSD,XGBoost,medmape,24,43.67096601199434,42.49720190903469
CSD,XGBoost,medmape,25,43.973530683888306,42.49720190903469
CSD,XGBoost,medmape,26,44.937133821131084,42.49720190903469
CSD,XGBoost,medmape,27,44.16339886361835,42.49720190903469
CSD,XGBoost,medmape,28,45.799427799791644,42.49720190903469
CSD,XGBoost,medmape,29,43.89278494367988,42.49720190903469
CSD,XGBoost,medmape,30,45.071419631148714,42.49720190903469
CSD,XGBoost,medmape,31,42.9302327905241,42.49720190903469
CSD,XGBoost,medmape,32,45.0716351053626,42.49720190903469
CSD,XGBoost,medmape,33,44.20484635253127,42.49720190903469
CSD,XGBoost,medmape,34,44.15771170795179,42.49720190903469
CSD,XGBoost,medmape,35,44.393745700862304,42.49720190903469
CSD,XGBoost,medmape,36,43.758573888355215,42.49720190903469
CSD,XGBoost,medmape,37,44.680878894951974,42.49720190903469
CSD,XGBoost,medmape,38,44.24198810106168,42.49720190903469
CSD,XGBoost,medmape,39,45.23598279218034,42.49720190903469
CSD,XGBoost,medmape,40,47.392380101463125,42.49720190903469
CSD,XGBoost,medmape,41,43.57243258244954,42.49720190903469
CSD,XGBoost,medmape,42,43.873653639232046,42.49720190903469
CSD,XGBoost,medmape,43,44.57379693563099,42.49720190903469
CSD,XGBoost,medmape,44,44.57771697603079,42.49720190903469
CSD,XGBoost,medmape,45,44.45698489536335,42.49720190903469
CSD,XGBoost,medmape,46,52.681170656282205,42.49720190903469
CSD,XGBoost,medmape,47,46.74140253484212,42.49720190903469
CSD,XGBoost,medmape,48,46.224484917965555,42.49720190903469
CSD,XGBoost,medmape,49,44.48600296894177,42.49720190903469
CSD,XGBoost,medmape,50,46.8057130936615,42.49720190903469
CSD,XGBoost,medmape,51,43.926249144741135,42.49720190903469
CSD,XGBoost,medmape,52,44.265700599601836,42.49720190903469
CSD,XGBoost,medmape,53,43.126010069358294,42.49720190903469
CSD,XGBoost,medmape,54,43.7776909883777,42.49720190903469
CSD,XGBoost,medmape,55,44.10544898353295,42.49720190903469
CSD,XGBoost,medmape,56,45.90288033656161,42.49720190903469
CSD,XGBoost,medmape,57,44.71113061376085,42.49720190903469
CSD,XGBoost,medmape,58,46.01013319454575,42.49720190903469
CSD,XGBoost,medmape,59,45.69963333583581,42.49720190903469
CSD,XGBoost,medmape,60,50.47279088098904,42.49720190903469
CSD,XGBoost,medmape,61,44.092753033286655,42.49720190903469
CSD,XGBoost,medmape,62,44.36088829773396,42.49720190903469
CSD,XGBoost,medmape,63,43.97855677851895,42.49720190903469
CSD,XGBoost,medmape,64,43.11282349083971,42.49720190903469
CSD,XGBoost,medmape,65,43.26951221086611,42.49720190903469
CSD,XGBoost,medmape,66,44.30722083933984,42.49720190903469
CSD,XGBoost,medmape,67,46.303872272003225,42.49720190903469
CSD,XGBoost,medmape,68,43.769463891480186,42.49720190903469
CSD,XGBoost,medmape,69,46.4295178713095,42.49720190903469
CSD,XGBoost,medmape,70,43.025435904882244,42.49720190903469
CSD,XGBoost,medmape,71,43.87249709794587,42.49720190903469
CSD,XGBoost,medmape,72,43.93856652576406,42.49720190903469
CSD,XGBoost,medmape,73,44.08302019214142,42.49720190903469
CSD,XGBoost,medmape,74,44.592452821792584,42.49720190903469
CSD,XGBoost,medmape,75,44.92091262232254,42.49720190903469
CSD,XGBoost,medmape,76,44.68150736735733,42.49720190903469
CSD,XGBoost,medmape,77,44.31371670838142,42.49720190903469
CSD,XGBoost,medmape,78,44.31778732254213,42.49720190903469
CSD,XGBoost,medmape,79,44.4541771511549,42.49720190903469
CSD,XGBoost,medmape,80,46.063658474221924,42.49720190903469
CSD,XGBoost,medmape,81,43.93119300156158,42.49720190903469
CSD,XGBoost,medmape,82,43.12430405332208,42.49720190903469
CSD,XGBoost,medmape,83,43.20877540027351,42.49720190903469
CSD,XGBoost,medmape,84,44.477866656775994,42.49720190903469
CSD,XGBoost,medmape,85,43.576149237016054,42.49720190903469
CSD,XGBoost,medmape,86,43.44566469324566,42.49720190903469
CSD,XGBoost,medmape,87,46.638154585384655,42.49720190903469
CSD,XGBoost,medmape,88,43.120879090891755,42.49720190903469
CSD,XGBoost,medmape,89,44.78687287844567,42.49720190903469
CSD,XGBoost,medmape,90,45.003887447937785,42.49720190903469
CSD,XGBoost,medmape,91,43.98428011860371,42.49720190903469
CSD,XGBoost,medmape,92,43.79655589430183,42.49720190903469
CSD,XGBoost,medmape,93,44.892144676230465,42.49720190903469
CSD,XGBoost,medmape,94,45.233784683605656,42.49720190903469
CSD,XGBoost,medmape,95,44.20314910928479,42.49720190903469
CSD,XGBoost,medmape,96,43.74634498051658,42.49720190903469
CSD,XGBoost,medmape,97,44.81014358189033,42.49720190903469
CSD,XGBoost,medmape,98,44.727562767915,42.49720190903469
CSD,XGBoost,medmape,99,43.7804279338462,42.49720190903469
Danskvand,LightGBM,wmape,0,55.03263159078544,55.03263159078544
Danskvand,LightGBM,wmape,1,57.04604149005911,55.03263159078544
Danskvand,LightGBM,wmape,2,31.74481934791833,31.74481934791833
Danskvand,LightGBM,wmape,3,33.84394384344572,31.74481934791833
Danskvand,LightGBM,wmape,4,53.294769200671546,31.74481934791833
Danskvand,LightGBM,wmape,5,60.666164845199326,31.74481934791833
Danskvand,LightGBM,wmape,6,48.740991346184735,31.74481934791833
Danskvand,LightGBM,wmape,7,55.03529541494743,31.74481934791833
Danskvand,LightGBM,wmape,8,59.226374341067725,31.74481934791833
Danskvand,LightGBM,wmape,9,35.88197389856898,31.74481934791833
Danskvand,LightGBM,wmape,10,32.62970914557345,31.74481934791833
Danskvand,LightGBM,wmape,11,32.69497737836501,31.74481934791833
Danskvand,LightGBM,wmape,12,43.72029511064787,31.74481934791833
Danskvand,LightGBM,wmape,13,31.318436864746797,31.318436864746797
Danskvand,LightGBM,wmape,14,42.37527255582922,31.318436864746797
Danskvand,LightGBM,wmape,15,32.683627452797566,31.318436864746797
Danskvand,LightGBM,wmape,16,41.79857689337704,31.318436864746797
Danskvand,LightGBM,wmape,17,39.34696917939948,31.318436864746797
Danskvand,LightGBM,wmape,18,43.04103297823777,31.318436864746797
Danskvand,LightGBM,wmape,19,30.37575474772568,30.37575474772568
Danskvand,LightGBM,wmape,20,30.295510060498785,30.295510060498785
Danskvand,LightGBM,wmape,21,31.680410696320166,30.295510060498785
Danskvand,LightGBM,wmape,22,30.12658254173935,30.12658254173935
Danskvand,LightGBM,wmape,23,29.86228916536749,29.86228916536749
Danskvand,LightGBM,wmape,24,36.471727261563075,29.86228916536749
Danskvand,LightGBM,wmape,25,33.169067325442285,29.86228916536749
Danskvand,LightGBM,wmape,26,33.146597255916596,29.86228916536749
Danskvand,LightGBM,wmape,27,33.87912526958356,29.86228916536749
Danskvand,LightGBM,wmape,28,30.2069329275577,29.86228916536749
Danskvand,LightGBM,wmape,29,43.62037442033781,29.86228916536749
Danskvand,LightGBM,wmape,30,33.109595147453724,29.86228916536749
Danskvand,LightGBM,wmape,31,31.283247986108698,29.86228916536749
Danskvand,LightGBM,wmape,32,34.53955781604112,29.86228916536749
Danskvand,LightGBM,wmape,33,33.18379745117664,29.86228916536749
Danskvand,LightGBM,wmape,34,34.09380056645511,29.86228916536749
Danskvand,LightGBM,wmape,35,32.25711997691574,29.86228916536749
Danskvand,LightGBM,wmape,36,29.847607666994243,29.847607666994243
Danskvand,LightGBM,wmape,37,29.892492392196722,29.847607666994243
Danskvand,LightGBM,wmape,38,34.7701274895195,29.847607666994243
Danskvand,LightGBM,wmape,39,54.006430576084995,29.847607666994243
Danskvand,LightGBM,wmape,40,31.47120942160372,29.847607666994243
Danskvand,LightGBM,wmape,41,29.758109393464434,29.758109393464434
Danskvand,LightGBM,wmape,42,37.98470801366412,29.758109393464434
Danskvand,LightGBM,wmape,43,47.21493537500675,29.758109393464434
Danskvand,LightGBM,wmape,44,32.30267066195512,29.758109393464434
Danskvand,LightGBM,wmape,45,31.923328924142666,29.758109393464434
Danskvand,LightGBM,wmape,46,61.35865613590481,29.758109393464434
Danskvand,LightGBM,wmape,47,60.70202891763601,29.758109393464434
Danskvand,LightGBM,wmape,48,30.37626933422547,29.758109393464434
Danskvand,LightGBM,wmape,49,35.71578765051033,29.758109393464434
Danskvand,LightGBM,wmape,50,47.2351311743835,29.758109393464434
Danskvand,LightGBM,wmape,51,28.840648284634987,28.840648284634987
Danskvand,LightGBM,wmape,52,28.725159956122837,28.725159956122837
Danskvand,LightGBM,wmape,53,28.88694701684991,28.725159956122837
Danskvand,LightGBM,wmape,54,33.54368332958593,28.725159956122837
Danskvand,LightGBM,wmape,55,29.744661520086847,28.725159956122837
Danskvand,LightGBM,wmape,56,30.950985310282096,28.725159956122837
Danskvand,LightGBM,wmape,57,31.20191012388777,28.725159956122837
Danskvand,LightGBM,wmape,58,29.470167354256894,28.725159956122837
Danskvand,LightGBM,wmape,59,30.98235931645955,28.725159956122837
Danskvand,LightGBM,wmape,60,35.29681693343886,28.725159956122837
Danskvand,LightGBM,wmape,61,29.252479798664577,28.725159956122837
Danskvand,LightGBM,wmape,62,29.250343339319905,28.725159956122837
Danskvand,LightGBM,wmape,63,29.14321099548171,28.725159956122837
Danskvand,LightGBM,wmape,64,29.988063706583752,28.725159956122837
Danskvand,LightGBM,wmape,65,30.652998824229154,28.725159956122837
Danskvand,LightGBM,wmape,66,30.339393226282084,28.725159956122837
Danskvand,LightGBM,wmape,67,29.519717438657313,28.725159956122837
Danskvand,LightGBM,wmape,68,32.03013815637955,28.725159956122837
Danskvand,LightGBM,wmape,69,32.45012085514985,28.725159956122837
Danskvand,LightGBM,wmape,70,30.825636428188087,28.725159956122837
Danskvand,LightGBM,wmape,71,29.446050008833506,28.725159956122837
Danskvand,LightGBM,wmape,72,32.418052146527785,28.725159956122837
Danskvand,LightGBM,wmape,73,31.839954786499103,28.725159956122837
Danskvand,LightGBM,wmape,74,30.447103692968817,28.725159956122837
Danskvand,LightGBM,wmape,75,30.201069110236126,28.725159956122837
Danskvand,LightGBM,wmape,76,32.985872386054155,28.725159956122837
Danskvand,LightGBM,wmape,77,35.50750469301636,28.725159956122837
Danskvand,LightGBM,wmape,78,33.01735416022685,28.725159956122837
Danskvand,LightGBM,wmape,79,29.919942674083842,28.725159956122837
Danskvand,LightGBM,wmape,80,28.82823266371645,28.725159956122837
Danskvand,LightGBM,wmape,81,28.66538293174832,28.66538293174832
Danskvand,LightGBM,wmape,82,28.83455987089676,28.66538293174832
Danskvand,LightGBM,wmape,83,29.059496886183677,28.66538293174832
Danskvand,LightGBM,wmape,84,29.994586594814407,28.66538293174832
Danskvand,LightGBM,wmape,85,29.83117813661756,28.66538293174832
Danskvand,LightGBM,wmape,86,28.834532675302093,28.66538293174832
Danskvand,LightGBM,wmape,87,31.05838602463816,28.66538293174832
Danskvand,LightGBM,wmape,88,30.698712337770434,28.66538293174832
Danskvand,LightGBM,wmape,89,29.847327599213507,28.66538293174832
Danskvand,LightGBM,wmape,90,29.460323122558343,28.66538293174832
Danskvand,LightGBM,wmape,91,55.913718362362864,28.66538293174832
Danskvand,LightGBM,wmape,92,28.81832313607177,28.66538293174832
Danskvand,LightGBM,wmape,93,30.037767579501363,28.66538293174832
Danskvand,LightGBM,wmape,94,31.875535754291477,28.66538293174832
Danskvand,LightGBM,wmape,95,29.051175580230346,28.66538293174832
Danskvand,LightGBM,wmape,96,29.401705209573045,28.66538293174832
Danskvand,LightGBM,wmape,97,30.4940310866338,28.66538293174832
Danskvand,LightGBM,wmape,98,32.754995254624006,28.66538293174832
Danskvand,LightGBM,wmape,99,32.25569758380859,28.66538293174832
Danskvand,LightGBM,medmape,0,55.54046792680477,55.54046792680477
Danskvand,LightGBM,medmape,1,62.15000598904827,55.54046792680477
Danskvand,LightGBM,medmape,2,45.487462517851846,45.487462517851846
Danskvand,LightGBM,medmape,3,46.94876504994917,45.487462517851846
Danskvand,LightGBM,medmape,4,57.85877602887354,45.487462517851846
Danskvand,LightGBM,medmape,5,56.257019079873565,45.487462517851846
Danskvand,LightGBM,medmape,6,48.285597960070504,45.487462517851846
Danskvand,LightGBM,medmape,7,57.78435517984768,45.487462517851846
Danskvand,LightGBM,medmape,8,63.583206983136435,45.487462517851846
Danskvand,LightGBM,medmape,9,49.57880103208005,45.487462517851846
Danskvand,LightGBM,medmape,10,44.53587442151067,44.53587442151067
Danskvand,LightGBM,medmape,11,46.44885322231005,44.53587442151067
Danskvand,LightGBM,medmape,12,49.58231603735226,44.53587442151067
Danskvand,LightGBM,medmape,13,44.98747694014054,44.53587442151067
Danskvand,LightGBM,medmape,14,44.22821114016207,44.22821114016207
Danskvand,LightGBM,medmape,15,51.82327479728621,44.22821114016207
Danskvand,LightGBM,medmape,16,50.86401447380709,44.22821114016207
Danskvand,LightGBM,medmape,17,48.183636934657386,44.22821114016207
Danskvand,LightGBM,medmape,18,46.1023451531468,44.22821114016207
Danskvand,LightGBM,medmape,19,46.43541425032714,44.22821114016207
Danskvand,LightGBM,medmape,20,51.44875129015827,44.22821114016207
Danskvand,LightGBM,medmape,21,43.39005316290998,43.39005316290998
Danskvand,LightGBM,medmape,22,46.694563382969235,43.39005316290998
Danskvand,LightGBM,medmape,23,52.6330320871412,43.39005316290998
Danskvand,LightGBM,medmape,24,46.443018471726916,43.39005316290998
Danskvand,LightGBM,medmape,25,50.58624177648841,43.39005316290998
Danskvand,LightGBM,medmape,26,45.4964327658773,43.39005316290998
Danskvand,LightGBM,medmape,27,45.77261485456907,43.39005316290998
Danskvand,LightGBM,medmape,28,46.57356502779366,43.39005316290998
Danskvand,LightGBM,medmape,29,48.02429716128377,43.39005316290998
Danskvand,LightGBM,medmape,30,44.12053947691675,43.39005316290998
Danskvand,LightGBM,medmape,31,41.76648022314953,41.76648022314953
Danskvand,LightGBM,medmape,32,48.04094439012542,41.76648022314953
Danskvand,LightGBM,medmape,33,42.69790392693408,41.76648022314953
Danskvand,LightGBM,medmape,34,46.04779129740952,41.76648022314953
Danskvand,LightGBM,medmape,35,43.82309511670135,41.76648022314953
Danskvand,LightGBM,medmape,36,42.70312009023088,41.76648022314953
Danskvand,LightGBM,medmape,37,43.6875009364489,41.76648022314953
Danskvand,LightGBM,medmape,38,50.982457032395246,41.76648022314953
Danskvand,LightGBM,medmape,39,43.322670291071375,41.76648022314953
Danskvand,LightGBM,medmape,40,43.5011463523601,41.76648022314953
Danskvand,LightGBM,medmape,41,43.713839814425164,41.76648022314953
Danskvand,LightGBM,medmape,42,41.25374098994409,41.25374098994409
Danskvand,LightGBM,medmape,43,43.623019971342266,41.25374098994409
Danskvand,LightGBM,medmape,44,40.74041457140309,40.74041457140309
Danskvand,LightGBM,medmape,45,38.484683588955534,38.484683588955534
Danskvand,LightGBM,medmape,46,52.55763229384367,38.484683588955534
Danskvand,LightGBM,medmape,47,69.05438378750614,38.484683588955534
Danskvand,LightGBM,medmape,48,51.05217319467614,38.484683588955534
Danskvand,LightGBM,medmape,49,40.8893330621113,38.484683588955534
Danskvand,LightGBM,medmape,50,39.00759162257657,38.484683588955534
Danskvand,LightGBM,medmape,51,42.71533071128422,38.484683588955534
Danskvand,LightGBM,medmape,52,41.83092567358404,38.484683588955534
Danskvand,LightGBM,medmape,53,40.907105330253756,38.484683588955534
Danskvand,LightGBM,medmape,54,42.13578884696077,38.484683588955534
Danskvand,LightGBM,medmape,55,38.22084789733261,38.22084789733261
Danskvand,LightGBM,medmape,56,43.24448845173855,38.22084789733261
Danskvand,LightGBM,medmape,57,41.67446024388823,38.22084789733261
Danskvand,LightGBM,medmape,58,43.7540315576383,38.22084789733261
Danskvand,LightGBM,medmape,59,40.21197181929271,38.22084789733261
Danskvand,LightGBM,medmape,60,41.458834459930934,38.22084789733261
Danskvand,LightGBM,medmape,61,44.05971345685479,38.22084789733261
Danskvand,LightGBM,medmape,62,38.194474850964156,38.194474850964156
Danskvand,LightGBM,medmape,63,37.95009006900874,37.95009006900874
Danskvand,LightGBM,medmape,64,39.810252782870904,37.95009006900874
Danskvand,LightGBM,medmape,65,38.33103643118786,37.95009006900874
Danskvand,LightGBM,medmape,66,38.87559275078832,37.95009006900874
Danskvand,LightGBM,medmape,67,42.59752529537521,37.95009006900874
Danskvand,LightGBM,medmape,68,43.21031190400115,37.95009006900874
Danskvand,LightGBM,medmape,69,38.33441256012159,37.95009006900874
Danskvand,LightGBM,medmape,70,44.12864562198174,37.95009006900874
Danskvand,LightGBM,medmape,71,36.97418821779052,36.97418821779052
Danskvand,LightGBM,medmape,72,43.47374107545784,36.97418821779052
Danskvand,LightGBM,medmape,73,39.34009710738491,36.97418821779052
Danskvand,LightGBM,medmape,74,44.59796137609687,36.97418821779052
Danskvand,LightGBM,medmape,75,40.16000965878961,36.97418821779052
Danskvand,LightGBM,medmape,76,45.35618100493358,36.97418821779052
Danskvand,LightGBM,medmape,77,40.90956722864404,36.97418821779052
Danskvand,LightGBM,medmape,78,43.06348540049449,36.97418821779052
Danskvand,LightGBM,medmape,79,38.74955213477779,36.97418821779052
Danskvand,LightGBM,medmape,80,43.664149456440015,36.97418821779052
Danskvand,LightGBM,medmape,81,38.36642673451359,36.97418821779052
Danskvand,LightGBM,medmape,82,37.89070430123414,36.97418821779052
Danskvand,LightGBM,medmape,83,38.62236500703481,36.97418821779052
Danskvand,LightGBM,medmape,84,44.789099053045774,36.97418821779052
Danskvand,LightGBM,medmape,85,48.46781501737903,36.97418821779052
Danskvand,LightGBM,medmape,86,42.10144759947112,36.97418821779052
Danskvand,LightGBM,medmape,87,44.69633172809844,36.97418821779052
Danskvand,LightGBM,medmape,88,42.844523378628956,36.97418821779052
Danskvand,LightGBM,medmape,89,38.1045351892666,36.97418821779052
Danskvand,LightGBM,medmape,90,43.537746824325346,36.97418821779052
Danskvand,LightGBM,medmape,91,38.83470524699852,36.97418821779052
Danskvand,LightGBM,medmape,92,41.01072036659566,36.97418821779052
Danskvand,LightGBM,medmape,93,37.91971141411892,36.97418821779052
Danskvand,LightGBM,medmape,94,37.73851583668114,36.97418821779052
Danskvand,LightGBM,medmape,95,40.793118259773365,36.97418821779052
Danskvand,LightGBM,medmape,96,41.35124542036445,36.97418821779052
Danskvand,LightGBM,medmape,97,41.46218149340781,36.97418821779052
Danskvand,LightGBM,medmape,98,43.98898999020919,36.97418821779052
Danskvand,LightGBM,medmape,99,38.78637471153712,36.97418821779052
Danskvand,XGBoost,wmape,0,31.568919360909113,31.568919360909113
Danskvand,XGBoost,wmape,1,33.147422679988495,31.568919360909113
Danskvand,XGBoost,wmape,2,30.498483592176868,30.498483592176868
Danskvand,XGBoost,wmape,3,28.540108283537883,28.540108283537883
Danskvand,XGBoost,wmape,4,31.71341520957621,28.540108283537883
Danskvand,XGBoost,wmape,5,31.666430350923065,28.540108283537883
Danskvand,XGBoost,wmape,6,28.817969551851334,28.540108283537883
Danskvand,XGBoost,wmape,7,30.064655015501298,28.540108283537883
Danskvand,XGBoost,wmape,8,31.98733852058509,28.540108283537883
Danskvand,XGBoost,wmape,9,26.930421994285535,26.930421994285535
Danskvand,XGBoost,wmape,10,27.80479936822376,26.930421994285535
Danskvand,XGBoost,wmape,11,29.010462668784328,26.930421994285535
Danskvand,XGBoost,wmape,12,28.907494847135247,26.930421994285535
Danskvand,XGBoost,wmape,13,27.445875029011347,26.930421994285535
Danskvand,XGBoost,wmape,14,28.780146639703617,26.930421994285535
Danskvand,XGBoost,wmape,15,27.819989041786144,26.930421994285535
Danskvand,XGBoost,wmape,16,28.66988651172126,26.930421994285535
Danskvand,XGBoost,wmape,17,29.08629082536108,26.930421994285535
Danskvand,XGBoost,wmape,18,29.487823910119715,26.930421994285535
Danskvand,XGBoost,wmape,19,28.68466675323105,26.930421994285535
Danskvand,XGBoost,wmape,20,29.36556673981489,26.930421994285535
Danskvand,XGBoost,wmape,21,27.980125272802237,26.930421994285535
Danskvand,XGBoost,wmape,22,27.54389909733034,26.930421994285535
Danskvand,XGBoost,wmape,23,27.425250225038063,26.930421994285535
Danskvand,XGBoost,wmape,24,27.940785908142335,26.930421994285535
Danskvand,XGBoost,wmape,25,27.401896427541427,26.930421994285535
Danskvand,XGBoost,wmape,26,30.08600929962059,26.930421994285535
Danskvand,XGBoost,wmape,27,28.37828342556769,26.930421994285535
Danskvand,XGBoost,wmape,28,30.9760503178473,26.930421994285535
Danskvand,XGBoost,wmape,29,30.078188338603788,26.930421994285535
Danskvand,XGBoost,wmape,30,30.781478665700984,26.930421994285535
Danskvand,XGBoost,wmape,31,28.243157082997087,26.930421994285535
Danskvand,XGBoost,wmape,32,28.01856649366886,26.930421994285535
Danskvand,XGBoost,wmape,33,30.256695280542292,26.930421994285535
Danskvand,XGBoost,wmape,34,27.966023302472415,26.930421994285535
Danskvand,XGBoost,wmape,35,27.786060265877616,26.930421994285535
Danskvand,XGBoost,wmape,36,26.594945678799547,26.594945678799547
Danskvand,XGBoost,wmape,37,28.16385188513939,26.594945678799547
Danskvand,XGBoost,wmape,38,28.117147806254895,26.594945678799547
Danskvand,XGBoost,wmape,39,30.277476769618875,26.594945678799547
Danskvand,XGBoost,wmape,40,30.312170966640288,26.594945678799547
Danskvand,XGBoost,wmape,41,28.669827966707786,26.594945678799547
Danskvand,XGBoost,wmape,42,28.397443664000548,26.594945678799547
Danskvand,XGBoost,wmape,43,27.172422425148206,26.594945678799547
Danskvand,XGBoost,wmape,44,35.36368556203452,26.594945678799547
Danskvand,XGBoost,wmape,45,28.005355578770512,26.594945678799547
Danskvand,XGBoost,wmape,46,31.30631779742481,26.594945678799547
Danskvand,XGBoost,wmape,47,30.585582376710065,26.594945678799547
Danskvand,XGBoost,wmape,48,28.846034775916223,26.594945678799547
Danskvand,XGBoost,wmape,49,29.09020221665957,26.594945678799547
Danskvand,XGBoost,wmape,50,33.81887457790703,26.594945678799547
Danskvand,XGBoost,wmape,51,28.441630242157974,26.594945678799547
Danskvand,XGBoost,wmape,52,28.078480662418798,26.594945678799547
Danskvand,XGBoost,wmape,53,27.73416600740716,26.594945678799547
Danskvand,XGBoost,wmape,54,26.492486287307297,26.492486287307297
Danskvand,XGBoost,wmape,55,26.822104081041353,26.492486287307297
Danskvand,XGBoost,wmape,56,27.749752399703418,26.492486287307297
Danskvand,XGBoost,wmape,57,27.367671224330223,26.492486287307297
Danskvand,XGBoost,wmape,58,28.401699379737913,26.492486287307297
Danskvand,XGBoost,wmape,59,27.63045840206547,26.492486287307297
Danskvand,XGBoost,wmape,60,28.831533553388937,26.492486287307297
Danskvand,XGBoost,wmape,61,28.817687088419287,26.492486287307297
Danskvand,XGBoost,wmape,62,26.789355512794547,26.492486287307297
Danskvand,XGBoost,wmape,63,26.987933952482067,26.492486287307297
Danskvand,XGBoost,wmape,64,26.905781137123,26.492486287307297
Danskvand,XGBoost,wmape,65,26.420691670663366,26.420691670663366
Danskvand,XGBoost,wmape,66,26.979465887285357,26.420691670663366
Danskvand,XGBoost,wmape,67,27.203273262910674,26.420691670663366
Danskvand,XGBoost,wmape,68,26.717063399557578,26.420691670663366
Danskvand,XGBoost,wmape,69,26.189399034247288,26.189399034247288
Danskvand,XGBoost,wmape,70,27.149700648437364,26.189399034247288
Danskvand,XGBoost,wmape,71,26.04619739276503,26.04619739276503
Danskvand,XGBoost,wmape,72,26.04541133742054,26.04541133742054
Danskvand,XGBoost,wmape,73,27.591319974144202,26.04541133742054
Danskvand,XGBoost,wmape,74,26.755256456029098,26.04541133742054
Danskvand,XGBoost,wmape,75,27.112072331424542,26.04541133742054
Danskvand,XGBoost,wmape,76,26.93640068752417,26.04541133742054
Danskvand,XGBoost,wmape,77,27.205553191465732,26.04541133742054
Danskvand,XGBoost,wmape,78,26.70158049769079,26.04541133742054
Danskvand,XGBoost,wmape,79,27.627143483237635,26.04541133742054
Danskvand,XGBoost,wmape,80,26.412840239629944,26.04541133742054
Danskvand,XGBoost,wmape,81,25.832381893154285,25.832381893154285
Danskvand,XGBoost,wmape,82,27.687573795624026,25.832381893154285
Danskvand,XGBoost,wmape,83,26.605232086526556,25.832381893154285
Danskvand,XGBoost,wmape,84,26.151823249967517,25.832381893154285
Danskvand,XGBoost,wmape,85,25.90464225320847,25.832381893154285
Danskvand,XGBoost,wmape,86,26.876196055530613,25.832381893154285
Danskvand,XGBoost,wmape,87,27.55660944001129,25.832381893154285
Danskvand,XGBoost,wmape,88,27.506241766232975,25.832381893154285
Danskvand,XGBoost,wmape,89,27.354797737529665,25.832381893154285
Danskvand,XGBoost,wmape,90,27.797129957346314,25.832381893154285
Danskvand,XGBoost,wmape,91,30.304394876872173,25.832381893154285
Danskvand,XGBoost,wmape,92,27.4614688342786,25.832381893154285
Danskvand,XGBoost,wmape,93,27.558107395918118,25.832381893154285
Danskvand,XGBoost,wmape,94,25.69776653816895,25.69776653816895
Danskvand,XGBoost,wmape,95,27.133935895256762,25.69776653816895
Danskvand,XGBoost,wmape,96,26.82265372627625,25.69776653816895
Danskvand,XGBoost,wmape,97,26.359904826183886,25.69776653816895
Danskvand,XGBoost,wmape,98,27.5820158501543,25.69776653816895
Danskvand,XGBoost,wmape,99,28.887217204045097,25.69776653816895
Danskvand,XGBoost,medmape,0,43.370842676292824,43.370842676292824
Danskvand,XGBoost,medmape,1,45.92538001038459,43.370842676292824
Danskvand,XGBoost,medmape,2,39.81097288353875,39.81097288353875
Danskvand,XGBoost,medmape,3,37.95505488004678,37.95505488004678
Danskvand,XGBoost,medmape,4,43.94356739356194,37.95505488004678
Danskvand,XGBoost,medmape,5,45.7984966094934,37.95505488004678
Danskvand,XGBoost,medmape,6,39.3796074159734,37.95505488004678
Danskvand,XGBoost,medmape,7,41.95126738482582,37.95505488004678
Danskvand,XGBoost,medmape,8,41.09791995662733,37.95505488004678
Danskvand,XGBoost,medmape,9,42.34431080556493,37.95505488004678
Danskvand,XGBoost,medmape,10,41.89092013140703,37.95505488004678
Danskvand,XGBoost,medmape,11,38.78655204803293,37.95505488004678
Danskvand,XGBoost,medmape,12,41.291887158643476,37.95505488004678
Danskvand,XGBoost,medmape,13,39.52225130132406,37.95505488004678
Danskvand,XGBoost,medmape,14,39.79929780110516,37.95505488004678
Danskvand,XGBoost,medmape,15,37.81610714776089,37.81610714776089
Danskvand,XGBoost,medmape,16,38.10530889793839,37.81610714776089
Danskvand,XGBoost,medmape,17,38.22494530158822,37.81610714776089
Danskvand,XGBoost,medmape,18,39.01073044434401,37.81610714776089
Danskvand,XGBoost,medmape,19,39.064241931632814,37.81610714776089
Danskvand,XGBoost,medmape,20,37.91464234646498,37.81610714776089
Danskvand,XGBoost,medmape,21,40.406437662484876,37.81610714776089
Danskvand,XGBoost,medmape,22,42.99764135546347,37.81610714776089
Danskvand,XGBoost,medmape,23,42.90502026605364,37.81610714776089
Danskvand,XGBoost,medmape,24,38.00461625878936,37.81610714776089
Danskvand,XGBoost,medmape,25,41.62857899999645,37.81610714776089
Danskvand,XGBoost,medmape,26,39.1337196001801,37.81610714776089
Danskvand,XGBoost,medmape,27,44.49181549845255,37.81610714776089
Danskvand,XGBoost,medmape,28,39.63660541753432,37.81610714776089
Danskvand,XGBoost,medmape,29,46.83655806918138,37.81610714776089
Danskvand,XGBoost,medmape,30,40.04900178875273,37.81610714776089
Danskvand,XGBoost,medmape,31,40.058065294748545,37.81610714776089
Danskvand,XGBoost,medmape,32,40.251965019170804,37.81610714776089
Danskvand,XGBoost,medmape,33,40.27853068852837,37.81610714776089
Danskvand,XGBoost,medmape,34,39.08804538574285,37.81610714776089
Danskvand,XGBoost,medmape,35,41.493083154017356,37.81610714776089
Danskvand,XGBoost,medmape,36,45.65895070668267,37.81610714776089
Danskvand,XGBoost,medmape,37,38.03464396879966,37.81610714776089
Danskvand,XGBoost,medmape,38,40.0365205561975,37.81610714776089
Danskvand,XGBoost,medmape,39,37.238752781444354,37.238752781444354
Danskvand,XGBoost,medmape,40,40.10264670957241,37.238752781444354
Danskvand,XGBoost,medmape,41,39.6990328886375,37.238752781444354
Danskvand,XGBoost,medmape,42,43.47481280633032,37.238752781444354
Danskvand,XGBoost,medmape,43,41.40544610401491,37.238752781444354
Danskvand,XGBoost,medmape,44,41.066379223434026,37.238752781444354
Danskvand,XGBoost,medmape,45,40.29550510990318,37.238752781444354
Danskvand,XGBoost,medmape,46,38.9131209177998,37.238752781444354
Danskvand,XGBoost,medmape,47,41.920037882291005,37.238752781444354
Danskvand,XGBoost,medmape,48,39.139141989230936,37.238752781444354
Danskvand,XGBoost,medmape,49,46.66688772448501,37.238752781444354
Danskvand,XGBoost,medmape,50,39.84925450149385,37.238752781444354
Danskvand,XGBoost,medmape,51,38.24002686004019,37.238752781444354
Danskvand,XGBoost,medmape,52,39.280578600997856,37.238752781444354
Danskvand,XGBoost,medmape,53,36.6472465358012,36.6472465358012
Danskvand,XGBoost,medmape,54,37.22399677284271,36.6472465358012
Danskvand,XGBoost,medmape,55,38.30421716413824,36.6472465358012
Danskvand,XGBoost,medmape,56,37.951046978868746,36.6472465358012
Danskvand,XGBoost,medmape,57,37.92259594249346,36.6472465358012
Danskvand,XGBoost,medmape,58,34.95733039962302,34.95733039962302
Danskvand,XGBoost,medmape,59,38.877050689666376,34.95733039962302
Danskvand,XGBoost,medmape,60,38.523226856341786,34.95733039962302
Danskvand,XGBoost,medmape,61,37.503897833847105,34.95733039962302
Danskvand,XGBoost,medmape,62,38.93513293019487,34.95733039962302
Danskvand,XGBoost,medmape,63,38.40690651824511,34.95733039962302
Danskvand,XGBoost,medmape,64,39.164256743158035,34.95733039962302
Danskvand,XGBoost,medmape,65,39.189969569334735,34.95733039962302
Danskvand,XGBoost,medmape,66,38.70162146297018,34.95733039962302
Danskvand,XGBoost,medmape,67,42.32990998946576,34.95733039962302
Danskvand,XGBoost,medmape,68,38.20251367615417,34.95733039962302
Danskvand,XGBoost,medmape,69,37.2897650025769,34.95733039962302
Danskvand,XGBoost,medmape,70,37.656759873154414,34.95733039962302
Danskvand,XGBoost,medmape,71,38.47545046421598,34.95733039962302
Danskvand,XGBoost,medmape,72,40.78426031301647,34.95733039962302
Danskvand,XGBoost,medmape,73,37.69586417509837,34.95733039962302
Danskvand,XGBoost,medmape,74,39.69255541802023,34.95733039962302
Danskvand,XGBoost,medmape,75,37.843732342723364,34.95733039962302
Danskvand,XGBoost,medmape,76,38.644493643632,34.95733039962302
Danskvand,XGBoost,medmape,77,38.50109136525924,34.95733039962302
Danskvand,XGBoost,medmape,78,36.43445488187684,34.95733039962302
Danskvand,XGBoost,medmape,79,38.97239027899143,34.95733039962302
Danskvand,XGBoost,medmape,80,40.18669297461176,34.95733039962302
Danskvand,XGBoost,medmape,81,38.05727393498934,34.95733039962302
Danskvand,XGBoost,medmape,82,39.1699491828093,34.95733039962302
Danskvand,XGBoost,medmape,83,40.58403087011396,34.95733039962302
Danskvand,XGBoost,medmape,84,38.76275615494855,34.95733039962302
Danskvand,XGBoost,medmape,85,38.56610424696392,34.95733039962302
Danskvand,XGBoost,medmape,86,38.99565602422199,34.95733039962302
Danskvand,XGBoost,medmape,87,38.740947144668056,34.95733039962302
Danskvand,XGBoost,medmape,88,38.587748364550194,34.95733039962302
Danskvand,XGBoost,medmape,89,37.842155031271304,34.95733039962302
Danskvand,XGBoost,medmape,90,39.55561387385899,34.95733039962302
Danskvand,XGBoost,medmape,91,35.75759066644393,34.95733039962302
Danskvand,XGBoost,medmape,92,37.649210418595096,34.95733039962302
Danskvand,XGBoost,medmape,93,35.09525667955536,34.95733039962302
Danskvand,XGBoost,medmape,94,37.10969994531259,34.95733039962302
Danskvand,XGBoost,medmape,95,37.11124464930411,34.95733039962302
Danskvand,XGBoost,medmape,96,40.44640629161739,34.95733039962302
Danskvand,XGBoost,medmape,97,37.66826258534441,34.95733039962302
Danskvand,XGBoost,medmape,98,37.59482252834219,34.95733039962302
Danskvand,XGBoost,medmape,99,38.95241076945966,34.95733039962302
Energidrikke,LightGBM,wmape,0,25.42233465692479,25.42233465692479
Energidrikke,LightGBM,wmape,1,32.74887171617718,25.42233465692479
Energidrikke,LightGBM,wmape,2,14.72319023563335,14.72319023563335
Energidrikke,LightGBM,wmape,3,14.382188420461738,14.382188420461738
Energidrikke,LightGBM,wmape,4,21.402159656811055,14.382188420461738
Energidrikke,LightGBM,wmape,5,48.65987581840072,14.382188420461738
Energidrikke,LightGBM,wmape,6,19.96919237421124,14.382188420461738
Energidrikke,LightGBM,wmape,7,31.12974772543002,14.382188420461738
Energidrikke,LightGBM,wmape,8,39.0140948691534,14.382188420461738
Energidrikke,LightGBM,wmape,9,15.341819504824574,14.382188420461738
Energidrikke,LightGBM,wmape,10,12.214724016680336,12.214724016680336
Energidrikke,LightGBM,wmape,11,12.64349363931712,12.214724016680336
Energidrikke,LightGBM,wmape,12,12.460741768297495,12.214724016680336
Energidrikke,LightGBM,wmape,13,12.644623301312054,12.214724016680336
Energidrikke,LightGBM,wmape,14,14.56570986617065,12.214724016680336
Energidrikke,LightGBM,wmape,15,15.105768468075507,12.214724016680336
Energidrikke,LightGBM,wmape,16,14.079029110188547,12.214724016680336
Energidrikke,LightGBM,wmape,17,14.668823671319343,12.214724016680336
Energidrikke,LightGBM,wmape,18,13.480319728089068,12.214724016680336
Energidrikke,LightGBM,wmape,19,14.447604200245554,12.214724016680336
Energidrikke,LightGBM,wmape,20,15.328546668280822,12.214724016680336
Energidrikke,LightGBM,wmape,21,12.765197540799367,12.214724016680336
Energidrikke,LightGBM,wmape,22,12.12135550132157,12.12135550132157
Energidrikke,LightGBM,wmape,23,14.007371494469751,12.12135550132157
Energidrikke,LightGBM,wmape,24,14.318250747044974,12.12135550132157
Energidrikke,LightGBM,wmape,25,11.462866913374615,11.462866913374615
Energidrikke,LightGBM,wmape,26,16.212856189290065,11.462866913374615
Energidrikke,LightGBM,wmape,27,15.31737754098384,11.462866913374615
Energidrikke,LightGBM,wmape,28,14.008626092149383,11.462866913374615
Energidrikke,LightGBM,wmape,29,14.05795742689331,11.462866913374615
Energidrikke,LightGBM,wmape,30,13.72316980563004,11.462866913374615
Energidrikke,LightGBM,wmape,31,13.12049989582509,11.462866913374615
Energidrikke,LightGBM,wmape,32,11.973781218712634,11.462866913374615
Energidrikke,LightGBM,wmape,33,14.482571006426864,11.462866913374615
Energidrikke,LightGBM,wmape,34,15.14365926883822,11.462866913374615
Energidrikke,LightGBM,wmape,35,14.435374406737893,11.462866913374615
Energidrikke,LightGBM,wmape,36,15.210302930081873,11.462866913374615
Energidrikke,LightGBM,wmape,37,13.493271472396046,11.462866913374615
Energidrikke,LightGBM,wmape,38,11.60377715411955,11.462866913374615
Energidrikke,LightGBM,wmape,39,14.608079599546192,11.462866913374615
Energidrikke,LightGBM,wmape,40,15.408618051121007,11.462866913374615
Energidrikke,LightGBM,wmape,41,13.646531869004509,11.462866913374615
Energidrikke,LightGBM,wmape,42,11.748118657773851,11.462866913374615
Energidrikke,LightGBM,wmape,43,11.569526513618277,11.462866913374615
Energidrikke,LightGBM,wmape,44,15.057819522555015,11.462866913374615
Energidrikke,LightGBM,wmape,45,36.41157574098959,11.462866913374615
Energidrikke,LightGBM,wmape,46,42.51877362769788,11.462866913374615
Energidrikke,LightGBM,wmape,47,34.65276694563824,11.462866913374615
Energidrikke,LightGBM,wmape,48,14.753859196195338,11.462866913374615
Energidrikke,LightGBM,wmape,49,13.968078908479061,11.462866913374615
Energidrikke,LightGBM,wmape,50,12.35218078486476,11.462866913374615
Energidrikke,LightGBM,wmape,51,12.042927097310582,11.462866913374615
Energidrikke,LightGBM,wmape,52,14.676730932754552,11.462866913374615
Energidrikke,LightGBM,wmape,53,13.295862733856813,11.462866913374615
Energidrikke,LightGBM,wmape,54,14.721917780630156,11.462866913374615
Energidrikke,LightGBM,wmape,55,11.751037247110833,11.462866913374615
Energidrikke,LightGBM,wmape,56,14.083980018960206,11.462866913374615
Energidrikke,LightGBM,wmape,57,12.096283583248173,11.462866913374615
Energidrikke,LightGBM,wmape,58,15.195810895044506,11.462866913374615
Energidrikke,LightGBM,wmape,59,14.137512123233616,11.462866913374615
Energidrikke,LightGBM,wmape,60,14.26897833207963,11.462866913374615
Energidrikke,LightGBM,wmape,61,11.843542689595104,11.462866913374615
Energidrikke,LightGBM,wmape,62,13.608372212656183,11.462866913374615
Energidrikke,LightGBM,wmape,63,11.549087160039758,11.462866913374615
Energidrikke,LightGBM,wmape,64,14.963219917863857,11.462866913374615
Energidrikke,LightGBM,wmape,65,14.372581061537414,11.462866913374615
Energidrikke,LightGBM,wmape,66,14.579461224706787,11.462866913374615
Energidrikke,LightGBM,wmape,67,11.588223094654243,11.462866913374615
Energidrikke,LightGBM,wmape,68,15.560923085822568,11.462866913374615
Energidrikke,LightGBM,wmape,69,13.992897721918151,11.462866913374615
Energidrikke,LightGBM,wmape,70,14.903452521943073,11.462866913374615
Energidrikke,LightGBM,wmape,71,11.980725372881308,11.462866913374615
Energidrikke,LightGBM,wmape,72,12.36091496628179,11.462866913374615
Energidrikke,LightGBM,wmape,73,11.777794932823134,11.462866913374615
Energidrikke,LightGBM,wmape,74,13.795174148681616,11.462866913374615
Energidrikke,LightGBM,wmape,75,13.947901840971257,11.462866913374615
Energidrikke,LightGBM,wmape,76,13.542822441912943,11.462866913374615
Energidrikke,LightGBM,wmape,77,14.627462800596847,11.462866913374615
Energidrikke,LightGBM,wmape,78,14.280065394084458,11.462866913374615
Energidrikke,LightGBM,wmape,79,12.247289840311284,11.462866913374615
Energidrikke,LightGBM,wmape,80,14.948146666934159,11.462866913374615
Energidrikke,LightGBM,wmape,81,11.555025249046063,11.462866913374615
Energidrikke,LightGBM,wmape,82,11.69048367210011,11.462866913374615
Energidrikke,LightGBM,wmape,83,14.02652590970072,11.462866913374615
Energidrikke,LightGBM,wmape,84,13.857150367462365,11.462866913374615
Energidrikke,LightGBM,wmape,85,12.696666070627693,11.462866913374615
Energidrikke,LightGBM,wmape,86,14.146731822433958,11.462866913374615
Energidrikke,LightGBM,wmape,87,11.677013062751522,11.462866913374615
Energidrikke,LightGBM,wmape,88,14.001042080830743,11.462866913374615
Energidrikke,LightGBM,wmape,89,21.754054465068727,11.462866913374615
Energidrikke,LightGBM,wmape,90,12.522727381373835,11.462866913374615
Energidrikke,LightGBM,wmape,91,11.642449757539742,11.462866913374615
Energidrikke,LightGBM,wmape,92,12.39562281925454,11.462866913374615
Energidrikke,LightGBM,wmape,93,14.11263509883375,11.462866913374615
Energidrikke,LightGBM,wmape,94,11.837262347739316,11.462866913374615
Energidrikke,LightGBM,wmape,95,14.731044974103753,11.462866913374615
Energidrikke,LightGBM,wmape,96,14.340919987027274,11.462866913374615
Energidrikke,LightGBM,wmape,97,14.180281018913377,11.462866913374615
Energidrikke,LightGBM,wmape,98,14.137958714177561,11.462866913374615
Energidrikke,LightGBM,wmape,99,12.019423631966268,11.462866913374615
Energidrikke,LightGBM,medmape,0,61.864969093493414,61.864969093493414
Energidrikke,LightGBM,medmape,1,61.3560592202175,61.3560592202175
Energidrikke,LightGBM,medmape,2,52.45919358429113,52.45919358429113
Energidrikke,LightGBM,medmape,3,52.335607487307044,52.335607487307044
Energidrikke,LightGBM,medmape,4,59.66340816490671,52.335607487307044
Energidrikke,LightGBM,medmape,5,63.51217820252009,52.335607487307044
Energidrikke,LightGBM,medmape,6,51.57427057124662,51.57427057124662
Energidrikke,LightGBM,medmape,7,64.6223079674516,51.57427057124662
Energidrikke,LightGBM,medmape,8,63.21768075960243,51.57427057124662
Energidrikke,LightGBM,medmape,9,53.594872021210534,51.57427057124662
Energidrikke,LightGBM,medmape,10,57.56331552757142,51.57427057124662
Energidrikke,LightGBM,medmape,11,46.195633629175795,46.195633629175795
Energidrikke,LightGBM,medmape,12,45.8068676514997,45.8068676514997
Energidrikke,LightGBM,medmape,13,45.903948500982324,45.8068676514997
Energidrikke,LightGBM,medmape,14,49.50728632079695,45.8068676514997
Energidrikke,LightGBM,medmape,15,47.80929646658952,45.8068676514997
Energidrikke,LightGBM,medmape,16,52.2155102064153,45.8068676514997
Energidrikke,LightGBM,medmape,17,56.72780338012771,45.8068676514997
Energidrikke,LightGBM,medmape,18,45.04071918021472,45.04071918021472
Energidrikke,LightGBM,medmape,19,52.31026311155067,45.04071918021472
Energidrikke,LightGBM,medmape,20,49.7783860773593,45.04071918021472
Energidrikke,LightGBM,medmape,21,46.9587740317509,45.04071918021472
Energidrikke,LightGBM,medmape,22,49.825888653109686,45.04071918021472
Energidrikke,LightGBM,medmape,23,48.47405115099353,45.04071918021472
Energidrikke,LightGBM,medmape,24,49.80558507467953,45.04071918021472
Energidrikke,LightGBM,medmape,25,47.14483785890759,45.04071918021472
Energidrikke,LightGBM,medmape,26,48.82894359176898,45.04071918021472
Energidrikke,LightGBM,medmape,27,53.1615008023368,45.04071918021472
Energidrikke,LightGBM,medmape,28,45.7066789636971,45.04071918021472
Energidrikke,LightGBM,medmape,29,48.52509741626112,45.04071918021472
Energidrikke,LightGBM,medmape,30,47.49886711114004,45.04071918021472
Energidrikke,LightGBM,medmape,31,50.021020221862514,45.04071918021472
Energidrikke,LightGBM,medmape,32,47.289325730642275,45.04071918021472
Energidrikke,LightGBM,medmape,33,46.98475633261272,45.04071918021472
Energidrikke,LightGBM,medmape,34,51.818181864424425,45.04071918021472
Energidrikke,LightGBM,medmape,35,49.58358463279483,45.04071918021472
Energidrikke,LightGBM,medmape,36,52.244628687641935,45.04071918021472
Energidrikke,LightGBM,medmape,37,49.257588982412294,45.04071918021472
Energidrikke,LightGBM,medmape,38,47.63479954939969,45.04071918021472
Energidrikke,LightGBM,medmape,39,51.997059691040356,45.04071918021472
Energidrikke,LightGBM,medmape,40,51.33495212229778,45.04071918021472
Energidrikke,LightGBM,medmape,41,46.660332394246026,45.04071918021472
Energidrikke,LightGBM,medmape,42,49.30013962595428,45.04071918021472
Energidrikke,LightGBM,medmape,43,47.7037893086125,45.04071918021472
Energidrikke,LightGBM,medmape,44,47.49531579585392,45.04071918021472
Energidrikke,LightGBM,medmape,45,50.0979458031209,45.04071918021472
Energidrikke,LightGBM,medmape,46,67.27346766534211,45.04071918021472
Energidrikke,LightGBM,medmape,47,62.525374695757854,45.04071918021472
Energidrikke,LightGBM,medmape,48,47.714161491115625,45.04071918021472
Energidrikke,LightGBM,medmape,49,46.44337083120515,45.04071918021472
Energidrikke,LightGBM,medmape,50,51.055824070770264,45.04071918021472
Energidrikke,LightGBM,medmape,51,44.543270527220834,44.543270527220834
Energidrikke,LightGBM,medmape,52,47.24892543996458,44.543270527220834
Energidrikke,LightGBM,medmape,53,45.979648343527316,44.543270527220834
Energidrikke,LightGBM,medmape,54,47.75522325941224,44.543270527220834
Energidrikke,LightGBM,medmape,55,45.31198201302816,44.543270527220834
Energidrikke,LightGBM,medmape,56,46.41863659523863,44.543270527220834
Energidrikke,LightGBM,medmape,57,49.94466636870617,44.543270527220834
Energidrikke,LightGBM,medmape,58,46.55023606173179,44.543270527220834
Energidrikke,LightGBM,medmape,59,49.79701381021113,44.543270527220834
Energidrikke,LightGBM,medmape,60,51.27906355100719,44.543270527220834
Energidrikke,LightGBM,medmape,61,44.258654812370246,44.258654812370246
Energidrikke,LightGBM,medmape,62,46.50008154713034,44.258654812370246
Energidrikke,LightGBM,medmape,63,47.3906480293473,44.258654812370246
Energidrikke,LightGBM,medmape,64,45.8525953757441,44.258654812370246
Energidrikke,LightGBM,medmape,65,46.111413257025696,44.258654812370246
Energidrikke,LightGBM,medmape,66,48.51125421775018,44.258654812370246
Energidrikke,LightGBM,medmape,67,48.98822967395699,44.258654812370246
Energidrikke,LightGBM,medmape,68,50.554844347822076,44.258654812370246
Energidrikke,LightGBM,medmape,69,45.436916196436556,44.258654812370246
Energidrikke,LightGBM,medmape,70,45.85184825159404,44.258654812370246
Energidrikke,LightGBM,medmape,71,45.89753458552645,44.258654812370246
Energidrikke,LightGBM,medmape,72,51.07539491170079,44.258654812370246
Energidrikke,LightGBM,medmape,73,51.85064091921637,44.258654812370246
Energidrikke,LightGBM,medmape,74,55.249071236230996,44.258654812370246
Energidrikke,LightGBM,medmape,75,51.83531382030531,44.258654812370246
Energidrikke,LightGBM,medmape,76,45.37540227335318,44.258654812370246
Energidrikke,LightGBM,medmape,77,45.97715259199586,44.258654812370246
Energidrikke,LightGBM,medmape,78,47.99470959727727,44.258654812370246
Energidrikke,LightGBM,medmape,79,45.55154412544482,44.258654812370246
Energidrikke,LightGBM,medmape,80,45.31690230869284,44.258654812370246
Energidrikke,LightGBM,medmape,81,47.54937064996472,44.258654812370246
Energidrikke,LightGBM,medmape,82,43.79948763253959,43.79948763253959
Energidrikke,LightGBM,medmape,83,44.164448803866534,43.79948763253959
Energidrikke,LightGBM,medmape,84,47.58493912564836,43.79948763253959
Energidrikke,LightGBM,medmape,85,43.880967885035474,43.79948763253959
Energidrikke,LightGBM,medmape,86,43.500864037540374,43.500864037540374
Energidrikke,LightGBM,medmape,87,46.203642520051176,43.500864037540374
Energidrikke,LightGBM,medmape,88,45.59536623288537,43.500864037540374
Energidrikke,LightGBM,medmape,89,46.01561501684327,43.500864037540374
Energidrikke,LightGBM,medmape,90,44.93883935834603,43.500864037540374
Energidrikke,LightGBM,medmape,91,44.2558267914395,43.500864037540374
Energidrikke,LightGBM,medmape,92,43.59990978788453,43.500864037540374
Energidrikke,LightGBM,medmape,93,45.696475091013305,43.500864037540374
Energidrikke,LightGBM,medmape,94,45.82350981241643,43.500864037540374
Energidrikke,LightGBM,medmape,95,43.85456928074228,43.500864037540374
Energidrikke,LightGBM,medmape,96,44.86597050351561,43.500864037540374
Energidrikke,LightGBM,medmape,97,43.93352968681681,43.500864037540374
Energidrikke,LightGBM,medmape,98,47.27590657386961,43.500864037540374
Energidrikke,LightGBM,medmape,99,45.97877195280693,43.500864037540374
Energidrikke,XGBoost,wmape,0,13.872733363192525,13.872733363192525
Energidrikke,XGBoost,wmape,1,15.613279347600367,13.872733363192525
Energidrikke,XGBoost,wmape,2,18.856484659188958,13.872733363192525
Energidrikke,XGBoost,wmape,3,14.115007635949771,13.872733363192525
Energidrikke,XGBoost,wmape,4,15.212511110335573,13.872733363192525
Energidrikke,XGBoost,wmape,5,19.083598027943133,13.872733363192525
Energidrikke,XGBoost,wmape,6,16.39098570806809,13.872733363192525
Energidrikke,XGBoost,wmape,7,16.577535496248416,13.872733363192525
Energidrikke,XGBoost,wmape,8,13.562688432817103,13.562688432817103
Energidrikke,XGBoost,wmape,9,19.671560120411222,13.562688432817103
Energidrikke,XGBoost,wmape,10,13.851349347897232,13.562688432817103
Energidrikke,XGBoost,wmape,11,13.60408581458714,13.562688432817103
Energidrikke,XGBoost,wmape,12,13.25333079002506,13.25333079002506
Energidrikke,XGBoost,wmape,13,13.901329054354965,13.25333079002506
Energidrikke,XGBoost,wmape,14,13.779879431065574,13.25333079002506
Energidrikke,XGBoost,wmape,15,13.170401902279359,13.170401902279359
Energidrikke,XGBoost,wmape,16,13.470200238868385,13.170401902279359
Energidrikke,XGBoost,wmape,17,13.32103308464305,13.170401902279359
Energidrikke,XGBoost,wmape,18,13.575800498453285,13.170401902279359
Energidrikke,XGBoost,wmape,19,13.860964128860273,13.170401902279359
Energidrikke,XGBoost,wmape,20,13.01838821431075,13.01838821431075
Energidrikke,XGBoost,wmape,21,13.529654287599417,13.01838821431075
Energidrikke,XGBoost,wmape,22,13.92687696239144,13.01838821431075
Energidrikke,XGBoost,wmape,23,12.823494221364808,12.823494221364808
Energidrikke,XGBoost,wmape,24,13.593326764713721,12.823494221364808
Energidrikke,XGBoost,wmape,25,13.163039174869446,12.823494221364808
Energidrikke,XGBoost,wmape,26,13.20460399828248,12.823494221364808
Energidrikke,XGBoost,wmape,27,13.046526138383303,12.823494221364808
Energidrikke,XGBoost,wmape,28,13.908106422897994,12.823494221364808
Energidrikke,XGBoost,wmape,29,15.396319597855726,12.823494221364808
Energidrikke,XGBoost,wmape,30,13.829759463246226,12.823494221364808
Energidrikke,XGBoost,wmape,31,13.630713726930853,12.823494221364808
Energidrikke,XGBoost,wmape,32,12.946032284226346,12.823494221364808
Energidrikke,XGBoost,wmape,33,14.005833812793348,12.823494221364808
Energidrikke,XGBoost,wmape,34,13.11236912194246,12.823494221364808
Energidrikke,XGBoost,wmape,35,13.327824910797482,12.823494221364808
Energidrikke,XGBoost,wmape,36,14.157225835255517,12.823494221364808
Energidrikke,XGBoost,wmape,37,13.704999566796161,12.823494221364808
Energidrikke,XGBoost,wmape,38,13.874147378339853,12.823494221364808
Energidrikke,XGBoost,wmape,39,14.608434541365643,12.823494221364808
Energidrikke,XGBoost,wmape,40,12.95720539687194,12.823494221364808
Energidrikke,XGBoost,wmape,41,13.402199221319094,12.823494221364808
Energidrikke,XGBoost,wmape,42,14.3220141705605,12.823494221364808
Energidrikke,XGBoost,wmape,43,15.276272030798797,12.823494221364808
Energidrikke,XGBoost,wmape,44,13.857109064436873,12.823494221364808
Energidrikke,XGBoost,wmape,45,12.812003020238114,12.812003020238114
Energidrikke,XGBoost,wmape,46,12.689573006467787,12.689573006467787
Energidrikke,XGBoost,wmape,47,13.73559762647921,12.689573006467787
Energidrikke,XGBoost,wmape,48,12.982890174817534,12.689573006467787
Energidrikke,XGBoost,wmape,49,13.920566716182696,12.689573006467787
Energidrikke,XGBoost,wmape,50,13.901608872755569,12.689573006467787
Energidrikke,XGBoost,wmape,51,14.354551332907686,12.689573006467787
Energidrikke,XGBoost,wmape,52,13.393152533980683,12.689573006467787
Energidrikke,XGBoost,wmape,53,12.965641884152474,12.689573006467787
Energidrikke,XGBoost,wmape,54,13.75630650165045,12.689573006467787
Energidrikke,XGBoost,wmape,55,13.230227502357096,12.689573006467787
Energidrikke,XGBoost,wmape,56,13.61565741298885,12.689573006467787
Energidrikke,XGBoost,wmape,57,13.659284038772858,12.689573006467787
Energidrikke,XGBoost,wmape,58,13.702616596338803,12.689573006467787
Energidrikke,XGBoost,wmape,59,13.562142377127724,12.689573006467787
Energidrikke,XGBoost,wmape,60,13.234248405157226,12.689573006467787
Energidrikke,XGBoost,wmape,61,12.936880131678635,12.689573006467787
Energidrikke,XGBoost,wmape,62,13.046138863234917,12.689573006467787
Energidrikke,XGBoost,wmape,63,12.70328711601376,12.689573006467787
Energidrikke,XGBoost,wmape,64,13.20189901814636,12.689573006467787
Energidrikke,XGBoost,wmape,65,13.017972281412359,12.689573006467787
Energidrikke,XGBoost,wmape,66,15.998205778781433,12.689573006467787
Energidrikke,XGBoost,wmape,67,13.163067942990466,12.689573006467787
Energidrikke,XGBoost,wmape,68,13.75609752917521,12.689573006467787
Energidrikke,XGBoost,wmape,69,13.414027078412767,12.689573006467787
Energidrikke,XGBoost,wmape,70,14.259378051340038,12.689573006467787
Energidrikke,XGBoost,wmape,71,12.862669532743595,12.689573006467787
Energidrikke,XGBoost,wmape,72,13.26567164851352,12.689573006467787
Energidrikke,XGBoost,wmape,73,13.748065194072014,12.689573006467787
Energidrikke,XGBoost,wmape,74,13.026349896713933,12.689573006467787
Energidrikke,XGBoost,wmape,75,13.217284988044499,12.689573006467787
Energidrikke,XGBoost,wmape,76,13.981942854119174,12.689573006467787
Energidrikke,XGBoost,wmape,77,12.672863542722526,12.672863542722526
Energidrikke,XGBoost,wmape,78,12.717811872246244,12.672863542722526
Energidrikke,XGBoost,wmape,79,12.484460352998974,12.484460352998974
Energidrikke,XGBoost,wmape,80,13.040017959884448,12.484460352998974
Energidrikke,XGBoost,wmape,81,12.91614854746486,12.484460352998974
Energidrikke,XGBoost,wmape,82,12.662091082714234,12.484460352998974
Energidrikke,XGBoost,wmape,83,14.483936939351493,12.484460352998974
Energidrikke,XGBoost,wmape,84,13.622397211715572,12.484460352998974
Energidrikke,XGBoost,wmape,85,13.774572665318361,12.484460352998974
Energidrikke,XGBoost,wmape,86,13.126046161586236,12.484460352998974
Energidrikke,XGBoost,wmape,87,14.284742708102453,12.484460352998974
Energidrikke,XGBoost,wmape,88,13.767592744035134,12.484460352998974
Energidrikke,XGBoost,wmape,89,12.827579766709786,12.484460352998974
Energidrikke,XGBoost,wmape,90,12.617353536125469,12.484460352998974
Energidrikke,XGBoost,wmape,91,12.15209714556577,12.15209714556577
Energidrikke,XGBoost,wmape,92,13.021605576064502,12.15209714556577
Energidrikke,XGBoost,wmape,93,12.490885052619475,12.15209714556577
Energidrikke,XGBoost,wmape,94,13.154530338900434,12.15209714556577
Energidrikke,XGBoost,wmape,95,13.01114701412569,12.15209714556577
Energidrikke,XGBoost,wmape,96,13.738114113742169,12.15209714556577
Energidrikke,XGBoost,wmape,97,13.33997439526177,12.15209714556577
Energidrikke,XGBoost,wmape,98,12.317676627480992,12.15209714556577
Energidrikke,XGBoost,wmape,99,12.884314757070168,12.15209714556577
Energidrikke,XGBoost,medmape,0,55.44594797325758,55.44594797325758
Energidrikke,XGBoost,medmape,1,54.5493278057004,54.5493278057004
Energidrikke,XGBoost,medmape,2,47.11347848650408,47.11347848650408
Energidrikke,XGBoost,medmape,3,46.08994963376024,46.08994963376024
Energidrikke,XGBoost,medmape,4,54.156181948713,46.08994963376024
Energidrikke,XGBoost,medmape,5,50.57932243489624,46.08994963376024
Energidrikke,XGBoost,medmape,6,47.837413273575095,46.08994963376024
Energidrikke,XGBoost,medmape,7,54.90318153303444,46.08994963376024
Energidrikke,XGBoost,medmape,8,50.2417456902091,46.08994963376024
Energidrikke,XGBoost,medmape,9,57.31414542067824,46.08994963376024
Energidrikke,XGBoost,medmape,10,49.36279653910799,46.08994963376024
Energidrikke,XGBoost,medmape,11,48.26391568296573,46.08994963376024
Energidrikke,XGBoost,medmape,12,48.98231805410329,46.08994963376024
Energidrikke,XGBoost,medmape,13,49.56106774165759,46.08994963376024
Energidrikke,XGBoost,medmape,14,47.25614254657559,46.08994963376024
Energidrikke,XGBoost,medmape,15,45.9629789759638,45.9629789759638
Energidrikke,XGBoost,medmape,16,46.23641426501406,45.9629789759638
Energidrikke,XGBoost,medmape,17,52.4545617289938,45.9629789759638
Energidrikke,XGBoost,medmape,18,45.75100418307813,45.75100418307813
Energidrikke,XGBoost,medmape,19,43.816878835807984,43.816878835807984
Energidrikke,XGBoost,medmape,20,48.15128438418862,43.816878835807984
Energidrikke,XGBoost,medmape,21,44.235613119899284,43.816878835807984
Energidrikke,XGBoost,medmape,22,47.33429707795467,43.816878835807984
Energidrikke,XGBoost,medmape,23,46.275261893210384,43.816878835807984
Energidrikke,XGBoost,medmape,24,44.50899438383732,43.816878835807984
Energidrikke,XGBoost,medmape,25,44.44194378412476,43.816878835807984
Energidrikke,XGBoost,medmape,26,45.28078728823625,43.816878835807984
Energidrikke,XGBoost,medmape,27,47.35455250953794,43.816878835807984
Energidrikke,XGBoost,medmape,28,47.43337194343417,43.816878835807984
Energidrikke,XGBoost,medmape,29,47.650555184582316,43.816878835807984
Energidrikke,XGBoost,medmape,30,46.94293199251672,43.816878835807984
Energidrikke,XGBoost,medmape,31,44.701530256345066,43.816878835807984
Energidrikke,XGBoost,medmape,32,42.83530966546918,42.83530966546918
Energidrikke,XGBoost,medmape,33,46.202540113684954,42.83530966546918
Energidrikke,XGBoost,medmape,34,43.0037226110974,42.83530966546918
Energidrikke,XGBoost,medmape,35,43.54982271869826,42.83530966546918
Energidrikke,XGBoost,medmape,36,46.73107934383599,42.83530966546918
Energidrikke,XGBoost,medmape,37,46.668416455178736,42.83530966546918
Energidrikke,XGBoost,medmape,38,45.79557440181922,42.83530966546918
Energidrikke,XGBoost,medmape,39,47.19037325236115,42.83530966546918
Energidrikke,XGBoost,medmape,40,46.04409883771511,42.83530966546918
Energidrikke,XGBoost,medmape,41,48.48589204231004,42.83530966546918
Energidrikke,XGBoost,medmape,42,48.64145700116225,42.83530966546918
Energidrikke,XGBoost,medmape,43,48.83949372437466,42.83530966546918
Energidrikke,XGBoost,medmape,44,46.27255615606656,42.83530966546918
Energidrikke,XGBoost,medmape,45,47.44803458132855,42.83530966546918
Energidrikke,XGBoost,medmape,46,53.941874761365995,42.83530966546918
Energidrikke,XGBoost,medmape,47,45.14785134147189,42.83530966546918
Energidrikke,XGBoost,medmape,48,43.41756387108705,42.83530966546918
Energidrikke,XGBoost,medmape,49,43.80946122566851,42.83530966546918
Energidrikke,XGBoost,medmape,50,48.081506175610286,42.83530966546918
Energidrikke,XGBoost,medmape,51,46.25437695514061,42.83530966546918
Energidrikke,XGBoost,medmape,52,46.54087437567913,42.83530966546918
Energidrikke,XGBoost,medmape,53,45.915765861298354,42.83530966546918
Energidrikke,XGBoost,medmape,54,45.00805206847703,42.83530966546918
Energidrikke,XGBoost,medmape,55,51.81605438493106,42.83530966546918
Energidrikke,XGBoost,medmape,56,43.23497715117725,42.83530966546918
Energidrikke,XGBoost,medmape,57,44.0611231178378,42.83530966546918
Energidrikke,XGBoost,medmape,58,44.41066641076458,42.83530966546918
Energidrikke,XGBoost,medmape,59,47.78945767681896,42.83530966546918
Energidrikke,XGBoost,medmape,60,46.35346795764288,42.83530966546918
Energidrikke,XGBoost,medmape,61,48.09224646017644,42.83530966546918
Energidrikke,XGBoost,medmape,62,45.66230401737642,42.83530966546918
Energidrikke,XGBoost,medmape,63,43.56560890300977,42.83530966546918
Energidrikke,XGBoost,medmape,64,42.79153762622878,42.79153762622878
Energidrikke,XGBoost,medmape,65,44.34217307132856,42.79153762622878
Energidrikke,XGBoost,medmape,66,47.80016221277637,42.79153762622878
Energidrikke,XGBoost,medmape,67,43.33962467993952,42.79153762622878
Energidrikke,XGBoost,medmape,68,43.691485299323304,42.79153762622878
Energidrikke,XGBoost,medmape,69,44.27632568572888,42.79153762622878
Energidrikke,XGBoost,medmape,70,45.27313445617987,42.79153762622878
Energidrikke,XGBoost,medmape,71,43.93237448596017,42.79153762622878
Energidrikke,XGBoost,medmape,72,43.06938935117329,42.79153762622878
Energidrikke,XGBoost,medmape,73,42.43225810220508,42.43225810220508
Energidrikke,XGBoost,medmape,74,43.246968853132174,42.43225810220508
Energidrikke,XGBoost,medmape,75,45.39533059397797,42.43225810220508
Energidrikke,XGBoost,medmape,76,47.72515329958158,42.43225810220508
Energidrikke,XGBoost,medmape,77,42.466354038856394,42.43225810220508
Energidrikke,XGBoost,medmape,78,43.781650871246775,42.43225810220508
Energidrikke,XGBoost,medmape,79,44.56576750301156,42.43225810220508
Energidrikke,XGBoost,medmape,80,44.56722686109441,42.43225810220508
Energidrikke,XGBoost,medmape,81,43.641560527302744,42.43225810220508
Energidrikke,XGBoost,medmape,82,47.227715341353075,42.43225810220508
Energidrikke,XGBoost,medmape,83,45.70493239085609,42.43225810220508
Energidrikke,XGBoost,medmape,84,43.87413174666392,42.43225810220508
Energidrikke,XGBoost,medmape,85,43.95658197188245,42.43225810220508
Energidrikke,XGBoost,medmape,86,45.705726350545106,42.43225810220508
Energidrikke,XGBoost,medmape,87,47.012319134938174,42.43225810220508
Energidrikke,XGBoost,medmape,88,42.93140249965988,42.43225810220508
Energidrikke,XGBoost,medmape,89,44.199997130360636,42.43225810220508
Energidrikke,XGBoost,medmape,90,42.579297580043665,42.43225810220508
Energidrikke,XGBoost,medmape,91,43.516358331255645,42.43225810220508
Energidrikke,XGBoost,medmape,92,43.31445047028173,42.43225810220508
Energidrikke,XGBoost,medmape,93,43.553492263581866,42.43225810220508
Energidrikke,XGBoost,medmape,94,44.98021565767253,42.43225810220508
Energidrikke,XGBoost,medmape,95,44.134450797497536,42.43225810220508
Energidrikke,XGBoost,medmape,96,44.722609292398246,42.43225810220508
Energidrikke,XGBoost,medmape,97,45.5075483121766,42.43225810220508
Energidrikke,XGBoost,medmape,98,45.10385017292896,42.43225810220508
Energidrikke,XGBoost,medmape,99,48.02895386086053,42.43225810220508
RTD,LightGBM,wmape,0,41.17183130523009,41.17183130523009
RTD,LightGBM,wmape,1,44.638016731470344,41.17183130523009
RTD,LightGBM,wmape,2,37.98214941780156,37.98214941780156
RTD,LightGBM,wmape,3,38.095071854488125,37.98214941780156
RTD,LightGBM,wmape,4,41.44618212075592,37.98214941780156
RTD,LightGBM,wmape,5,56.46303258676896,37.98214941780156
RTD,LightGBM,wmape,6,41.36105559906062,37.98214941780156
RTD,LightGBM,wmape,7,42.37278490904302,37.98214941780156
RTD,LightGBM,wmape,8,48.54506118676162,37.98214941780156
RTD,LightGBM,wmape,9,45.570796607159615,37.98214941780156
RTD,LightGBM,wmape,10,38.82517332510514,37.98214941780156
RTD,LightGBM,wmape,11,40.582131512053785,37.98214941780156
RTD,LightGBM,wmape,12,39.25642271034714,37.98214941780156
RTD,LightGBM,wmape,13,39.56885976727659,37.98214941780156
RTD,LightGBM,wmape,14,40.296066505990225,37.98214941780156
RTD,LightGBM,wmape,15,37.16654270536658,37.16654270536658
RTD,LightGBM,wmape,16,39.229547427843755,37.16654270536658
RTD,LightGBM,wmape,17,37.080974564743116,37.080974564743116
RTD,LightGBM,wmape,18,38.63682721656829,37.080974564743116
RTD,LightGBM,wmape,19,38.63247517035613,37.080974564743116
RTD,LightGBM,wmape,20,37.554665152262174,37.080974564743116
RTD,LightGBM,wmape,21,36.77593312417825,36.77593312417825
RTD,LightGBM,wmape,22,38.40669679895404,36.77593312417825
RTD,LightGBM,wmape,23,39.809066723845206,36.77593312417825
RTD,LightGBM,wmape,24,36.55769121002313,36.55769121002313
RTD,LightGBM,wmape,25,36.48781815240594,36.48781815240594
RTD,LightGBM,wmape,26,37.8121992672763,36.48781815240594
RTD,LightGBM,wmape,27,41.63271562183398,36.48781815240594
RTD,LightGBM,wmape,28,41.50977695431828,36.48781815240594
RTD,LightGBM,wmape,29,42.37295650810554,36.48781815240594
RTD,LightGBM,wmape,30,37.77992122289739,36.48781815240594
RTD,LightGBM,wmape,31,37.51210170751558,36.48781815240594
RTD,LightGBM,wmape,32,39.737203865967004,36.48781815240594
RTD,LightGBM,wmape,33,37.986310185558224,36.48781815240594
RTD,LightGBM,wmape,34,38.71703860846084,36.48781815240594
RTD,LightGBM,wmape,35,35.60486769701656,35.60486769701656
RTD,LightGBM,wmape,36,41.67351310934301,35.60486769701656
RTD,LightGBM,wmape,37,35.86539839556972,35.60486769701656
RTD,LightGBM,wmape,38,40.16724954002797,35.60486769701656
RTD,LightGBM,wmape,39,37.83708578805496,35.60486769701656
RTD,LightGBM,wmape,40,44.08146266325545,35.60486769701656
RTD,LightGBM,wmape,41,37.59727419074742,35.60486769701656
RTD,LightGBM,wmape,42,35.46324073105503,35.46324073105503
RTD,LightGBM,wmape,43,38.736516890895146,35.46324073105503
RTD,LightGBM,wmape,44,35.93371325085233,35.46324073105503
RTD,LightGBM,wmape,45,37.167300041823864,35.46324073105503
RTD,LightGBM,wmape,46,52.4959050000653,35.46324073105503
RTD,LightGBM,wmape,47,50.590286410053196,35.46324073105503
RTD,LightGBM,wmape,48,37.87655544980683,35.46324073105503
RTD,LightGBM,wmape,49,39.89208215012701,35.46324073105503
RTD,LightGBM,wmape,50,40.36478976166607,35.46324073105503
RTD,LightGBM,wmape,51,40.316488054786774,35.46324073105503
RTD,LightGBM,wmape,52,38.64730430434471,35.46324073105503
RTD,LightGBM,wmape,53,35.501248294010594,35.46324073105503
RTD,LightGBM,wmape,54,34.776552042051904,34.776552042051904
RTD,LightGBM,wmape,55,36.94145842685535,34.776552042051904
RTD,LightGBM,wmape,56,36.70005956708686,34.776552042051904
RTD,LightGBM,wmape,57,36.267242685258,34.776552042051904
RTD,LightGBM,wmape,58,39.86822540086702,34.776552042051904
RTD,LightGBM,wmape,59,39.184851595161454,34.776552042051904
RTD,LightGBM,wmape,60,35.97297455626511,34.776552042051904
RTD,LightGBM,wmape,61,35.11202334348058,34.776552042051904
RTD,LightGBM,wmape,62,34.1527445018481,34.1527445018481
RTD,LightGBM,wmape,63,36.53976277477069,34.1527445018481
RTD,LightGBM,wmape,64,42.32244852565734,34.1527445018481
RTD,LightGBM,wmape,65,35.204953317895544,34.1527445018481
RTD,LightGBM,wmape,66,35.0113640293103,34.1527445018481
RTD,LightGBM,wmape,67,35.17649985581934,34.1527445018481
RTD,LightGBM,wmape,68,37.44003004926572,34.1527445018481
RTD,LightGBM,wmape,69,34.882616853402766,34.1527445018481
RTD,LightGBM,wmape,70,34.99402214326487,34.1527445018481
RTD,LightGBM,wmape,71,34.61828185098539,34.1527445018481
RTD,LightGBM,wmape,72,36.93948081527717,34.1527445018481
RTD,LightGBM,wmape,73,36.315590303483624,34.1527445018481
RTD,LightGBM,wmape,74,36.087628033814696,34.1527445018481
RTD,LightGBM,wmape,75,37.56462787981877,34.1527445018481
RTD,LightGBM,wmape,76,36.94985169376942,34.1527445018481
RTD,LightGBM,wmape,77,35.04966333245842,34.1527445018481
RTD,LightGBM,wmape,78,39.13246284611727,34.1527445018481
RTD,LightGBM,wmape,79,36.73894776243201,34.1527445018481
RTD,LightGBM,wmape,80,35.58874652196539,34.1527445018481
RTD,LightGBM,wmape,81,35.37945550346227,34.1527445018481
RTD,LightGBM,wmape,82,36.70643496858388,34.1527445018481
RTD,LightGBM,wmape,83,38.620426018364945,34.1527445018481
RTD,LightGBM,wmape,84,34.99918328135193,34.1527445018481
RTD,LightGBM,wmape,85,37.09217131709211,34.1527445018481
RTD,LightGBM,wmape,86,36.85325617542411,34.1527445018481
RTD,LightGBM,wmape,87,35.44717075059736,34.1527445018481
RTD,LightGBM,wmape,88,36.63751024192317,34.1527445018481
RTD,LightGBM,wmape,89,35.31112845471994,34.1527445018481
RTD,LightGBM,wmape,90,45.32772937509094,34.1527445018481
RTD,LightGBM,wmape,91,35.069333989579086,34.1527445018481
RTD,LightGBM,wmape,92,36.111181317896886,34.1527445018481
RTD,LightGBM,wmape,93,34.411307621702136,34.1527445018481
RTD,LightGBM,wmape,94,34.273091419963826,34.1527445018481
RTD,LightGBM,wmape,95,34.762548617738005,34.1527445018481
RTD,LightGBM,wmape,96,36.53959228368844,34.1527445018481
RTD,LightGBM,wmape,97,35.57839922996643,34.1527445018481
RTD,LightGBM,wmape,98,39.02486076444151,34.1527445018481
RTD,LightGBM,wmape,99,41.38014096774176,34.1527445018481
RTD,LightGBM,medmape,0,56.99269297756251,56.99269297756251
RTD,LightGBM,medmape,1,58.14145140088511,56.99269297756251
RTD,LightGBM,medmape,2,51.53486513207509,51.53486513207509
RTD,LightGBM,medmape,3,52.17567965868591,51.53486513207509
RTD,LightGBM,medmape,4,57.980336799198184,51.53486513207509
RTD,LightGBM,medmape,5,59.443582643986375,51.53486513207509
RTD,LightGBM,medmape,6,52.00098221566176,51.53486513207509
RTD,LightGBM,medmape,7,57.259270654596406,51.53486513207509
RTD,LightGBM,medmape,8,57.79089125645859,51.53486513207509
RTD,LightGBM,medmape,9,54.3584633493858,51.53486513207509
RTD,LightGBM,medmape,10,49.773250120631275,49.773250120631275
RTD,LightGBM,medmape,11,49.60709584487198,49.60709584487198
RTD,LightGBM,medmape,12,50.04459862458569,49.60709584487198
RTD,LightGBM,medmape,13,50.20724275702115,49.60709584487198
RTD,LightGBM,medmape,14,55.91988463334167,49.60709584487198
RTD,LightGBM,medmape,15,56.22359851895814,49.60709584487198
RTD,LightGBM,medmape,16,50.42730197938547,49.60709584487198
RTD,LightGBM,medmape,17,55.67304653934293,49.60709584487198
RTD,LightGBM,medmape,18,50.43546641624486,49.60709584487198
RTD,LightGBM,medmape,19,51.44610824598288,49.60709584487198
RTD,LightGBM,medmape,20,56.70208170934195,49.60709584487198
RTD,LightGBM,medmape,21,51.89948803222097,49.60709584487198
RTD,LightGBM,medmape,22,49.758526053819295,49.60709584487198
RTD,LightGBM,medmape,23,52.18016706489537,49.60709584487198
RTD,LightGBM,medmape,24,52.46107800487317,49.60709584487198
RTD,LightGBM,medmape,25,50.868175982745164,49.60709584487198
RTD,LightGBM,medmape,26,55.952174209912904,49.60709584487198
RTD,LightGBM,medmape,27,54.670581212792804,49.60709584487198
RTD,LightGBM,medmape,28,52.260714018572784,49.60709584487198
RTD,LightGBM,medmape,29,53.128560018484265,49.60709584487198
RTD,LightGBM,medmape,30,51.189009159097026,49.60709584487198
RTD,LightGBM,medmape,31,49.73048164579291,49.60709584487198
RTD,LightGBM,medmape,32,50.84323969958925,49.60709584487198
RTD,LightGBM,medmape,33,50.03988970779838,49.60709584487198
RTD,LightGBM,medmape,34,53.00680295025359,49.60709584487198
RTD,LightGBM,medmape,35,51.03794645869911,49.60709584487198
RTD,LightGBM,medmape,36,51.924390179033374,49.60709584487198
RTD,LightGBM,medmape,37,50.3940249796407,49.60709584487198
RTD,LightGBM,medmape,38,55.16635162951803,49.60709584487198
RTD,LightGBM,medmape,39,50.196934963609436,49.60709584487198
RTD,LightGBM,medmape,40,52.086084690082615,49.60709584487198
RTD,LightGBM,medmape,41,52.349654111511086,49.60709584487198
RTD,LightGBM,medmape,42,55.77976706835517,49.60709584487198
RTD,LightGBM,medmape,43,55.09112831889399,49.60709584487198
RTD,LightGBM,medmape,44,57.14002904429559,49.60709584487198
RTD,LightGBM,medmape,45,50.74824231208176,49.60709584487198
RTD,LightGBM,medmape,46,63.9977228017328,49.60709584487198
RTD,LightGBM,medmape,47,62.425939648083464,49.60709584487198
RTD,LightGBM,medmape,48,56.35012748250611,49.60709584487198
RTD,LightGBM,medmape,49,53.094737851677245,49.60709584487198
RTD,LightGBM,medmape,50,51.156644021253356,49.60709584487198
RTD,LightGBM,medmape,51,49.876743299085014,49.60709584487198
RTD,LightGBM,medmape,52,50.62963564342852,49.60709584487198
RTD,LightGBM,medmape,53,50.82595759474194,49.60709584487198
RTD,LightGBM,medmape,54,50.63520032370874,49.60709584487198
RTD,LightGBM,medmape,55,52.61518968054679,49.60709584487198
RTD,LightGBM,medmape,56,50.35069034254542,49.60709584487198
RTD,LightGBM,medmape,57,51.350663615624974,49.60709584487198
RTD,LightGBM,medmape,58,54.247791994773024,49.60709584487198
RTD,LightGBM,medmape,59,52.585505429830576,49.60709584487198
RTD,LightGBM,medmape,60,55.54734929683337,49.60709584487198
RTD,LightGBM,medmape,61,49.24294151042479,49.24294151042479
RTD,LightGBM,medmape,62,52.38193187088435,49.24294151042479
RTD,LightGBM,medmape,63,52.74438022593844,49.24294151042479
RTD,LightGBM,medmape,64,51.31224204203047,49.24294151042479
RTD,LightGBM,medmape,65,50.55436597756879,49.24294151042479
RTD,LightGBM,medmape,66,52.5205332079065,49.24294151042479
RTD,LightGBM,medmape,67,52.34191899503825,49.24294151042479
RTD,LightGBM,medmape,68,56.839038329420006,49.24294151042479
RTD,LightGBM,medmape,69,49.71832410668419,49.24294151042479
RTD,LightGBM,medmape,70,49.52487394291194,49.24294151042479
RTD,LightGBM,medmape,71,49.932636192336055,49.24294151042479
RTD,LightGBM,medmape,72,51.30972699574449,49.24294151042479
RTD,LightGBM,medmape,73,51.7248467374985,49.24294151042479
RTD,LightGBM,medmape,74,50.18753966904302,49.24294151042479
RTD,LightGBM,medmape,75,48.801262733532695,48.801262733532695
RTD,LightGBM,medmape,76,48.80931321406263,48.801262733532695
RTD,LightGBM,medmape,77,50.296482215675056,48.801262733532695
RTD,LightGBM,medmape,78,51.13399869745092,48.801262733532695
RTD,LightGBM,medmape,79,48.41018849598821,48.41018849598821
RTD,LightGBM,medmape,80,49.54082396655642,48.41018849598821
RTD,LightGBM,medmape,81,49.10556472634112,48.41018849598821
RTD,LightGBM,medmape,82,51.268598175353105,48.41018849598821
RTD,LightGBM,medmape,83,47.77099931116614,47.77099931116614
RTD,LightGBM,medmape,84,48.276075640916076,47.77099931116614
RTD,LightGBM,medmape,85,50.57967162240635,47.77099931116614
RTD,LightGBM,medmape,86,50.45984767088946,47.77099931116614
RTD,LightGBM,medmape,87,49.2189645424277,47.77099931116614
RTD,LightGBM,medmape,88,50.80769384938864,47.77099931116614
RTD,LightGBM,medmape,89,52.19695218823635,47.77099931116614
RTD,LightGBM,medmape,90,50.781501432899,47.77099931116614
RTD,LightGBM,medmape,91,48.87101507365359,47.77099931116614
RTD,LightGBM,medmape,92,49.36131016534758,47.77099931116614
RTD,LightGBM,medmape,93,51.416249429959585,47.77099931116614
RTD,LightGBM,medmape,94,52.83695801518655,47.77099931116614
RTD,LightGBM,medmape,95,49.9899399451769,47.77099931116614
RTD,LightGBM,medmape,96,51.0604180859678,47.77099931116614
RTD,LightGBM,medmape,97,53.05047325268892,47.77099931116614
RTD,LightGBM,medmape,98,52.07709348277962,47.77099931116614
RTD,LightGBM,medmape,99,51.19443645572551,47.77099931116614
RTD,XGBoost,wmape,0,41.49767769275867,41.49767769275867
RTD,XGBoost,wmape,1,40.447356360423385,40.447356360423385
RTD,XGBoost,wmape,2,38.00504848036315,38.00504848036315
RTD,XGBoost,wmape,3,36.14899121669628,36.14899121669628
RTD,XGBoost,wmape,4,37.73375048759892,36.14899121669628
RTD,XGBoost,wmape,5,39.171774834491686,36.14899121669628
RTD,XGBoost,wmape,6,36.513460140610995,36.14899121669628
RTD,XGBoost,wmape,7,36.46868273607416,36.14899121669628
RTD,XGBoost,wmape,8,38.2980341012251,36.14899121669628
RTD,XGBoost,wmape,9,37.280851691851545,36.14899121669628
RTD,XGBoost,wmape,10,35.43405649859051,35.43405649859051
RTD,XGBoost,wmape,11,35.92148636484562,35.43405649859051
RTD,XGBoost,wmape,12,35.561711577944735,35.43405649859051
RTD,XGBoost,wmape,13,35.928679889979165,35.43405649859051
RTD,XGBoost,wmape,14,35.92704684863538,35.43405649859051
RTD,XGBoost,wmape,15,37.484869402807405,35.43405649859051
RTD,XGBoost,wmape,16,36.894232024708515,35.43405649859051
RTD,XGBoost,wmape,17,36.78524499229577,35.43405649859051
RTD,XGBoost,wmape,18,35.78673181598734,35.43405649859051
RTD,XGBoost,wmape,19,35.82940842097775,35.43405649859051
RTD,XGBoost,wmape,20,35.02588702141644,35.02588702141644
RTD,XGBoost,wmape,21,35.30032266457938,35.02588702141644
RTD,XGBoost,wmape,22,35.189784781589275,35.02588702141644
RTD,XGBoost,wmape,23,35.2973344894199,35.02588702141644
RTD,XGBoost,wmape,24,35.98158715565487,35.02588702141644
RTD,XGBoost,wmape,25,35.840299950381144,35.02588702141644
RTD,XGBoost,wmape,26,36.37364615582154,35.02588702141644
RTD,XGBoost,wmape,27,35.07148135189669,35.02588702141644
RTD,XGBoost,wmape,28,35.91920679132526,35.02588702141644
RTD,XGBoost,wmape,29,35.71048569324763,35.02588702141644
RTD,XGBoost,wmape,30,36.710152974481844,35.02588702141644
RTD,XGBoost,wmape,31,35.21823258315468,35.02588702141644
RTD,XGBoost,wmape,32,35.31704775352189,35.02588702141644
RTD,XGBoost,wmape,33,35.84514358824611,35.02588702141644
RTD,XGBoost,wmape,34,36.1720259110691,35.02588702141644
RTD,XGBoost,wmape,35,36.100120039783214,35.02588702141644
RTD,XGBoost,wmape,36,36.04077768199329,35.02588702141644
RTD,XGBoost,wmape,37,36.48699940011426,35.02588702141644
RTD,XGBoost,wmape,38,35.79151648380604,35.02588702141644
RTD,XGBoost,wmape,39,36.109035863667096,35.02588702141644
RTD,XGBoost,wmape,40,35.49350771660511,35.02588702141644
RTD,XGBoost,wmape,41,35.28359119671197,35.02588702141644
RTD,XGBoost,wmape,42,35.132224285243176,35.02588702141644
RTD,XGBoost,wmape,43,34.97480136959484,34.97480136959484
RTD,XGBoost,wmape,44,35.06970202133602,34.97480136959484
RTD,XGBoost,wmape,45,35.77215847241262,34.97480136959484
RTD,XGBoost,wmape,46,41.20928270632343,34.97480136959484
RTD,XGBoost,wmape,47,37.250338269424375,34.97480136959484
RTD,XGBoost,wmape,48,35.25292753489929,34.97480136959484
RTD,XGBoost,wmape,49,35.74683127258418,34.97480136959484
RTD,XGBoost,wmape,50,35.533879668097896,34.97480136959484
RTD,XGBoost,wmape,51,35.20862531613547,34.97480136959484
RTD,XGBoost,wmape,52,34.785225588905284,34.785225588905284
RTD,XGBoost,wmape,53,35.36624315911574,34.785225588905284
RTD,XGBoost,wmape,54,35.23047841358256,34.785225588905284
RTD,XGBoost,wmape,55,36.50651179373447,34.785225588905284
RTD,XGBoost,wmape,56,35.59022477654074,34.785225588905284
RTD,XGBoost,wmape,57,36.1388987162282,34.785225588905284
RTD,XGBoost,wmape,58,35.36669276730369,34.785225588905284
RTD,XGBoost,wmape,59,35.27152081478362,34.785225588905284
RTD,XGBoost,wmape,60,41.90642841449052,34.785225588905284
RTD,XGBoost,wmape,61,35.675700543958136,34.785225588905284
RTD,XGBoost,wmape,62,34.92737162325015,34.785225588905284
RTD,XGBoost,wmape,63,34.968621800131686,34.785225588905284
RTD,XGBoost,wmape,64,35.542838912459935,34.785225588905284
RTD,XGBoost,wmape,65,35.041811696036966,34.785225588905284
RTD,XGBoost,wmape,66,35.396449055900085,34.785225588905284
RTD,XGBoost,wmape,67,35.25423246821251,34.785225588905284
RTD,XGBoost,wmape,68,35.113012685200005,34.785225588905284
RTD,XGBoost,wmape,69,35.082493589758904,34.785225588905284
RTD,XGBoost,wmape,70,35.38333261197624,34.785225588905284
RTD,XGBoost,wmape,71,35.3464716774878,34.785225588905284
RTD,XGBoost,wmape,72,35.39784219802412,34.785225588905284
RTD,XGBoost,wmape,73,34.96116589660829,34.785225588905284
RTD,XGBoost,wmape,74,35.152786170188556,34.785225588905284
RTD,XGBoost,wmape,75,35.18725013341376,34.785225588905284
RTD,XGBoost,wmape,76,35.22337702621067,34.785225588905284
RTD,XGBoost,wmape,77,35.046437665781085,34.785225588905284
RTD,XGBoost,wmape,78,34.54853813897344,34.54853813897344
RTD,XGBoost,wmape,79,34.82592697749119,34.54853813897344
RTD,XGBoost,wmape,80,35.153864513464015,34.54853813897344
RTD,XGBoost,wmape,81,38.622983593967675,34.54853813897344
RTD,XGBoost,wmape,82,35.019177176794926,34.54853813897344
RTD,XGBoost,wmape,83,34.98651901550027,34.54853813897344
RTD,XGBoost,wmape,84,35.28575007002152,34.54853813897344
RTD,XGBoost,wmape,85,34.720700057111365,34.54853813897344
RTD,XGBoost,wmape,86,34.82834069679072,34.54853813897344
RTD,XGBoost,wmape,87,34.71578754839658,34.54853813897344
RTD,XGBoost,wmape,88,34.75143706960506,34.54853813897344
RTD,XGBoost,wmape,89,35.1179976797182,34.54853813897344
RTD,XGBoost,wmape,90,35.28960452691114,34.54853813897344
RTD,XGBoost,wmape,91,35.34832090852153,34.54853813897344
RTD,XGBoost,wmape,92,34.63784524959493,34.54853813897344
RTD,XGBoost,wmape,93,34.71711137289127,34.54853813897344
RTD,XGBoost,wmape,94,34.95358069686616,34.54853813897344
RTD,XGBoost,wmape,95,34.81934882848417,34.54853813897344
RTD,XGBoost,wmape,96,35.143689990786235,34.54853813897344
RTD,XGBoost,wmape,97,34.94851451042799,34.54853813897344
RTD,XGBoost,wmape,98,35.35162850941263,34.54853813897344
RTD,XGBoost,wmape,99,34.86784634271033,34.54853813897344
RTD,XGBoost,medmape,0,53.60878868407606,53.60878868407606
RTD,XGBoost,medmape,1,52.920440356753424,52.920440356753424
RTD,XGBoost,medmape,2,52.25580575512621,52.25580575512621
RTD,XGBoost,medmape,3,49.346312416316586,49.346312416316586
RTD,XGBoost,medmape,4,54.0470280021799,49.346312416316586
RTD,XGBoost,medmape,5,52.50419634788885,49.346312416316586
RTD,XGBoost,medmape,6,49.20245678405763,49.20245678405763
RTD,XGBoost,medmape,7,51.58115781206775,49.20245678405763
RTD,XGBoost,medmape,8,50.92662979963116,49.20245678405763
RTD,XGBoost,medmape,9,54.80359821108907,49.20245678405763
RTD,XGBoost,medmape,10,49.7833730145386,49.20245678405763
RTD,XGBoost,medmape,11,47.72364011142053,47.72364011142053
RTD,XGBoost,medmape,12,48.219155534801935,47.72364011142053
RTD,XGBoost,medmape,13,46.37096387427067,46.37096387427067
RTD,XGBoost,medmape,14,48.418753955754596,46.37096387427067
RTD,XGBoost,medmape,15,47.32064968859913,46.37096387427067
RTD,XGBoost,medmape,16,46.6226008534789,46.37096387427067
RTD,XGBoost,medmape,17,50.07299602961747,46.37096387427067
RTD,XGBoost,medmape,18,49.7883724186561,46.37096387427067
RTD,XGBoost,medmape,19,48.91128903428677,46.37096387427067
RTD,XGBoost,medmape,20,52.78925328337563,46.37096387427067
RTD,XGBoost,medmape,21,47.87908913563382,46.37096387427067
RTD,XGBoost,medmape,22,50.12397307326343,46.37096387427067
RTD,XGBoost,medmape,23,49.01544680663855,46.37096387427067
RTD,XGBoost,medmape,24,47.5564635291961,46.37096387427067
RTD,XGBoost,medmape,25,47.02515039358714,46.37096387427067
RTD,XGBoost,medmape,26,48.01654401544495,46.37096387427067
RTD,XGBoost,medmape,27,48.70959960552674,46.37096387427067
RTD,XGBoost,medmape,28,46.99050718692591,46.37096387427067
RTD,XGBoost,medmape,29,48.44546760250253,46.37096387427067
RTD,XGBoost,medmape,30,51.16321960409091,46.37096387427067
RTD,XGBoost,medmape,31,47.550191348743326,46.37096387427067
RTD,XGBoost,medmape,32,46.96728226817261,46.37096387427067
RTD,XGBoost,medmape,33,48.76806988840052,46.37096387427067
RTD,XGBoost,medmape,34,46.90388490250558,46.37096387427067
RTD,XGBoost,medmape,35,48.235834493373716,46.37096387427067
RTD,XGBoost,medmape,36,48.943527653665384,46.37096387427067
RTD,XGBoost,medmape,37,48.23390046267603,46.37096387427067
RTD,XGBoost,medmape,38,50.922374539947484,46.37096387427067
RTD,XGBoost,medmape,39,45.60831168463949,45.60831168463949
RTD,XGBoost,medmape,40,48.963676188671975,45.60831168463949
RTD,XGBoost,medmape,41,48.318235539699415,45.60831168463949
RTD,XGBoost,medmape,42,47.129768477539166,45.60831168463949
RTD,XGBoost,medmape,43,47.708656431009736,45.60831168463949
RTD,XGBoost,medmape,44,51.719519063806615,45.60831168463949
RTD,XGBoost,medmape,45,45.95281591132766,45.60831168463949
RTD,XGBoost,medmape,46,52.09372913561773,45.60831168463949
RTD,XGBoost,medmape,47,47.99249813780226,45.60831168463949
RTD,XGBoost,medmape,48,49.769666649270725,45.60831168463949
RTD,XGBoost,medmape,49,48.019455263683255,45.60831168463949
RTD,XGBoost,medmape,50,46.79825529172939,45.60831168463949
RTD,XGBoost,medmape,51,47.148355932773725,45.60831168463949
RTD,XGBoost,medmape,52,46.79369826480518,45.60831168463949
RTD,XGBoost,medmape,53,47.04102666707086,45.60831168463949
RTD,XGBoost,medmape,54,47.40852690918832,45.60831168463949
RTD,XGBoost,medmape,55,46.852569689941,45.60831168463949
RTD,XGBoost,medmape,56,46.84802868392706,45.60831168463949
RTD,XGBoost,medmape,57,49.417074854129055,45.60831168463949
RTD,XGBoost,medmape,58,50.806529639350586,45.60831168463949
RTD,XGBoost,medmape,59,47.139763985513945,45.60831168463949
RTD,XGBoost,medmape,60,48.56405033099152,45.60831168463949
RTD,XGBoost,medmape,61,48.73436191115786,45.60831168463949
RTD,XGBoost,medmape,62,48.30080427753988,45.60831168463949
RTD,XGBoost,medmape,63,46.92831024363923,45.60831168463949
RTD,XGBoost,medmape,64,49.113303487847816,45.60831168463949
RTD,XGBoost,medmape,65,47.9365557101416,45.60831168463949
RTD,XGBoost,medmape,66,48.43557107264286,45.60831168463949
RTD,XGBoost,medmape,67,48.747765468952416,45.60831168463949
RTD,XGBoost,medmape,68,50.51302209833464,45.60831168463949
RTD,XGBoost,medmape,69,48.691025923911376,45.60831168463949
RTD,XGBoost,medmape,70,48.64789176824851,45.60831168463949
RTD,XGBoost,medmape,71,46.81507411831127,45.60831168463949
RTD,XGBoost,medmape,72,48.335755811991646,45.60831168463949
RTD,XGBoost,medmape,73,46.91388401548363,45.60831168463949
RTD,XGBoost,medmape,74,48.595979764515334,45.60831168463949
RTD,XGBoost,medmape,75,47.38980395394373,45.60831168463949
RTD,XGBoost,medmape,76,49.037186659097486,45.60831168463949
RTD,XGBoost,medmape,77,51.02189219641465,45.60831168463949
RTD,XGBoost,medmape,78,49.36322108111818,45.60831168463949
RTD,XGBoost,medmape,79,49.72738552764042,45.60831168463949
RTD,XGBoost,medmape,80,47.4664640827787,45.60831168463949
RTD,XGBoost,medmape,81,47.28263952554554,45.60831168463949
RTD,XGBoost,medmape,82,45.968357823983624,45.60831168463949
RTD,XGBoost,medmape,83,46.03611433571307,45.60831168463949
RTD,XGBoost,medmape,84,46.74229389576465,45.60831168463949
RTD,XGBoost,medmape,85,46.91246129943109,45.60831168463949
RTD,XGBoost,medmape,86,47.23039711880692,45.60831168463949
RTD,XGBoost,medmape,87,48.96305132980548,45.60831168463949
RTD,XGBoost,medmape,88,47.18722178091746,45.60831168463949
RTD,XGBoost,medmape,89,47.75411969018451,45.60831168463949
RTD,XGBoost,medmape,90,46.23034462427468,45.60831168463949
RTD,XGBoost,medmape,91,46.86558279106474,45.60831168463949
RTD,XGBoost,medmape,92,45.99945849907503,45.60831168463949
RTD,XGBoost,medmape,93,46.822058176555075,45.60831168463949
RTD,XGBoost,medmape,94,46.78028960081001,45.60831168463949
RTD,XGBoost,medmape,95,47.008722525362685,45.60831168463949
RTD,XGBoost,medmape,96,48.490572496574856,45.60831168463949
RTD,XGBoost,medmape,97,47.751789622930026,45.60831168463949
RTD,XGBoost,medmape,98,47.86463915469836,45.60831168463949
RTD,XGBoost,medmape,99,49.752170994615355,45.60831168463949
