category,model,brand,ym,mean_forecast,std_forecast,cv
CSD,LightGBM,1724,,134.56504356706841,13.739171580896215,0.10210059920984227
CSD,LightGBM,1724,,164.3121079201172,29.704535023117913,0.18078116944102024
CSD,LightGBM,1724,,209.5346510651494,38.60749371899865,0.18425350424257342
CSD,LightGBM,1724,,123.8526336729494,6.438272033318746,0.0519833276240207
CSD,LightGBM,1724,,163.99931731080764,6.723809579683441,0.04099900956868397
CSD,LightGBM,1724,,115.34296521846038,3.5246996770410526,0.030558427818855247
CSD,LightGBM,1724,,93.99628929954531,10.448446481568745,0.111158073998771
CSD,LightGBM,7-UP,,8717.193414882297,1288.9532712006255,0.14786333282453956
CSD,LightGBM,7-UP,,10123.443351292191,1131.6278462711948,0.1117828990594144
CSD,LightGBM,7-UP,,13359.421239627021,1447.5202543392477,0.10835201827797598
CSD,LightGBM,7-UP,,12625.10477483497,777.0624313013726,0.06154898871415743
CSD,LightGBM,7-UP,,22341.581028346416,2716.49237850434,0.12158908427553651
CSD,LightGBM,7-UP,,46942.59193187606,5810.438140376582,0.12377753126220203
CSD,LightGBM,7-UP,,43648.57519109047,3094.760254681025,0.07090174744839611
CSD,LightGBM,ABBOTT'S,,4.966890747877798,1.1187290385725295,0.2252372953946145
CSD,LightGBM,ABBOTT'S,,0.06559208372630373,0.2703872452959157,4.122254240681867
CSD,LightGBM,ABBOTT'S,,2.601348462910845,0.8691762402889868,0.33412526337067505
CSD,LightGBM,ABBOTT'S,,1.0323731355497965,0.37258959575957473,0.36090593887950206
CSD,LightGBM,ABBOTT'S,,1.4596193064382952,0.5393197763035632,0.36949345211087253
CSD,LightGBM,ABBOTT'S,,0.2592992587730935,0.007484109661045585,0.02886282705341147
CSD,LightGBM,ALBANI,,8250.944399929413,412.47870284125736,0.04999169584087685
CSD,LightGBM,ALBANI,,9904.38615680437,475.58623466335246,0.04801773952812027
CSD,LightGBM,ALBANI,,9874.498539616246,753.8043430620692,0.07633849354859132
CSD,LightGBM,ALBANI,,9349.971927871502,495.9927635010774,0.05304751365322964
CSD,LightGBM,ALBANI,,5104.732724646902,513.8548849214789,0.10066244652544909
CSD,LightGBM,ALBANI,,7197.0777792015015,1044.689612374876,0.14515469256062172
CSD,LightGBM,ALBANI,,5854.349767368239,220.28898742124545,0.03762825867513448
CSD,LightGBM,AYYO,,257.07286573112503,41.17876336013132,0.16018323537576534
CSD,LightGBM,AYYO,,274.62262293683233,50.97377699036474,0.18561390334579078
CSD,LightGBM,AYYO,,425.916243639787,96.25610665838363,0.22599773569516862
CSD,LightGBM,AYYO,,537.9425411433655,81.48422822803751,0.1514738508221483
CSD,LightGBM,AYYO,,423.4521601312505,40.040705587116705,0.09455780217228305
CSD,LightGBM,AYYO,,524.8196608557661,48.63237312992811,0.09266492236710153
CSD,LightGBM,AYYO,,413.8875354584978,84.5117423610415,0.20419011233914253
CSD,LightGBM,BORNHOLMS MOSTERI,,30.95081606575393,5.832233654356605,0.18843553727198106
CSD,LightGBM,BORNHOLMS MOSTERI,,28.488549234977786,4.860827693641428,0.17062391115632458
CSD,LightGBM,BORNHOLMS MOSTERI,,9.691807887958026,1.0685825070751505,0.11025626172417774
CSD,LightGBM,BORNHOLMS MOSTERI,,16.364320738589953,2.7009537639985672,0.16505138264793615
CSD,LightGBM,BORNHOLMS MOSTERI,,59.57592153079154,11.161033047344716,0.18734134127620986
CSD,LightGBM,BORNHOLMS MOSTERI,,80.96828149219448,13.155152194122742,0.16247290854741592
CSD,LightGBM,BORNHOLMS MOSTERI,,69.95464567676277,9.003340614473093,0.12870254044419788
CSD,LightGBM,BOYLAN,,47.58076137660801,5.648252933162774,0.11870875475186507
CSD,LightGBM,BOYLAN,,38.03922693324129,2.5306181238011964,0.06652653925492288
CSD,LightGBM,BOYLAN,,46.7557640420569,9.457056721465273,0.2022650450746272
CSD,LightGBM,BOYLAN,,30.2606253898637,3.8001817629762025,0.12558173249945906
CSD,LightGBM,BOYLAN,,42.8584747104786,5.727348970548513,0.13363398975904794
CSD,LightGBM,BOYLAN,,24.99359977552627,5.854831052603598,0.2342532130300273
CSD,LightGBM,BOYLAN,,34.280966881482556,7.298342554542517,0.21289780360555816
CSD,LightGBM,BRAIN LICKER,,0.6971515998580113,0.34117805758512965,0.48938861741781453
CSD,LightGBM,BRAIN LICKER,,1.559273417547161,0.7073051323609442,0.4536119992820639
CSD,LightGBM,BRAIN LICKER,,2.6321685377563298,1.0007672485547925,0.3802063713624699
CSD,LightGBM,BRAIN LICKER,,1.1922006367047229,0.31460204545685944,0.2638834737804105
CSD,LightGBM,BRAIN LICKER,,1.1829870707979462,0.5733112735206044,0.48463021082208074
CSD,LightGBM,BRAIN LICKER,,2.9662476144224748,0.8719969219568824,0.293973071471533
CSD,LightGBM,BRAIN LICKER,,6.324538749968715,1.3845724497196936,0.21892069990503932
CSD,LightGBM,BRITVIC,,2.464626421901381,0.9488054026838035,0.3849692571062475
CSD,LightGBM,BRITVIC,,0.5615822351911405,0.18618556937906783,0.3315374983606766
CSD,LightGBM,BRITVIC,,5.846995658470534,0.9916998486834375,0.16960844621917298
CSD,LightGBM,BRITVIC,,8.867094670657357,2.047414508321002,0.230900264896937
CSD,LightGBM,BRITVIC,,3.7252543762201293,1.3630735319108147,0.365900793409408
CSD,LightGBM,BRITVIC,,7.9894547622763525,1.189193099375832,0.14884533860693736
CSD,LightGBM,BRITVIC,,6.916260575338194,2.0520063844835734,0.2966930412946787
CSD,LightGBM,BUNDABERG,,139.33672528893175,17.426296300489028,0.12506606757373886
CSD,LightGBM,BUNDABERG,,141.85528793221488,3.5443553034512054,0.02498571153121105
CSD,LightGBM,BUNDABERG,,141.90867863656885,20.215234655027842,0.14245241974805142
CSD,LightGBM,BUNDABERG,,140.92096007181885,12.084971850250149,0.08575709279933356
CSD,LightGBM,BUNDABERG,,185.82018991347104,32.4125875575366,0.17442984840683798
CSD,LightGBM,BUNDABERG,,86.92770631392541,13.08224638230174,0.15049570427013587
CSD,LightGBM,BUNDABERG,,76.17666012367792,15.991684953777694,0.20992893266538754
CSD,LightGBM,CANDY CAN,,265.42306021203404,92.55824654798077,0.34871968725716723
CSD,LightGBM,CANDY CAN,,20.243736615888935,3.254807320843737,0.16078095573961868
CSD,LightGBM,CANDY CAN,,49.05221664008992,9.57672255297686,0.19523526578307357
CSD,LightGBM,CANDY CAN,,62.08151126616821,7.066949459535506,0.11383339927465158
CSD,LightGBM,CANDY CAN,,113.86715779817243,28.712271785425866,0.25215586601641427
CSD,LightGBM,CANDY CAN,,6.8039203378465185,3.3093038062664246,0.4863819154169931
CSD,LightGBM,CANDY CAN,,5.895600038617241,1.4290187528710852,0.24238733012937702
CSD,LightGBM,CARIBIA,,75931.01583745466,4418.800763397668,0.058194938058737204
CSD,LightGBM,CARIBIA,,106867.44386653567,5533.5680329149545,0.051779736023495636
CSD,LightGBM,CARIBIA,,101831.18244033858,1046.4717379130877,0.010276535269795186
CSD,LightGBM,CARIBIA,,115485.7180074011,5882.308615822321,0.0509353772684285
CSD,LightGBM,CARIBIA,,98143.71647354224,3554.565249840684,0.03621796053340746
CSD,LightGBM,CARIBIA,,130955.44234473938,5416.532387554151,0.04136164401090841
CSD,LightGBM,CARIBIA,,110916.50186983985,7577.2081565944545,0.06831452515051623
CSD,LightGBM,CARLSBERG SPORT,,10.8080322063175,2.329243675500515,0.21551043067201703
CSD,LightGBM,CARLSBERG SPORT,,21.297582554489956,4.321197249186665,0.20289613800678377
CSD,LightGBM,CARLSBERG SPORT,,1.9118379376667611,0.6551502243217661,0.3426808368084391
CSD,LightGBM,CARLSBERG SPORT,,1.161592858788143,0.4651223087578326,0.4004176723702327
CSD,LightGBM,CARLSBERG SPORT,,2.569746384594399,0.6564738574676092,0.25546250844175233
CSD,LightGBM,CARLSBERG SPORT,,0.9190839520492226,0.3224955623281966,0.35088803542826413
CSD,LightGBM,CARLSBERG SPORT,,0.8121162950222246,0.145372192678737,0.17900415687972213
CSD,LightGBM,CHUPA CHUPS,,222.64508309654698,18.898835093435384,0.08488323582353788
CSD,LightGBM,CHUPA CHUPS,,314.3821989393408,71.70250284859769,0.2280743092023238
CSD,LightGBM,CHUPA CHUPS,,170.9706445127717,33.609651768892824,0.19658141820002406
CSD,LightGBM,CHUPA CHUPS,,184.60440849886646,35.0270952894697,0.1897413803619147
CSD,LightGBM,CHUPA CHUPS,,186.87568208450165,51.217230956415534,0.2740711385511148
CSD,LightGBM,CHUPA CHUPS,,59.4921902316187,8.572583588211444,0.14409594864193312
CSD,LightGBM,CHUPA CHUPS,,34.6524420843855,9.742011083920623,0.2811349070347456
CSD,LightGBM,COCA COLA,,2997265.646101418,118845.33366988541,0.039651251407918774
CSD,LightGBM,COCA COLA,,3992054.7687263764,45759.4081351263,0.011462620326154836
CSD,LightGBM,COCA COLA,,4726799.339983938,139097.07478498766,0.029427328045928923
CSD,LightGBM,COCA COLA,,4057468.432026738,86301.93632666515,0.021269897171709268
CSD,LightGBM,COCA COLA,,4663860.353619972,108701.13532260718,0.023307116225775512
CSD,LightGBM,COCA COLA,,6382683.404873377,158652.52489271286,0.024856712268005763
CSD,LightGBM,COCA COLA,,4563543.629515001,46890.66690972514,0.010275056122276745
CSD,LightGBM,D&G,,1.0665496714919525,0.3538265344672693,0.3317487632548008
CSD,LightGBM,D&G,,0.6957004184772877,0.34084569019761685,0.48993170213069853
CSD,LightGBM,D&G,,0.5667671208089685,0.10647866845949609,0.1878702284414717
CSD,LightGBM,D&G,,1.3754030286346912,0.08210175942916645,0.059692873812169554
CSD,LightGBM,D&G,,0.3696696699427842,0.1792306744689458,0.48484008573569565
CSD,LightGBM,DEPANNEUR FRIZZANTE,,2.590223611003123,0.41513538578081643,0.16027009560770925
CSD,LightGBM,DEPANNEUR FRIZZANTE,,8.082044252963012,1.512741569061997,0.18717313611681854
CSD,LightGBM,DEPANNEUR FRIZZANTE,,4.217105936319866,0.9922334601197339,0.23528777201779863
CSD,LightGBM,DEPANNEUR FRIZZANTE,,3.2960929932407894,0.8632348831225432,0.2618963982183622
CSD,LightGBM,DEPANNEUR FRIZZANTE,,6.434470843452388,2.1169051565514874,0.328994443840804
CSD,LightGBM,DEPANNEUR FRIZZANTE,,6.480579668857912,1.5103184413429427,0.2330529857692668
CSD,LightGBM,DEPANNEUR FRIZZANTE,,10.585744050224246,5.637043071896389,0.5325126930285996
CSD,LightGBM,DOCTOR POLIDORIS,,1.1035167233418295,0.11151812748871333,0.1010570344153897
CSD,LightGBM,DOCTOR POLIDORIS,,0.9627413351734321,0.21757994361930452,0.22600041742272217
CSD,LightGBM,DOCTOR POLIDORIS,,1.4322862682739113,0.21839370448410217,0.15247908837895557
CSD,LightGBM,DOCTOR POLIDORIS,,1.0060169640721661,0.20490303768475035,0.20367751738036471
CSD,LightGBM,DOCTOR POLIDORIS,,2.0268786860928922,0.4680175927071823,0.23090557709171794
CSD,LightGBM,DOCTOR POLIDORIS,,5.004220862941281,1.3660246887030758,0.27297450015029534
CSD,LightGBM,DOCTOR POLIDORIS,,4.907287721541056,1.0027164291898438,0.2043321048383437
CSD,LightGBM,DOUBLE DUTCH,,2142.889374064774,279.72917693622423,0.13053831911332664
CSD,LightGBM,DOUBLE DUTCH,,1982.7657122401492,270.01799269568636,0.13618250054900194
CSD,LightGBM,DOUBLE DUTCH,,834.4625987753416,141.56981629090507,0.16965387843466337
CSD,LightGBM,DOUBLE DUTCH,,4426.2014050316775,773.993412900052,0.17486628873692492
CSD,LightGBM,DOUBLE DUTCH,,1525.5296857259677,101.90904608853147,0.0668024011869917
CSD,LightGBM,DOUBLE DUTCH,,2895.322494461036,768.291832693831,0.26535621995947933
CSD,LightGBM,DOUBLE DUTCH,,411.48622586991576,58.90038619544099,0.14314060226662684
CSD,LightGBM,DR PEPPER,,12850.907191322574,1128.1418767005985,0.08778694452500312
CSD,LightGBM,DR PEPPER,,19511.057712557114,1175.925029110238,0.06026967099551066
CSD,LightGBM,DR PEPPER,,14788.478806723277,1084.7737736563288,0.07335262726029393
CSD,LightGBM,DR PEPPER,,15028.650975095234,975.7536647553081,0.06492623099520248
CSD,LightGBM,DR PEPPER,,12364.63162329129,959.7036116927118,0.07761683816644528
CSD,LightGBM,DR PEPPER,,16686.42860355536,1212.4815742222254,0.07266273706788781
CSD,LightGBM,DR PEPPER,,21492.947239140918,485.2185659628013,0.022575711025762314
CSD,LightGBM,EAGLE,,0.992655729459651,0.09563105373802552,0.09633859040946853
CSD,LightGBM,EAGLE,,1.4674647930723466,0.020473747334000484,0.013951780942652653
CSD,LightGBM,EAGLE,,0.014429954055975669,0.011674340184934396,0.8090351597550561
CSD,LightGBM,EAGLE,,1.782927948653986,0.050417829643863134,0.028278108311626315
CSD,LightGBM,EAGLE,,0.866821242339064,0.019223044848335934,0.02217648104292383
CSD,LightGBM,EAGLE,,0.2592992587730935,0.007484109661045585,0.02886282705341147
CSD,LightGBM,EASIS,,1.438245497796191,0.2974261123583708,0.2067978747815403
CSD,LightGBM,EASIS,,0.624857351037614,0.3187190856943897,0.5100669539457879
CSD,LightGBM,EASIS,,5.275808527852514,1.5829004281263077,0.30002992333207695
CSD,LightGBM,EASIS,,0.05562653700807446,0.0755405247210695,1.3579943815324045
CSD,LightGBM,EASIS,,47123.44875959579,6882.763261757141,0.1460581396932583
CSD,LightGBM,EASIS,,24057.84013651225,2518.593524587801,0.1046890955420959
CSD,LightGBM,EAST IMPERIAL,,3.868232496615802,0.3469677023933398,0.08969670326095734
CSD,LightGBM,EAST IMPERIAL,,0.2371513110024716,0.17544456970484704,0.7398001257645105
CSD,LightGBM,EAST IMPERIAL,,0.20661732495375773,0.20679192088084988,1.0008450207509523
CSD,LightGBM,EAST IMPERIAL,,0.7974745991853162,0.25772648927510783,0.32317830503742184
CSD,LightGBM,EBELTOFT,,2857.5059231798505,232.65990055757916,0.08142061882366065
CSD,LightGBM,EBELTOFT,,3062.820639429659,196.45641099601497,0.06414231655190816
CSD,LightGBM,EBELTOFT,,3269.400328003159,272.63727480810326,0.08339060606096564
CSD,LightGBM,EBELTOFT,,4356.46746395345,284.1030884436712,0.06521409623609367
CSD,LightGBM,EBELTOFT,,3735.0460090958904,392.7955588496416,0.10516485148859576
CSD,LightGBM,EBELTOFT,,6669.507209625148,501.99518666483533,0.07526720803905532
CSD,LightGBM,EBELTOFT,,4240.542925272401,210.50638290720855,0.049641375318394215
CSD,LightGBM,EFFERVE,,573.4572172225866,57.86242019261321,0.10090102357218045
CSD,LightGBM,EFFERVE,,634.6018402293859,132.32727663101898,0.2085201590073981
CSD,LightGBM,EFFERVE,,466.0270708395742,53.208425223924934,0.11417453738914123
CSD,LightGBM,EFFERVE,,582.4441731056758,63.83715121637199,0.10960218019863287
CSD,LightGBM,EFFERVE,,432.7300323481207,85.4029057834725,0.1973583976135217
CSD,LightGBM,EFFERVE,,2254.135938244026,594.8149736738087,0.2638771529179248
CSD,LightGBM,EFFERVE,,1033.3881811234328,150.61768864710874,0.14575131726721213
CSD,LightGBM,EGO,,84276.2771454007,4767.861142668065,0.05657417845406413
CSD,LightGBM,EGO,,94850.38434061108,2894.906374956864,0.030520765889162377
CSD,LightGBM,EGO,,117069.63488108749,6148.375479082606,0.05251896006447588
CSD,LightGBM,EGO,,104281.81338195031,3137.211049497587,0.030083970998921974
CSD,LightGBM,EGO,,117846.21038461008,5852.895748961785,0.04966554062162812
CSD,LightGBM,EGO,,131976.87982940505,3828.1767016730755,0.02900641920479878
CSD,LightGBM,EGO,,113598.05487744082,3732.236234858091,0.03285475476569333
CSD,LightGBM,FANTA,,854298.7601848899,78326.77119087492,0.09168545576950528
CSD,LightGBM,FANTA,,660749.1073002557,28328.08515734888,0.042872680181278114
CSD,LightGBM,FANTA,,696682.152698512,63612.006778566,0.09130707099668446
CSD,LightGBM,FANTA,,543882.2551813904,24699.31883622113,0.04541298893449584
CSD,LightGBM,FANTA,,893817.756344523,83983.84070759668,0.09396081036817647
CSD,LightGBM,FANTA,,882021.3754251103,41874.194151226686,0.04747526003102188
CSD,LightGBM,FANTA,,667677.8252027081,37512.08809900168,0.05618291739374892
CSD,LightGBM,FAXE KONDI,,2011832.519022464,54035.01410222451,0.026858604576329128
CSD,LightGBM,FAXE KONDI,,2459689.0763511974,96091.12115621255,0.03906636903016946
CSD,LightGBM,FAXE KONDI,,3591405.5962321013,142772.69322761887,0.0397539875132477
CSD,LightGBM,FAXE KONDI,,2683749.093122215,96338.73810511453,0.03589707337098199
CSD,LightGBM,FAXE KONDI,,3212634.512228935,58474.76568535664,0.01820149956765131
CSD,LightGBM,FAXE KONDI,,4212980.055720847,139093.8823457995,0.03301555680448156
CSD,LightGBM,FAXE KONDI,,2874060.0305887526,65998.37928039696,0.022963465821163504
CSD,LightGBM,FENTIMANS,,4388.474509906497,562.4139113057026,0.1281570418231017
CSD,LightGBM,FENTIMANS,,8402.172545311903,842.674159750227,0.10029241308789921
CSD,LightGBM,FENTIMANS,,6274.664352627065,680.2265557124485,0.10840843708678258
CSD,LightGBM,FENTIMANS,,6740.154466095902,666.1469744550304,0.0988325976512646
CSD,LightGBM,FENTIMANS,,5046.333810985604,380.652438545522,0.07543148210228613
CSD,LightGBM,FENTIMANS,,11609.613156526137,1098.2127336782403,0.09459511862037363
CSD,LightGBM,FENTIMANS,,8001.615601722589,531.7650652035301,0.06645721210214742
CSD,LightGBM,FEVER TREE,,180674.95536401277,7197.043281891904,0.03983420539604809
CSD,LightGBM,FEVER TREE,,219157.87509428113,15507.160309035373,0.07075794243015102
CSD,LightGBM,FEVER TREE,,195344.76245686185,7570.413026905865,0.03875411314689149
CSD,LightGBM,FEVER TREE,,144967.11118724232,7443.581030355331,0.05134668801353886
CSD,LightGBM,FEVER TREE,,140809.94184851498,8044.030016201058,0.057126861289772575
CSD,LightGBM,FEVER TREE,,246328.18896226623,11805.287372351337,0.047925036196972685
CSD,LightGBM,FEVER TREE,,189844.24424396997,4850.943656245961,0.025552229279134663
CSD,LightGBM,FINGERS CROSSED,,245.41962912001935,29.283645364167615,0.1193207139509074
CSD,LightGBM,FINGERS CROSSED,,129.7730878051689,25.760601341349364,0.19850495797729883
CSD,LightGBM,FINGERS CROSSED,,67.94115354902513,16.05497730779249,0.23630710503329186
CSD,LightGBM,FINGERS CROSSED,,38.10268331243431,6.314358862086614,0.16571953240957196
CSD,LightGBM,FINGERS CROSSED,,40.85208550439836,10.854094184238418,0.2656925356496134
CSD,LightGBM,FINGERS CROSSED,,41.097645336008455,7.36638680689919,0.17924109147063458
CSD,LightGBM,FINGERS CROSSED,,96.65284432786481,22.26209041235441,0.2303304219049899
CSD,LightGBM,FRANKLIN & SONS,,422.91418711967754,44.952422253703034,0.10629206496915712
CSD,LightGBM,FRANKLIN & SONS,,314.4619995729551,47.752228734581394,0.15185373367665966
CSD,LightGBM,FRANKLIN & SONS,,497.2448395234754,54.50503401501618,0.10961407677402944
CSD,LightGBM,FRANKLIN & SONS,,366.8264754908273,60.58528201583695,0.1651606033473228
CSD,LightGBM,FRANKLIN & SONS,,349.0784266424165,48.622636631855315,0.1392885750618517
CSD,LightGBM,FRANKLIN & SONS,,304.8350565335817,26.572704535836106,0.08717076322522231
CSD,LightGBM,FRANKLIN & SONS,,259.34793477277066,24.28799189615897,0.0936502228847091
CSD,LightGBM,FREM,,29130.456316920743,2009.980764385649,0.06899928866607317
CSD,LightGBM,FREM,,34356.19901521669,3780.4248566124284,0.11003617876756512
CSD,LightGBM,FREM,,50206.96385206901,3006.972995736409,0.05989155218778465
CSD,LightGBM,FREM,,41005.5968220888,2167.991736255865,0.05287062996941959
CSD,LightGBM,FREM,,46416.64519410648,831.7177650623439,0.017918523874016365
CSD,LightGBM,FREM,,74693.43113283181,1372.107086067954,0.01836984946678716
CSD,LightGBM,FREM,,46831.10493672028,2241.027391027761,0.0478533956022586
CSD,LightGBM,FRESH,,20838.471363220597,1180.3952626615885,0.056645002509395095
CSD,LightGBM,FRESH,,15573.148404194992,466.15094198260834,0.029932992987920137
CSD,LightGBM,FRESH,,19750.436066209128,2303.0145768648667,0.1166057584320924
CSD,LightGBM,FRESH,,19402.101350577595,825.0368890524401,0.04252306872048573
CSD,LightGBM,FRESH,,28091.220003689996,1847.58716412317,0.06577098338486101
CSD,LightGBM,FRESH,,38231.31609433473,6929.9702099255455,0.18126423356250757
CSD,LightGBM,FRESH,,47070.93901498258,1214.7185526747508,0.025806125352377366
CSD,LightGBM,FRESH MOJITO,,4512.8554234500125,1210.199572230275,0.2681671488835543
CSD,LightGBM,FRESH MOJITO,,3244.281134761409,285.8058777250767,0.08809528701528373
CSD,LightGBM,FRESH MOJITO,,5988.698774684961,268.798242765441,0.04488424829475269
CSD,LightGBM,FRESH MOJITO,,4557.228217473072,372.33301058445034,0.08170163810468647
CSD,LightGBM,FRESH MOJITO,,4369.152809634367,425.966489120672,0.09749406983005454
CSD,LightGBM,FRESH MOJITO,,17384.47885785558,1633.4964041993398,0.09396292046230689
CSD,LightGBM,FRESH MOJITO,,16290.206036672982,593.7820911747053,0.03645025052709376
CSD,LightGBM,FUGLSANG,,323.27910606150374,45.742162203068,0.14149433522117438
CSD,LightGBM,FUGLSANG,,293.2430997502497,25.292003072450633,0.08624926927177967
CSD,LightGBM,FUGLSANG,,81.93639896089456,17.049850213984296,0.2080863990876827
CSD,LightGBM,FUGLSANG,,98.38556602727337,14.13359299679604,0.14365514747232414
CSD,LightGBM,FUGLSANG,,188.16737799115558,21.20387372534025,0.11268623685842558
CSD,LightGBM,FUGLSANG,,184.79164331054713,10.472358399777956,0.05667116873991367
CSD,LightGBM,FUGLSANG,,168.6404739534019,29.33403321289901,0.17394420523868118
CSD,LightGBM,GALVANINA,,926.1153345029176,243.5379683244731,0.26296721288519587
CSD,LightGBM,GALVANINA,,324.1185905403848,66.94529688554583,0.20654568679300894
CSD,LightGBM,GALVANINA,,8.5423259774461,2.707368664683784,0.31693577040163556
CSD,LightGBM,GALVANINA,,227.55354926132705,47.12658267583373,0.2071010662273284
CSD,LightGBM,GALVANINA,,3.2371741500008837,0.9559300073108571,0.295297677238216
CSD,LightGBM,GALVANINA,,3.1814113899276064,0.5096685824266366,0.1602020361278188
CSD,LightGBM,GALVANINA,,128.5858456413368,32.56411538495895,0.2532480555891798
CSD,LightGBM,GAZOZ,,12.98273172761202,2.7983488291879235,0.2155439154023587
CSD,LightGBM,GAZOZ,,14.307396907661666,1.166432870806299,0.08152656128395164
CSD,LightGBM,GAZOZ,,2.321999910462723,0.5367599597116407,0.23116278226069198
CSD,LightGBM,GAZOZ,,0.21831593776154543,0.14410929176070142,0.6600951503508834
CSD,LightGBM,GAZOZ,,0.6807414587113496,0.1380743916078222,0.20282941466382612
CSD,LightGBM,GAZOZ,,1.1838316181170416,0.436566632752865,0.36877426322440315
CSD,LightGBM,GAZOZ,,90.2235782898131,24.24800417384532,0.2687546274872485
CSD,LightGBM,GUARANA ANARCTICA,,16544.48830850985,1126.3872009787294,0.06808232324715409
CSD,LightGBM,GUARANA ANARCTICA,,11061.90891933392,848.7189677561098,0.07672445813332682
CSD,LightGBM,GUARANA ANARCTICA,,24284.022138970628,2489.0185072904637,0.10249613894463244
CSD,LightGBM,GUARANA ANARCTICA,,29612.74053785546,2499.9647925748855,0.08442193282918392
CSD,LightGBM,GUARANA ANARCTICA,,29918.13154766609,2401.765375361608,0.08027792014802373
CSD,LightGBM,GUARANA ANARCTICA,,36513.07210152928,4723.41643429094,0.12936233963433355
CSD,LightGBM,GUARANA ANARCTICA,,46908.92856952107,1660.2692849085104,0.03539345995609171
CSD,LightGBM,HANCOCK,,254027.0509214968,25741.17067565896,0.10133239976719596
CSD,LightGBM,HANCOCK,,252981.2076492139,8582.3724018857,0.033924940439789886
CSD,LightGBM,HANCOCK,,323304.3043406626,19187.783915857075,0.05934898997088233
CSD,LightGBM,HANCOCK,,321806.003180884,13260.892211264321,0.04120772167140246
CSD,LightGBM,HANCOCK,,332595.88706095563,8402.385956260408,0.025263048291154857
CSD,LightGBM,HANCOCK,,381290.0394080234,8401.695098761573,0.02203491890794139
CSD,LightGBM,HANCOCK,,269179.110223752,15792.940372187188,0.058670750338165135
CSD,LightGBM,HARBOE,,4550941.954739449,196251.93298359998,0.04312336543409854
CSD,LightGBM,HARBOE,,4104347.67112215,130608.9902561639,0.031822106878303204
CSD,LightGBM,HARBOE,,5594255.094099555,64175.15676055397,0.011471617879606816
CSD,LightGBM,HARBOE,,5852587.618378712,220341.53417532032,0.03764856650473513
CSD,LightGBM,HARBOE,,6461423.134858592,200770.54758483655,0.031072186946201348
CSD,LightGBM,HARBOE,,6401872.847072463,192647.94188660014,0.030092434899686715
CSD,LightGBM,HARBOE,,5924942.827839134,112545.98540695969,0.018995286313675024
CSD,LightGBM,HARBOE OTHER,,83616.54222259972,3043.2910778751066,0.036395801560095746
CSD,LightGBM,HARBOE OTHER,,88507.48916510641,2927.7940561144374,0.03307961940545822
CSD,LightGBM,HARBOE OTHER,,116789.25158085399,6143.854045407511,0.05260633116699168
CSD,LightGBM,HARBOE OTHER,,107878.22223881511,2533.489434254043,0.02348471620755427
CSD,LightGBM,HARBOE OTHER,,82570.61398674786,4457.525691945087,0.05398440772961305
CSD,LightGBM,HARBOE OTHER,,91328.46907097587,1891.1051746339476,0.02070663391022438
CSD,LightGBM,HARBOE OTHER,,83827.33792084528,4581.600973293128,0.0546552125706216
CSD,LightGBM,HATA RAMUNE,,1034.7312043461873,90.52745400114803,0.08748886050880177
CSD,LightGBM,HATA RAMUNE,,1601.7950875930314,109.55715260212862,0.06839648432606746
CSD,LightGBM,HATA RAMUNE,,2486.495067667579,627.5777332431811,0.2523945216717729
CSD,LightGBM,HATA RAMUNE,,777.7964878286108,97.69118400426765,0.12559992945840368
CSD,LightGBM,HATA RAMUNE,,1140.6514900439547,202.81510086335848,0.17780636998557994
CSD,LightGBM,HATA RAMUNE,,2362.124394628572,314.69088291211284,0.1332236708734367
CSD,LightGBM,HATA RAMUNE,,1501.6832518458255,137.04042379805037,0.09125787587336029
CSD,LightGBM,HAWAI,,87.03664115796,18.055941257961077,0.2074521835601621
CSD,LightGBM,HAWAI,,101.48134398443928,21.963759173917975,0.21643149678117984
CSD,LightGBM,HAWAI,,136.40082238750895,46.544296531916366,0.3412317881756313
CSD,LightGBM,HAWAI,,159.3036212756549,37.82082596863454,0.23741347287511028
CSD,LightGBM,HAWAI,,102.48119573574532,17.903118961375064,0.17469662441819536
CSD,LightGBM,HAWAI,,116.8409366781165,8.567245151988333,0.07332400266175645
CSD,LightGBM,HAWAI,,81.12898732580686,9.874381575784275,0.12171212659329309
CSD,LightGBM,INDI & CO,,0.38022932166319096,0.2778481181765025,0.730738273842599
CSD,LightGBM,INDI & CO,,0.05586067638904574,0.20180735886874354,3.6126909288251636
CSD,LightGBM,INDI & CO,,3.600242362604264,1.0159131182615575,0.28217909127836843
CSD,LightGBM,INDI & CO,,2.729333587972838,1.068635772185521,0.3915372517652672
CSD,LightGBM,INDI & CO,,0.4479577316293585,0.08150288504523921,0.18194324886142368
CSD,LightGBM,JARRITOS,,4964.7809716318825,492.4270980662394,0.09918405280714382
CSD,LightGBM,JARRITOS,,5269.013103099619,401.8695280353458,0.07627036034488825
CSD,LightGBM,JARRITOS,,18701.402075392434,1543.2117763535412,0.08251850690832004
CSD,LightGBM,JARRITOS,,16674.945516940068,1345.3956813838486,0.08068366280519848
CSD,LightGBM,JARRITOS,,16068.655365476665,1363.8142056528802,0.08487419604399635
CSD,LightGBM,JARRITOS,,23072.641841936864,1154.971506843623,0.05005805207552545
CSD,LightGBM,JARRITOS,,13286.988111346374,905.8855960123913,0.0681784004336403
CSD,LightGBM,JOLLY,,709290.0015479786,45442.41603717129,0.06406747019977191
CSD,LightGBM,JOLLY,,805720.4360495622,47479.60099647753,0.05892813297534
CSD,LightGBM,JOLLY,,477694.9607731964,38424.38090613349,0.08043706562016027
CSD,LightGBM,JOLLY,,531820.6141298239,12126.05646471217,0.022801027531723417
CSD,LightGBM,JOLLY,,519415.9933203495,28357.904428630252,0.05459574751896508
CSD,LightGBM,JOLLY,,397466.75573336624,25627.21054506845,0.06447636230049898
CSD,LightGBM,JOLLY,,468333.9222228298,32360.919583014253,0.0690979620468687
CSD,LightGBM,KIMURA,,2.3577195579281494,0.45776867028512175,0.19415738769516203
CSD,LightGBM,KIMURA,,2.3879680400477232,0.5827438296022442,0.24403334543396912
CSD,LightGBM,KIMURA,,1.3905542357525538,0.35497801546433155,0.2552780800183756
CSD,LightGBM,KIMURA,,2.37956168276463,0.8989216699545621,0.37776775297128423
CSD,LightGBM,KIMURA,,0.4416464146451782,0.22785577253287587,0.5159235193065855
CSD,LightGBM,KINLEY,,2144.798491240943,208.55531534094447,0.0972377200900948
CSD,LightGBM,KINLEY,,1789.9422669889877,212.28905175724458,0.11860106086793169
CSD,LightGBM,KINLEY,,3156.553731010654,392.48863056340304,0.12434086792425278
CSD,LightGBM,KINLEY,,2439.089741562836,259.51369746767256,0.10639776513568963
CSD,LightGBM,KINLEY,,2622.431014294189,360.2882620821051,0.1373871267225973
CSD,LightGBM,KINLEY,,2599.504594255597,65.285749540355,0.025114689039066863
CSD,LightGBM,KINLEY,,3030.1662215900847,111.74010832734221,0.036875900579706945
CSD,LightGBM,LE TRIBUTE,,96.29262558769638,15.108317705869402,0.1569000493408484
CSD,LightGBM,LE TRIBUTE,,26.575224726391923,4.990196201124394,0.18777625598660008
CSD,LightGBM,LE TRIBUTE,,65.21908133385328,5.517422946950589,0.08459829292453801
CSD,LightGBM,LE TRIBUTE,,24.889154708652086,3.6600212071200273,0.14705285293789883
CSD,LightGBM,LE TRIBUTE,,106.58143492152881,18.62789896166014,0.1747762072763895
CSD,LightGBM,LE TRIBUTE,,70.25485828228052,13.199346818300045,0.18787806482031075
CSD,LightGBM,LE TRIBUTE,,50.25237551801226,5.742719296461544,0.11427756871718725
CSD,LightGBM,LE VILLAGE,,6383.055938641313,272.41143335558456,0.042677274956416815
CSD,LightGBM,LE VILLAGE,,18378.554997673942,4887.456421991336,0.2659325731870602
CSD,LightGBM,LE VILLAGE,,6484.306578998951,377.8527875139991,0.05827188812104749
CSD,LightGBM,LE VILLAGE,,11670.885968429367,1589.0252858295653,0.13615292704666976
CSD,LightGBM,LE VILLAGE,,16441.286688036824,2910.125279004741,0.17700106653588346
CSD,LightGBM,LE VILLAGE,,14289.241863556404,2655.6311858727545,0.1858482914090589
CSD,LightGBM,LE VILLAGE,,13199.13426579826,990.158953554921,0.07501696199277491
CSD,LightGBM,LEMONAID,,35.67837475833502,3.513045489769279,0.09846428021356486
CSD,LightGBM,LEMONAID,,54.02471525162916,12.239663992685243,0.22655675158447308
CSD,LightGBM,LEMONAID,,18.624153794625176,1.646575765789832,0.08841076936687584
CSD,LightGBM,LEMONAID,,132.95685594553046,35.98246559988162,0.27063264503353524
CSD,LightGBM,LEMONAID,,132.7722351256532,36.255284013604026,0.27306374694447744
CSD,LightGBM,LEMONAID,,57.62772629562245,11.126252892006626,0.1930711761024624
CSD,LightGBM,LEMONAID,,178.6327011305126,23.573133479193764,0.13196426706871978
CSD,LightGBM,LORINA,,4.578230537149348,0.6571012509701051,0.14352734001447895
CSD,LightGBM,LORINA,,0.3394193552803363,0.07558898556052719,0.22270086954262244
CSD,LightGBM,LORINA,,3.9785248077907354,0.9168731045711409,0.23045554542621494
CSD,LightGBM,LORINA,,2.9832482929563504,0.5375286984492569,0.18018235348308026
CSD,LightGBM,LORINA,,0.7019727364361136,0.1609484460701426,0.22928019524984858
CSD,LightGBM,LORINA,,0.6680764065926582,0.19492274119136263,0.29176713811151184
CSD,LightGBM,LORINA,,0.3696696699427842,0.1792306744689458,0.48484008573569565
CSD,LightGBM,LØGISMOSE,,8527.132806890437,309.3844952064195,0.03628235917193857
CSD,LightGBM,LØGISMOSE,,8921.044832000323,863.8605687684139,0.096834012723453
CSD,LightGBM,LØGISMOSE,,6728.9523877081865,1044.0535617951602,0.15515841124130086
CSD,LightGBM,LØGISMOSE,,7923.723426256578,318.13706067598025,0.04014994511567379
CSD,LightGBM,LØGISMOSE,,7464.7635181375645,697.8106158876271,0.09348060580782186
CSD,LightGBM,LØGISMOSE,,8814.759521033873,842.2817753544076,0.09555357390573684
CSD,LightGBM,LØGISMOSE,,10754.703467169902,602.5517754817347,0.05602681443715306
CSD,LightGBM,MACARN,,7.899224531283991,1.7622299495806988,0.2230889807729335
CSD,LightGBM,MACARN,,10.814162557171239,0.8667065398232161,0.08014550689812533
CSD,LightGBM,MACARN,,3.6391923530271706,0.7628581136665459,0.20962291620336626
CSD,LightGBM,MACARN,,2.9857964355272912,0.5603136611875784,0.1876596992750536
CSD,LightGBM,MACARN,,3.6497231433741844,1.7829099882203494,0.4885055436210544
CSD,LightGBM,MACARN,,2.066461152645311,0.29925723075510774,0.14481628670929703
CSD,LightGBM,MACARN,,1.199842832278834,0.14450228432858087,0.12043434393330583
CSD,LightGBM,MG TONICA,,0.5690255174312098,0.10389433242301976,0.18258290575796485
CSD,LightGBM,MG TONICA,,0.2615537779094578,0.02064237666941439,0.07892211244052523
CSD,LightGBM,MG TONICA,,0.6132337447417394,0.20818738556250044,0.339491078805811
CSD,LightGBM,MG TONICA,,0.33399196746719656,0.12285616502774573,0.36784167583255484
CSD,LightGBM,MILKIS,,8.557818445692496,2.4277656044030174,0.2836897767590539
CSD,LightGBM,MILKIS,,48.498369003946586,10.317089548041405,0.21273064970910352
CSD,LightGBM,MILKIS,,51.4114249930909,6.626204571462926,0.12888583758091537
CSD,LightGBM,MILKIS,,31.324064644753253,6.478542762919588,0.20682318327435634
CSD,LightGBM,MILKIS,,7.718029522101572,1.3661919691235824,0.17701305303527481
CSD,LightGBM,MILKIS,,7.850588591136396,1.4497221497402741,0.18466413478564703
CSD,LightGBM,MILKIS,,18.697548305111187,3.4988210590879234,0.18712726406656646
CSD,LightGBM,MIRINDA,,28375.647953967815,3534.985128461697,0.12457812890110212
CSD,LightGBM,MIRINDA,,28644.122873589447,1802.0699018953753,0.06291237856534004
CSD,LightGBM,MIRINDA,,25366.637492394908,2213.4828258408256,0.08725960728947393
CSD,LightGBM,MIRINDA,,27278.401535298977,2984.857617013525,0.10942201335188355
CSD,LightGBM,MIRINDA,,17152.164560941044,486.38069216686694,0.028356811202386336
CSD,LightGBM,MIRINDA,,19155.566468961642,859.9841470955716,0.04489473848184185
CSD,LightGBM,MIRINDA,,18803.540506588037,1097.7601647451033,0.058380503626989315
CSD,LightGBM,MOUNTAIN DEW.,,11148.27323850474,1338.6540054942948,0.1200772511451147
CSD,LightGBM,MOUNTAIN DEW.,,22181.19862104365,1862.6965902927125,0.083976372157163
CSD,LightGBM,MOUNTAIN DEW.,,26206.365405526627,1993.3022221800736,0.0760617579483078
CSD,LightGBM,MOUNTAIN DEW.,,10063.573665686963,1269.8393679565263,0.126181753136682
CSD,LightGBM,MOUNTAIN DEW.,,10497.798589369926,609.7098733958799,0.0580797838904313
CSD,LightGBM,MOUNTAIN DEW.,,22318.31442843285,2981.6440344184475,0.13359629124231373
CSD,LightGBM,MOUNTAIN DEW.,,23155.903968692997,695.8361741561937,0.030050054409319144
CSD,LightGBM,NATUR FRISK,,636.1267606691474,103.8883327370184,0.16331388515669007
CSD,LightGBM,NATUR FRISK,,449.1972853949762,43.32606092334378,0.09645218778481145
CSD,LightGBM,NATUR FRISK,,650.5146623574857,81.48295168545235,0.1252592084399075
CSD,LightGBM,NATUR FRISK,,567.8578114466878,101.90628640618411,0.1794573999899117
CSD,LightGBM,NATUR FRISK,,719.0270759574927,93.83647406413735,0.13050478514898756
CSD,LightGBM,NATUR FRISK,,580.9895160317685,52.15357731592523,0.08976681312967698
CSD,LightGBM,NATUR FRISK,,344.26143095095995,47.71374813611147,0.13859742581186302
CSD,LightGBM,NICOLAS VAHE,,2.4319930274723744,0.30884210809006,0.1269913624756756
CSD,LightGBM,NICOLAS VAHE,,1.6942970044542054,0.47448231193695123,0.28004671594741987
CSD,LightGBM,NICOLAS VAHE,,3.3785751707505476,0.5845139145048279,0.17300604099774364
CSD,LightGBM,NICOLAS VAHE,,0.4296326014763402,0.13935595723200078,0.3243607602242799
CSD,LightGBM,NICOLAS VAHE,,1.5439142249528035,0.39830578166401187,0.2579843978548665
CSD,LightGBM,NICOLAS VAHE,,3.6740377217132107,0.6882598435926309,0.18733064157863194
CSD,LightGBM,NICOLAS VAHE,,0.7849102197057306,0.4634727352148261,0.5904786605894696
CSD,LightGBM,NIKOLINE,,225.51937972032692,21.185569644864056,0.0939412376494512
CSD,LightGBM,NIKOLINE,,149.8110255473817,25.905958553480094,0.1729242454540614
CSD,LightGBM,NIKOLINE,,285.44070255438385,29.31300150170871,0.10269383882322748
CSD,LightGBM,NIKOLINE,,313.89729670332133,23.821208850251175,0.0758885441207405
CSD,LightGBM,NIKOLINE,,285.6067666338919,34.02802295962777,0.11914291583730913
CSD,LightGBM,NIKOLINE,,642.1585828400563,36.73962530426346,0.057212698367708766
CSD,LightGBM,NIKOLINE,,452.21129402005397,14.06886433934323,0.031111262645110598
CSD,LightGBM,NODA,,31293.248934797848,1461.464104692468,0.04670221707364272
CSD,LightGBM,NODA,,31224.794464730272,1258.0470692611414,0.04029000321145937
CSD,LightGBM,NODA,,50698.69610433922,1547.4729735917524,0.03052293436515632
CSD,LightGBM,NODA,,47367.70838953977,5238.628297617854,0.11059492797364674
CSD,LightGBM,NODA,,52831.66343461965,4726.878539867293,0.08947056050424967
CSD,LightGBM,NODA,,74796.7462320537,4886.092616267428,0.0653249354070635
CSD,LightGBM,NODA,,101859.39762170955,7207.344758257059,0.0707577791204308
CSD,LightGBM,NORNIR,,53507.711168571564,7271.677421134967,0.13589961637914497
CSD,LightGBM,NORNIR,,69173.18641511558,14147.156403275874,0.20451792286070644
CSD,LightGBM,NORNIR,,73342.64505903468,6382.134318455442,0.08701805495722657
CSD,LightGBM,NORNIR,,103170.92402245088,8018.346758829169,0.07771905539088035
CSD,LightGBM,NORNIR,,97918.26825003888,4299.274701281192,0.04390676814568241
CSD,LightGBM,NORNIR,,160282.9851654835,13573.473561137691,0.08468443201955476
CSD,LightGBM,NORNIR,,151664.6318883803,5556.870625529458,0.036639198976984394
CSD,LightGBM,OLD JAMAICA,,20.340439038979138,4.8093085037830425,0.23644074223603465
CSD,LightGBM,OLD JAMAICA,,16.293968173914898,0.9106405940983412,0.05588820257769932
CSD,LightGBM,OLD JAMAICA,,8.048530301087833,2.1422520384117716,0.2661668600691267
CSD,LightGBM,OLD JAMAICA,,8.95017526042078,1.2492567493598208,0.13957902644479486
CSD,LightGBM,OLD JAMAICA,,2.782402619922144,0.6932510304527841,0.24915554114601227
CSD,LightGBM,OLD JAMAICA,,0.8587490134476713,0.2748486211815324,0.3200569862410451
CSD,LightGBM,ORANGINA,,8880.049803010554,1094.289503982617,0.12323010886849149
CSD,LightGBM,ORANGINA,,2251.8667147475353,361.85812361333876,0.1606925140122727
CSD,LightGBM,ORANGINA,,11267.14009287979,1851.2868694821946,0.1643084983608312
CSD,LightGBM,ORANGINA,,3741.5945392878193,1091.40848288349,0.29169608610002684
CSD,LightGBM,ORANGINA,,2090.316069855785,104.06227699389295,0.049783034486776165
CSD,LightGBM,ORANGINA,,2228.382060238876,353.47629092090983,0.1586246349887677
CSD,LightGBM,ORANGINA,,8260.029152996332,702.5070223650586,0.08504897614195751
CSD,LightGBM,PACHA,,204.6658579702096,23.77618367408807,0.11617073756165448
CSD,LightGBM,PACHA,,437.0093148503259,102.64954983830845,0.2348909882469337
CSD,LightGBM,PACHA,,198.6921313874721,47.684980099669474,0.23999430559571772
CSD,LightGBM,PACHA,,172.2578608891544,32.07008477361197,0.18617486951291376
CSD,LightGBM,PACHA,,188.6420224740645,14.756386714789409,0.07822428174410712
CSD,LightGBM,PACHA,,184.7147345862571,44.16714388430831,0.23911002001674844
CSD,LightGBM,PACHA,,89.16951833290119,24.133292599742493,0.2706450931992749
CSD,LightGBM,PEPSI,,3401490.2583575384,55536.93106271996,0.016327235077702916
CSD,LightGBM,PEPSI,,3122267.2411905816,95730.57146245446,0.03066059503156127
CSD,LightGBM,PEPSI,,5121884.377805362,249517.83819064996,0.04871602320268775
CSD,LightGBM,PEPSI,,3593621.0524817496,151312.20047854018,0.04210577528035244
CSD,LightGBM,PEPSI,,4604832.8978858525,130146.44750335635,0.02826301201138233
CSD,LightGBM,PEPSI,,4913030.776821256,95978.5590167055,0.019535509419056376
CSD,LightGBM,PEPSI,,3667818.2733132616,104751.1651735795,0.02855952977161933
CSD,LightGBM,PUNCH! CLUB,,153.710285030253,17.821497854337473,0.11594213003267723
CSD,LightGBM,PUNCH! CLUB,,122.48746386785626,24.458685969503694,0.19968317734042215
CSD,LightGBM,PUNCH! CLUB,,99.96067169260532,21.71848313185745,0.2172702800421868
CSD,LightGBM,PUNCH! CLUB,,56.05296871060009,13.238587569535115,0.2361799539625737
CSD,LightGBM,PUNCH! CLUB,,56.308918262546555,6.044063311297799,0.10733758519594863
CSD,LightGBM,PUNCH! CLUB,,37.20182450788043,8.633464303042635,0.23207099160456002
CSD,LightGBM,PUNCH! CLUB,,46.22825796041356,5.112082916277078,0.11058350761680628
CSD,LightGBM,QDOL,,438.18079914612844,48.4594336521472,0.11059232569427697
CSD,LightGBM,QDOL,,889.5843381745032,221.32889086632784,0.24880034569910717
CSD,LightGBM,QDOL,,1001.9265488269597,175.6962451482008,0.17535840861179225
CSD,LightGBM,QDOL,,1650.7014121286695,433.1563584569389,0.26240745617244016
CSD,LightGBM,QDOL,,502.06926989748354,95.29270331979578,0.18979991215007722
CSD,LightGBM,QDOL,,233.05061098005734,81.6579902310118,0.35038736816699206
CSD,LightGBM,QDOL,,81.48388767527031,29.59378922641034,0.3631857790628197
CSD,LightGBM,REINE DES LIMONADES,,4895.252615276919,562.5422707072266,0.11491588175688136
CSD,LightGBM,REINE DES LIMONADES,,4023.720207843654,154.3893997655579,0.03836981494503478
CSD,LightGBM,REINE DES LIMONADES,,3033.003703521555,206.74928710979395,0.0681665132389195
CSD,LightGBM,REINE DES LIMONADES,,3677.782296065222,268.8444357592983,0.0730996057180788
CSD,LightGBM,REINE DES LIMONADES,,3024.7836769064443,371.9215824693233,0.12295807641017852
CSD,LightGBM,REINE DES LIMONADES,,8480.238537311423,929.8475634431815,0.10964875095812819
CSD,LightGBM,REINE DES LIMONADES,,9991.85946498705,903.3946667502047,0.09041306774938468
CSD,LightGBM,RUBICON,,68.25635091487166,15.110301019779188,0.22137575210583024
CSD,LightGBM,RUBICON,,48.217250403806574,5.34780994039256,0.11091071962017914
CSD,LightGBM,RUBICON,,44.00487504142095,7.749352564425059,0.17610213770930472
CSD,LightGBM,RUBICON,,92.18177797009875,16.801596300449923,0.1822659170872133
CSD,LightGBM,RUBICON,,114.47696299381164,10.473367502625253,0.09148886578334035
CSD,LightGBM,RUBICON,,157.616184215136,17.162799313928602,0.10888982879132818
CSD,LightGBM,RUBICON,,98.02372526062604,10.98166666692476,0.11203070111574154
CSD,LightGBM,RYNKEBY,,98018.41306579001,13322.82041030731,0.13592160894672947
CSD,LightGBM,RYNKEBY,,118457.28930991478,10338.976417085538,0.08728020434467408
CSD,LightGBM,RYNKEBY,,98376.53699634635,9626.98586118462,0.09785855606547891
CSD,LightGBM,RYNKEBY,,117566.96653134115,8293.330967485244,0.07054133667108267
CSD,LightGBM,RYNKEBY,,93950.09743534446,4170.069976872547,0.04438601013418159
CSD,LightGBM,RYNKEBY,,82298.02406381145,5542.874774490228,0.06735124977232075
CSD,LightGBM,RYNKEBY,,88482.0651495542,3814.839019643808,0.04311426290961778
CSD,LightGBM,SALTUM,,4277.460518037161,420.3153064373289,0.0982628138038789
CSD,LightGBM,SALTUM,,3242.8058962369955,247.81486677277462,0.07641988904125992
CSD,LightGBM,SALTUM,,6379.538638781647,936.3869557399124,0.14677972950074364
CSD,LightGBM,SALTUM,,4135.0462988870195,295.17968169950336,0.07138485529870689
CSD,LightGBM,SALTUM,,3148.2005030861105,334.7256491952181,0.10632284978898074
CSD,LightGBM,SALTUM,,4862.305985653807,784.9229804045954,0.16143019026784905
CSD,LightGBM,SALTUM,,4227.8700502969405,361.52426509658403,0.08550978643991027
CSD,LightGBM,SAN BENEDETTO,,74.21941904532352,26.204970930864842,0.35307432027812385
CSD,LightGBM,SAN BENEDETTO,,125.97171161306183,39.23292076080533,0.31144230921712207
CSD,LightGBM,SAN BENEDETTO,,23.391010547975167,5.94433750174886,0.2541291445941154
CSD,LightGBM,SAN BENEDETTO,,145.91436371596177,50.33041047071736,0.3449311581736463
CSD,LightGBM,SAN BENEDETTO,,119.73143840811903,27.810604323634585,0.2322748702712381
CSD,LightGBM,SAN BENEDETTO,,5.784185165958477,0.7532939209164726,0.13023336897127963
CSD,LightGBM,SAN BENEDETTO,,9.283006021443247,1.6357170982369067,0.17620554101316832
CSD,LightGBM,SAN PELLEGRINO,,190730.11719584165,11236.857241329837,0.058914960083581526
CSD,LightGBM,SAN PELLEGRINO,,230035.00694720616,21269.245724751254,0.09246090848091056
CSD,LightGBM,SAN PELLEGRINO,,261048.46281495443,10229.592278417827,0.03918656393571307
CSD,LightGBM,SAN PELLEGRINO,,192073.32703995518,10300.341351328707,0.053627130378108276
CSD,LightGBM,SAN PELLEGRINO,,225017.237030638,12962.102848919016,0.057604932937444765
CSD,LightGBM,SAN PELLEGRINO,,283696.02059737156,17287.689186230615,0.060937369335771305
CSD,LightGBM,SAN PELLEGRINO,,242541.7793766985,10522.180121621159,0.04338295921082884
CSD,LightGBM,SCHWEPPES,,379254.3959920096,42234.787549155815,0.11136268424439211
CSD,LightGBM,SCHWEPPES,,273677.3043591697,5189.352812094649,0.018961575291183908
CSD,LightGBM,SCHWEPPES,,312852.517001121,16307.519042050137,0.05212526080457171
CSD,LightGBM,SCHWEPPES,,291818.2625853835,10395.638881233288,0.03562367478009233
CSD,LightGBM,SCHWEPPES,,359882.3627006382,8492.847224450225,0.023598953726762236
CSD,LightGBM,SCHWEPPES,,423098.9211922435,20641.82892949805,0.04878724075053602
CSD,LightGBM,SCHWEPPES,,445088.7293076529,26683.843990180154,0.059951740480347744
CSD,LightGBM,SFC,,187.2938350865447,21.951856675562464,0.11720544173500934
CSD,LightGBM,SFC,,190.76761644161667,22.704998264900084,0.11901914322994551
CSD,LightGBM,SFC,,21.517027898089886,4.015473853250286,0.1866184248246826
CSD,LightGBM,SFC,,188.2484984243219,38.94090068234853,0.20685902415313676
CSD,LightGBM,SFC,,105.1236299094596,16.783184584445966,0.15965187464417763
CSD,LightGBM,SFC,,1303.0597260341576,342.3797587537843,0.26275062601759
CSD,LightGBM,SFC,,2856.2314223865606,422.4499058179966,0.14790464893948024
CSD,LightGBM,SIRMA,,454.15218812336934,97.01732827195545,0.21362294580776287
CSD,LightGBM,SIRMA,,433.9950332637207,45.994758886165414,0.10597991995502012
CSD,LightGBM,SIRMA,,541.7878247012527,49.110238429069426,0.090644780465765
CSD,LightGBM,SIRMA,,690.4170457239759,36.15613770057652,0.052368547278062866
CSD,LightGBM,SIRMA,,444.53294828404853,51.405966643350034,0.1156403970544441
CSD,LightGBM,SIRMA,,633.3545896363742,59.46492873104748,0.09388884158112423
CSD,LightGBM,SIRMA,,735.3793989359627,73.29041234737394,0.09966340157668208
CSD,LightGBM,SPRITE,,49257.726554527486,2672.542815257259,0.054256316768878855
CSD,LightGBM,SPRITE,,39282.12706908266,1514.6476821721385,0.03855818905907097
CSD,LightGBM,SPRITE,,71461.37835420827,6124.286484357134,0.0857006487336594
CSD,LightGBM,SPRITE,,87962.12469707034,7251.632119617556,0.08244039289172694
CSD,LightGBM,SPRITE,,84299.62047430074,4872.700690243559,0.057802166401556124
CSD,LightGBM,SPRITE,,118707.34931692443,3687.5086195557014,0.031063861174347385
CSD,LightGBM,SPRITE,,87389.39291815608,4157.062950933501,0.047569422467859106
CSD,LightGBM,THE LONDON ESSENCE,,0.0661088731137039,0.09488183198896635,1.4352359603191907
CSD,LightGBM,THE LONDON ESSENCE,,0.3703313526883525,0.21272469843026143,0.5744171993163029
CSD,LightGBM,THE LONDON ESSENCE,,0.6906713317545622,0.6395849652307759,0.9260337527054903
CSD,LightGBM,THE LONDON ESSENCE,,8.198005459047874,1.8813076937112183,0.2294835863563472
CSD,LightGBM,THE LONDON ESSENCE,,11.933726092832108,3.8791981114629497,0.3250617687457195
CSD,LightGBM,THE LONDON ESSENCE,,0.1187982254812864,0.23636898377735047,1.9896676303012986
CSD,LightGBM,THE LONDON ESSENCE,,1.0274681351077208,0.42654576108054754,0.4151425689087945
CSD,LightGBM,THE PERFECT MIXER,,2612.445834187563,225.5278933404085,0.08632825622221743
CSD,LightGBM,THE PERFECT MIXER,,1627.3900955669394,183.96313921707812,0.11304182059249307
CSD,LightGBM,THE PERFECT MIXER,,2326.081459882637,178.48183763971653,0.07673069095728138
CSD,LightGBM,THE PERFECT MIXER,,482.14544643264963,61.37759799103074,0.1273010010675368
CSD,LightGBM,THE PERFECT MIXER,,782.6805003584258,117.67539558480493,0.1503492108605183
CSD,LightGBM,THE PERFECT MIXER,,1609.5564785397025,157.0522384579873,0.09757485403710445
CSD,LightGBM,THE PERFECT MIXER,,723.1418646981379,66.67094373881939,0.09219621625232545
CSD,LightGBM,THOMAS HENRY,,13940.08623952351,843.396647532238,0.0605015372961614
CSD,LightGBM,THOMAS HENRY,,17143.8970642696,945.7431227509649,0.0551650024032186
CSD,LightGBM,THOMAS HENRY,,19929.515576012975,798.9464285079308,0.04008860252827907
CSD,LightGBM,THOMAS HENRY,,11210.718944819328,1837.4012225151648,0.1638968233490735
CSD,LightGBM,THOMAS HENRY,,11604.537539763609,1884.9359035987186,0.1624309367900167
CSD,LightGBM,THOMAS HENRY,,21944.686290612786,1457.3325518280085,0.06640935908258608
CSD,LightGBM,THOMAS HENRY,,12411.925940284686,1973.7879805574007,0.15902350610642857
CSD,LightGBM,THOR,,9858.650111451301,893.5824982974365,0.09063943726530034
CSD,LightGBM,THOR,,15631.711449255305,1721.7946118346497,0.11014754318003203
CSD,LightGBM,THOR,,14530.22170404839,815.1272324835147,0.05609874708631631
CSD,LightGBM,THOR,,3001.7506343579194,328.76350748820266,0.10952392371477782
CSD,LightGBM,THOR,,972.0491906654755,153.1531720357311,0.15755701821106477
CSD,LightGBM,THOR,,402.46245938248666,76.5788000252536,0.1902756350064335
CSD,LightGBM,THOR,,72.95661471026217,16.04660946066122,0.21994728681406434
CSD,LightGBM,THY,,6720.987596553003,767.0384074681616,0.11412584779379047
CSD,LightGBM,THY,,7124.003763825385,721.3520376599607,0.10125654920662415
CSD,LightGBM,THY,,8602.62016846914,671.1896546247118,0.07802153779668175
CSD,LightGBM,THY,,8592.274594622198,414.74423456564614,0.048269434362029066
CSD,LightGBM,THY,,16895.382694060376,1432.144860143641,0.08476545847328548
CSD,LightGBM,THY,,17617.652729705318,1755.8150569427116,0.09966225829745257
CSD,LightGBM,THY,,16377.333069429598,832.3159210487219,0.050821212313398374
CSD,LightGBM,TUBORG SQUASH,,498040.55445194384,17152.217125013343,0.034439398502172314
CSD,LightGBM,TUBORG SQUASH,,433565.2513267463,18262.16473021356,0.042120914151514206
CSD,LightGBM,TUBORG SQUASH,,465616.06406347285,34342.52465315273,0.07375717313840605
CSD,LightGBM,TUBORG SQUASH,,468735.69325095136,31479.38554220804,0.06715807222590713
CSD,LightGBM,TUBORG SQUASH,,567939.5455727457,25337.213371272308,0.04461251830196237
CSD,LightGBM,TUBORG SQUASH,,745108.3458662245,49749.393712914774,0.06676799956532321
CSD,LightGBM,TUBORG SQUASH,,545745.5472918253,40717.99959621632,0.07460986131407368
CSD,LightGBM,ULUDAG,,65708.2815591518,2829.0686909924334,0.04305497912687998
CSD,LightGBM,ULUDAG,,52321.5911175394,4878.171471062574,0.09323438693031831
CSD,LightGBM,ULUDAG,,60862.65548573809,3617.6784018810818,0.059440035486601636
CSD,LightGBM,ULUDAG,,43510.516494098105,6050.432806305621,0.13905679118119224
CSD,LightGBM,ULUDAG,,46971.22710971044,3386.7426342838476,0.07210249428599026
CSD,LightGBM,ULUDAG,,35145.18740606347,2948.234252457259,0.08388728215882585
CSD,LightGBM,ULUDAG,,76679.2732319306,13458.776304503957,0.17552039471990571
CSD,LightGBM,VESTFYN,,105.28637690504618,7.527623380123189,0.07149665133706774
CSD,LightGBM,VESTFYN,,132.82941303583203,20.822210698613812,0.15675903568885619
CSD,LightGBM,VESTFYN,,6.692633604509851,1.5062623297124849,0.22506272100380417
CSD,LightGBM,VESTFYN,,2.3601041324005076,0.49154572225092547,0.20827289588742204
CSD,LightGBM,VESTFYN,,2.017652989879221,0.643048656673692,0.3187112253193676
CSD,LightGBM,VESTFYN,,5.123485159856033,0.4676626716530128,0.09127823289453109
CSD,LightGBM,VESTFYN,,2.029111216493235,0.449354390394807,0.2214538004335679
CSD,LightGBM,VIMTO,,163.91048114352785,24.07931335277317,0.14690526917365446
CSD,LightGBM,VIMTO,,166.3212303752499,13.8588024350644,0.08332551655490106
CSD,LightGBM,VIMTO,,75.41341682311217,4.632956268098239,0.06143411163778967
CSD,LightGBM,VIMTO,,122.97381628016282,17.8929410691168,0.145502039461413
CSD,LightGBM,VIMTO,,231.9041764091482,22.295188365032573,0.09613965867392231
CSD,LightGBM,VIMTO,,248.72404527426482,16.345736577978254,0.06571836092467064
CSD,LightGBM,VIMTO,,329.6813152558181,30.58749254285547,0.0927789690450638
CSD,LightGBM,VOELKEL,,26.559665445828664,4.877280160678931,0.18363484926520166
CSD,LightGBM,VOELKEL,,56.199105898831604,11.809926163199904,0.21014437817676093
CSD,LightGBM,VOELKEL,,10.815040407631475,2.1923075354312687,0.20270913956866024
CSD,LightGBM,VOELKEL,,1.635123739346271,0.676127465749197,0.41350232369540146
CSD,LightGBM,VOELKEL,,9.188497826155787,1.4417245721382272,0.1569053614002328
CSD,LightGBM,VOELKEL,,12.109476957107315,4.440704529366307,0.36671315739693955
CSD,LightGBM,VOELKEL,,5.78775222663174,1.040559714258671,0.17978649975212202
CSD,LightGBM,WARHEADS,,543.7822383227383,74.80994622152409,0.1375733537238557
CSD,LightGBM,WARHEADS,,226.31675836455616,34.812591079184145,0.1538224183253245
CSD,LightGBM,WARHEADS,,309.6741503731796,51.00069077574119,0.16469146912740923
CSD,LightGBM,WARHEADS,,380.24497913278947,53.66517537554307,0.14113315972753995
CSD,LightGBM,WARHEADS,,361.56051731910645,39.62239626675806,0.10958717661029366
CSD,LightGBM,WARHEADS,,329.7667374113453,52.14120549154466,0.1581154178885684
CSD,LightGBM,WARHEADS,,351.64781955821417,40.51619668267704,0.11521810865649265
CSD,LightGBM,ØKOBRUS,,0.39398013827858447,0.18254103065509644,0.46332546471167835
CSD,LightGBM,ØKOBRUS,,0.14631876106914307,0.3448380127943465,2.3567586977543704
CSD,LightGBM,ØKOBRUS,,1.111353245114148,0.2506586239061245,0.22554361091587863
CSD,LightGBM,ØKOBRUS,,0.8724563165701547,0.1458268260091084,0.1671451317842369
CSD,LightGBM,ØKOBRUS,,12896.41333707624,3885.0102569078877,0.30124734337870274
CSD,LightGBM,ØKOBRUS,,4613.85766028555,981.2500574353261,0.2126745404136713
CSD,LightGBM,ØKOBRUS,,6511.844722215748,712.6466448464099,0.10943851938224991
CSD,LightGBM,ØNDLINGS,,0.1867798639564428,0.24192467119498567,1.295239572780729
CSD,LightGBM,ØNDLINGS,,0.12379753662943963,0.11211345767680507,0.9056194551947487
CSD,LightGBM,ØNDLINGS,,0.3098649496698725,0.07780138888056701,0.2510816049490462
CSD,LightGBM,ØNDLINGS,,0.6680764065926582,0.19492274119136263,0.29176713811151184
CSD,LightGBM,ØRBÆK,,1846.891102180356,133.8899916591218,0.07249479490212353
CSD,LightGBM,ØRBÆK,,2487.1853385415993,183.8320010577996,0.07391166159156938
CSD,LightGBM,ØRBÆK,,3549.737519418566,493.35113346370406,0.1389824263807858
CSD,LightGBM,ØRBÆK,,2168.962390387403,246.03967384830148,0.11343657913974055
CSD,LightGBM,ØRBÆK,,3165.8930460402003,464.4436738667489,0.1467022628726073
CSD,LightGBM,ØRBÆK,,1957.299117597062,479.8934264769492,0.2451814452693899
CSD,LightGBM,ØRBÆK,,1941.1164189869426,109.9309751262437,0.05663286037403982
CSD,LightGBM,ØVRIGE BRAND,,2672.6391622565675,288.68948589568015,0.1080166338848127
CSD,LightGBM,ØVRIGE BRAND,,2315.0053971654515,125.81644291957852,0.05434822876595934
CSD,LightGBM,ØVRIGE BRAND,,3421.916733912626,264.5730644909881,0.07731721285587062
CSD,LightGBM,ØVRIGE BRAND,,1104.255691534076,74.92213320924796,0.06784853705862556
CSD,LightGBM,ØVRIGE BRAND,,2962.0296318409464,286.9142678258811,0.09686407750335689
CSD,LightGBM,ØVRIGE BRAND,,2981.895247404628,132.4537219722143,0.04441930751507751
CSD,LightGBM,ØVRIGE BRAND,,3536.8327570359593,390.13691119671086,0.11030685870588489
CSD,XGBoost,1724,,117.7977294921875,19.042268753051758,0.16165225207805634
CSD,XGBoost,1724,,178.1347198486328,24.732898712158203,0.13884378969669342
CSD,XGBoost,1724,,185.7330322265625,15.167627334594727,0.0816635936498642
CSD,XGBoost,1724,,127.0124282836914,8.240049362182617,0.06487593054771423
CSD,XGBoost,1724,,170.05247497558594,12.947121620178223,0.0761360377073288
CSD,XGBoost,1724,,129.13446044921875,9.566960334777832,0.07408526539802551
CSD,XGBoost,1724,,123.38230895996094,10.498068809509277,0.08508569002151489
CSD,XGBoost,7-UP,,7962.20947265625,1025.3997802734375,0.12878331542015076
CSD,XGBoost,7-UP,,11435.7783203125,1506.9501953125,0.13177505135536194
CSD,XGBoost,7-UP,,12707.9326171875,1712.396728515625,0.13475021719932556
CSD,XGBoost,7-UP,,14287.4814453125,1129.89208984375,0.0790826603770256
CSD,XGBoost,7-UP,,29192.916015625,7249.42236328125,0.24832813441753387
CSD,XGBoost,7-UP,,56666.51171875,11255.201171875,0.1986217349767685
CSD,XGBoost,7-UP,,42875.08984375,4205.3251953125,0.09808318316936493
CSD,XGBoost,ABBOTT'S,,5.550863742828369,2.6404130458831787,0.4756760597229004
CSD,XGBoost,ABBOTT'S,,0.2127721607685089,0.26898184418678284,1.2641777992248535
CSD,XGBoost,ABBOTT'S,,2.2875988483428955,0.9148858785629272,0.3999328315258026
CSD,XGBoost,ABBOTT'S,,1.4551889896392822,0.22926659882068634,0.15755107998847961
CSD,XGBoost,ABBOTT'S,,9.580914497375488,0.7919189929962158,0.0826558843255043
CSD,XGBoost,ABBOTT'S,,0.2511305809020996,0.04806465655565262,0.19139307737350464
CSD,XGBoost,ALBANI,,7329.21484375,675.6224975585938,0.09218211472034454
CSD,XGBoost,ALBANI,,10635.125,578.0859985351562,0.05435629561543465
CSD,XGBoost,ALBANI,,9269.5625,1035.9464111328125,0.11175785213708878
CSD,XGBoost,ALBANI,,9936.1513671875,1057.84521484375,0.10646428167819977
CSD,XGBoost,ALBANI,,6303.96875,596.2799072265625,0.0945880189538002
CSD,XGBoost,ALBANI,,7181.296875,948.6478271484375,0.13209979236125946
CSD,XGBoost,ALBANI,,5113.69287109375,568.2247314453125,0.11111827194690704
CSD,XGBoost,AYYO,,209.00717163085938,31.659719467163086,0.15147671103477478
CSD,XGBoost,AYYO,,352.568359375,71.18838500976562,0.2019137144088745
CSD,XGBoost,AYYO,,346.77667236328125,36.24946975708008,0.10453260689973831
CSD,XGBoost,AYYO,,442.03369140625,51.175804138183594,0.11577353626489639
CSD,XGBoost,AYYO,,440.57012939453125,115.60023498535156,0.26238781213760376
CSD,XGBoost,AYYO,,520.4093627929688,118.9376220703125,0.22854627668857574
CSD,XGBoost,AYYO,,351.2850646972656,54.95641326904297,0.15644392371177673
CSD,XGBoost,BORNHOLMS MOSTERI,,33.93706130981445,8.271934509277344,0.2437433898448944
CSD,XGBoost,BORNHOLMS MOSTERI,,20.317106246948242,5.270397663116455,0.2594068944454193
CSD,XGBoost,BORNHOLMS MOSTERI,,6.135406970977783,1.6411283016204834,0.2674848437309265
CSD,XGBoost,BORNHOLMS MOSTERI,,18.848684310913086,4.180545806884766,0.22179509699344635
CSD,XGBoost,BORNHOLMS MOSTERI,,69.17649841308594,10.532151222229004,0.15225042402744293
CSD,XGBoost,BORNHOLMS MOSTERI,,56.975563049316406,8.300357818603516,0.14568276703357697
CSD,XGBoost,BORNHOLMS MOSTERI,,83.6319808959961,10.947114944458008,0.13089627027511597
CSD,XGBoost,BOYLAN,,33.377891540527344,6.687534332275391,0.20035819709300995
CSD,XGBoost,BOYLAN,,46.17044448852539,6.537056922912598,0.1415853202342987
CSD,XGBoost,BOYLAN,,27.2943058013916,4.1438679695129395,0.15182170271873474
CSD,XGBoost,BOYLAN,,25.400537490844727,4.482021331787109,0.17645379900932312
CSD,XGBoost,BOYLAN,,25.403461456298828,1.6728925704956055,0.06585294008255005
CSD,XGBoost,BOYLAN,,21.165895462036133,1.6237634420394897,0.07671602815389633
CSD,XGBoost,BOYLAN,,27.6968994140625,5.159725189208984,0.18629251420497894
CSD,XGBoost,BRAIN LICKER,,3.343327045440674,0.9871760606765747,0.29526758193969727
CSD,XGBoost,BRAIN LICKER,,0.5658057928085327,0.2524418532848358,0.4461634159088135
CSD,XGBoost,BRAIN LICKER,,3.5402674674987793,1.7690399885177612,0.49969106912612915
CSD,XGBoost,BRAIN LICKER,,1.08146071434021,0.368653267621994,0.34088456630706787
CSD,XGBoost,BRAIN LICKER,,0.9201326370239258,0.29089537262916565,0.31614503264427185
CSD,XGBoost,BRAIN LICKER,,4.463787078857422,1.375872015953064,0.3082297444343567
CSD,XGBoost,BRAIN LICKER,,14.94482421875,3.3126277923583984,0.2216571867465973
CSD,XGBoost,BRITVIC,,3.262770414352417,0.5979475975036621,0.18326376378536224
CSD,XGBoost,BRITVIC,,0.5929945707321167,0.4273938238620758,0.7207381725311279
CSD,XGBoost,BRITVIC,,3.558184862136841,0.8592204451560974,0.24147717654705048
CSD,XGBoost,BRITVIC,,4.303529739379883,1.1507281064987183,0.2673916816711426
CSD,XGBoost,BRITVIC,,3.6011462211608887,0.9707556962966919,0.269568532705307
CSD,XGBoost,BRITVIC,,9.986169815063477,2.8957929611206055,0.28998035192489624
CSD,XGBoost,BRITVIC,,2.910975217819214,0.5937972664833069,0.20398567616939545
CSD,XGBoost,BUNDABERG,,162.4063720703125,13.633041381835938,0.08394400775432587
CSD,XGBoost,BUNDABERG,,173.8925323486328,13.010431289672852,0.07481880486011505
CSD,XGBoost,BUNDABERG,,169.12216186523438,14.757485389709473,0.08725932240486145
CSD,XGBoost,BUNDABERG,,154.9995880126953,8.153264999389648,0.05260184779763222
CSD,XGBoost,BUNDABERG,,155.06016540527344,4.762514591217041,0.03071397915482521
CSD,XGBoost,BUNDABERG,,109.8499526977539,15.970047950744629,0.14538055658340454
CSD,XGBoost,BUNDABERG,,52.316619873046875,6.539798736572266,0.12500423192977905
CSD,XGBoost,CANDY CAN,,106.3295669555664,51.74031448364258,0.4866032600402832
CSD,XGBoost,CANDY CAN,,31.14529037475586,10.468594551086426,0.33612126111984253
CSD,XGBoost,CANDY CAN,,36.712684631347656,16.298431396484375,0.4439454972743988
CSD,XGBoost,CANDY CAN,,63.971031188964844,19.71966552734375,0.3082593083381653
CSD,XGBoost,CANDY CAN,,91.74478912353516,10.05559253692627,0.10960396379232407
CSD,XGBoost,CANDY CAN,,10.191349983215332,2.7355942726135254,0.2684231400489807
CSD,XGBoost,CANDY CAN,,9.906723022460938,0.7978222966194153,0.08053342252969742
CSD,XGBoost,CARIBIA,,68633.234375,3093.63916015625,0.0450749434530735
CSD,XGBoost,CARIBIA,,108218.7265625,9056.20703125,0.0836842879652977
CSD,XGBoost,CARIBIA,,101289.03125,10054.40625,0.09926450997591019
CSD,XGBoost,CARIBIA,,110968.609375,10498.2685546875,0.09460575133562088
CSD,XGBoost,CARIBIA,,105381.1875,7036.24462890625,0.06676945835351944
CSD,XGBoost,CARIBIA,,137620.578125,8811.6416015625,0.06402851641178131
CSD,XGBoost,CARIBIA,,115286.4765625,7320.62451171875,0.06349942088127136
CSD,XGBoost,CARLSBERG SPORT,,6.549622535705566,1.8112739324569702,0.27654629945755005
CSD,XGBoost,CARLSBERG SPORT,,8.649212837219238,2.2432422637939453,0.2593579590320587
CSD,XGBoost,CARLSBERG SPORT,,2.674442768096924,0.5686793923377991,0.21263472735881805
CSD,XGBoost,CARLSBERG SPORT,,1.1454566717147827,0.3609236180782318,0.31509146094322205
CSD,XGBoost,CARLSBERG SPORT,,2.4599456787109375,0.9303244352340698,0.3781890273094177
CSD,XGBoost,CARLSBERG SPORT,,1.2426488399505615,0.26638492941856384,0.21436862647533417
CSD,XGBoost,CARLSBERG SPORT,,1.0027635097503662,0.1605854034423828,0.16014285385608673
CSD,XGBoost,CHUPA CHUPS,,202.29299926757812,38.65388488769531,0.19107870757579803
CSD,XGBoost,CHUPA CHUPS,,248.3593292236328,59.475799560546875,0.23947478830814362
CSD,XGBoost,CHUPA CHUPS,,153.61770629882812,51.20164108276367,0.33330559730529785
CSD,XGBoost,CHUPA CHUPS,,198.4419403076172,51.95208740234375,0.2617999315261841
CSD,XGBoost,CHUPA CHUPS,,292.63165283203125,95.35954284667969,0.3258688449859619
CSD,XGBoost,CHUPA CHUPS,,90.60653686523438,21.17507553100586,0.23370361328125
CSD,XGBoost,CHUPA CHUPS,,33.126304626464844,5.347058296203613,0.1614142656326294
CSD,XGBoost,COCA COLA,,3383116.0,78208.8359375,0.023117396980524063
CSD,XGBoost,COCA COLA,,3709569.5,47071.4609375,0.012689197435975075
CSD,XGBoost,COCA COLA,,4932756.0,88180.5078125,0.01787651889026165
CSD,XGBoost,COCA COLA,,4087792.75,90988.0859375,0.022258488461375237
CSD,XGBoost,COCA COLA,,4480699.0,157082.171875,0.035057514905929565
CSD,XGBoost,COCA COLA,,5605551.0,213088.84375,0.038013897836208344
CSD,XGBoost,COCA COLA,,4049718.75,112022.2109375,0.027661725878715515
CSD,XGBoost,D&G,,0.6506400108337402,0.17037971317768097,0.2618647813796997
CSD,XGBoost,D&G,,0.017373282462358475,0.08785352855920792,5.056818008422852
CSD,XGBoost,D&G,,1.000105857849121,0.47533977031707764,0.4752894639968872
CSD,XGBoost,D&G,,1.3062598705291748,0.7284189462661743,0.557637095451355
CSD,XGBoost,D&G,,2.0301525592803955,1.1341395378112793,0.5586474537849426
CSD,XGBoost,D&G,,0.511461079120636,0.16661037504673004,0.325753778219223
CSD,XGBoost,DEPANNEUR FRIZZANTE,,4.280111789703369,1.6022615432739258,0.3743503987789154
CSD,XGBoost,DEPANNEUR FRIZZANTE,,6.078272342681885,1.818231225013733,0.2991361916065216
CSD,XGBoost,DEPANNEUR FRIZZANTE,,4.322269916534424,1.219687819480896,0.2821868658065796
CSD,XGBoost,DEPANNEUR FRIZZANTE,,2.8575618267059326,0.9968683123588562,0.3488527536392212
CSD,XGBoost,DEPANNEUR FRIZZANTE,,3.0112955570220947,0.6123368144035339,0.2033466398715973
CSD,XGBoost,DEPANNEUR FRIZZANTE,,4.00346565246582,1.3745278120040894,0.34333449602127075
CSD,XGBoost,DEPANNEUR FRIZZANTE,,13.413675308227539,4.881485462188721,0.36391857266426086
CSD,XGBoost,DOCTOR POLIDORIS,,0.7987608909606934,0.5774276256561279,0.7229042053222656
CSD,XGBoost,DOCTOR POLIDORIS,,1.0555992126464844,0.33809569478034973,0.32028794288635254
CSD,XGBoost,DOCTOR POLIDORIS,,1.1502474546432495,0.20298010110855103,0.1764664649963379
CSD,XGBoost,DOCTOR POLIDORIS,,1.197564959526062,0.26616886258125305,0.22225838899612427
CSD,XGBoost,DOCTOR POLIDORIS,,0.841324508190155,0.5013331174850464,0.5958855748176575
CSD,XGBoost,DOCTOR POLIDORIS,,3.675248622894287,1.5065438747406006,0.4099161922931671
CSD,XGBoost,DOCTOR POLIDORIS,,3.9989428520202637,0.8527610301971436,0.21324661374092102
CSD,XGBoost,DOUBLE DUTCH,,1810.197265625,256.90240478515625,0.1419195681810379
CSD,XGBoost,DOUBLE DUTCH,,2078.69580078125,391.1087341308594,0.188151016831398
CSD,XGBoost,DOUBLE DUTCH,,835.7761840820312,43.57125473022461,0.052132681012153625
CSD,XGBoost,DOUBLE DUTCH,,4564.65673828125,911.5254516601562,0.1996920108795166
CSD,XGBoost,DOUBLE DUTCH,,2312.563232421875,233.7550048828125,0.10108048468828201
CSD,XGBoost,DOUBLE DUTCH,,3102.29931640625,793.828369140625,0.2558838725090027
CSD,XGBoost,DOUBLE DUTCH,,378.42523193359375,70.9793472290039,0.18756504356861115
CSD,XGBoost,DR PEPPER,,14080.3671875,1694.65283203125,0.12035572528839111
CSD,XGBoost,DR PEPPER,,17765.14453125,1261.2469482421875,0.07099559158086777
CSD,XGBoost,DR PEPPER,,14909.615234375,1069.6715087890625,0.07174373418092728
CSD,XGBoost,DR PEPPER,,15464.673828125,610.2846069335938,0.039463140070438385
CSD,XGBoost,DR PEPPER,,11955.2470703125,952.1026611328125,0.07963889092206955
CSD,XGBoost,DR PEPPER,,16699.791015625,1518.8182373046875,0.09094833582639694
CSD,XGBoost,DR PEPPER,,20205.05078125,1284.6912841796875,0.06358268111944199
CSD,XGBoost,EAGLE,,1.5085546970367432,0.2654830515384674,0.17598503828048706
CSD,XGBoost,EAGLE,,1.5481785535812378,0.09649907797574997,0.062330715358257294
CSD,XGBoost,EAGLE,,0.017789924517273903,0.049911901354789734,2.8056275844573975
CSD,XGBoost,EAGLE,,2.0082006454467773,0.2720486521720886,0.13546885550022125
CSD,XGBoost,EAGLE,,0.9430921673774719,0.19037224352359772,0.20185963809490204
CSD,XGBoost,EAGLE,,0.2511305809020996,0.04806465655565262,0.19139307737350464
CSD,XGBoost,EASIS,,0.6348508596420288,0.16792164742946625,0.26450565457344055
CSD,XGBoost,EASIS,,0.3307487666606903,0.3670215308666229,1.1096686124801636
CSD,XGBoost,EASIS,,0.08306926488876343,0.16764992475509644,2.0181944370269775
CSD,XGBoost,EASIS,,17.9626407623291,10.648405075073242,0.5928084254264832
CSD,XGBoost,EASIS,,35798.05859375,9334.470703125,0.2607535421848297
CSD,XGBoost,EASIS,,21201.853515625,3593.623291015625,0.16949571669101715
CSD,XGBoost,EAST IMPERIAL,,9.893901824951172,1.9063090085983276,0.1926751434803009
CSD,XGBoost,EAST IMPERIAL,,0.32514703273773193,0.11004141718149185,0.3384358584880829
CSD,XGBoost,EAST IMPERIAL,,0.4225337505340576,0.16795609891414642,0.3974974751472473
CSD,XGBoost,EAST IMPERIAL,,0.2250959426164627,0.21914508938789368,0.973563015460968
CSD,XGBoost,EAST IMPERIAL,,0.048603855073451996,0.37786033749580383,7.774287223815918
CSD,XGBoost,EAST IMPERIAL,,0.17025333642959595,0.5338565707206726,3.13565993309021
CSD,XGBoost,EBELTOFT,,3023.83251953125,224.32403564453125,0.0741853341460228
CSD,XGBoost,EBELTOFT,,3183.412109375,274.4199523925781,0.08620309084653854
CSD,XGBoost,EBELTOFT,,3972.983642578125,445.3010559082031,0.11208228021860123
CSD,XGBoost,EBELTOFT,,4095.339111328125,360.6045227050781,0.0880524218082428
CSD,XGBoost,EBELTOFT,,3740.789794921875,290.37640380859375,0.0776243582367897
CSD,XGBoost,EBELTOFT,,6129.84716796875,569.9984130859375,0.09298738092184067
CSD,XGBoost,EBELTOFT,,5090.34326171875,325.6605224609375,0.06397613883018494
CSD,XGBoost,EFFERVE,,437.9261779785156,80.4405746459961,0.18368524312973022
CSD,XGBoost,EFFERVE,,570.5812377929688,82.23210144042969,0.14411988854408264
CSD,XGBoost,EFFERVE,,328.511962890625,38.9467887878418,0.11855515837669373
CSD,XGBoost,EFFERVE,,610.8280029296875,49.93210220336914,0.08174494653940201
CSD,XGBoost,EFFERVE,,364.5321350097656,47.75823974609375,0.131012424826622
CSD,XGBoost,EFFERVE,,2175.46435546875,676.032470703125,0.31075319647789
CSD,XGBoost,EFFERVE,,1576.6746826171875,260.7041320800781,0.16535061597824097
CSD,XGBoost,EGO,,74122.765625,5295.599609375,0.07144363224506378
CSD,XGBoost,EGO,,86159.5546875,5045.34716796875,0.058558184653520584
CSD,XGBoost,EGO,,109153.765625,6602.86669921875,0.060491424053907394
CSD,XGBoost,EGO,,94721.75,4811.9423828125,0.05080081894993782
CSD,XGBoost,EGO,,107946.8125,5370.09375,0.049747589975595474
CSD,XGBoost,EGO,,129418.765625,6801.22412109375,0.05255207046866417
CSD,XGBoost,EGO,,120401.953125,4137.07861328125,0.03436056151986122
CSD,XGBoost,FANTA,,547282.8125,42991.171875,0.07855384796857834
CSD,XGBoost,FANTA,,645102.125,31084.654296875,0.04818563163280487
CSD,XGBoost,FANTA,,718090.125,59835.06640625,0.08332528918981552
CSD,XGBoost,FANTA,,712710.25,49905.9921875,0.0700228363275528
CSD,XGBoost,FANTA,,848060.8125,81713.2890625,0.09635309875011444
CSD,XGBoost,FANTA,,1014002.8125,100070.2734375,0.09868835657835007
CSD,XGBoost,FANTA,,709467.4375,23789.837890625,0.03353196755051613
CSD,XGBoost,FAXE KONDI,,1977164.75,85140.078125,0.04306169971823692
CSD,XGBoost,FAXE KONDI,,2384281.5,56572.79296875,0.02372739650309086
CSD,XGBoost,FAXE KONDI,,3488366.0,189016.34375,0.05418477952480316
CSD,XGBoost,FAXE KONDI,,2664790.0,211270.125,0.07928209006786346
CSD,XGBoost,FAXE KONDI,,3126774.75,138593.515625,0.04432475194334984
CSD,XGBoost,FAXE KONDI,,4317371.0,171989.6875,0.03983667120337486
CSD,XGBoost,FAXE KONDI,,2893339.0,160491.40625,0.055469270795583725
CSD,XGBoost,FENTIMANS,,4351.5634765625,146.08316040039062,0.033570270985364914
CSD,XGBoost,FENTIMANS,,7938.09228515625,597.998291015625,0.07533274590969086
CSD,XGBoost,FENTIMANS,,5241.6220703125,1074.844970703125,0.20505960285663605
CSD,XGBoost,FENTIMANS,,5912.7060546875,497.86907958984375,0.08420325070619583
CSD,XGBoost,FENTIMANS,,5404.3173828125,538.6556396484375,0.09967135637998581
CSD,XGBoost,FENTIMANS,,9083.376953125,581.513427734375,0.06401951611042023
CSD,XGBoost,FENTIMANS,,7597.74853515625,498.67755126953125,0.06563491374254227
CSD,XGBoost,FEVER TREE,,146172.328125,16868.5703125,0.11540193855762482
CSD,XGBoost,FEVER TREE,,184781.0625,24832.82421875,0.13439053297042847
CSD,XGBoost,FEVER TREE,,200445.25,12056.2412109375,0.060147304087877274
CSD,XGBoost,FEVER TREE,,170671.484375,10928.9541015625,0.06403503566980362
CSD,XGBoost,FEVER TREE,,155820.84375,10767.5380859375,0.06910204142332077
CSD,XGBoost,FEVER TREE,,219751.125,26579.736328125,0.12095381319522858
CSD,XGBoost,FEVER TREE,,200396.71875,16079.87109375,0.08024019002914429
CSD,XGBoost,FINGERS CROSSED,,377.4629821777344,97.92729949951172,0.2594355046749115
CSD,XGBoost,FINGERS CROSSED,,128.54672241210938,45.486751556396484,0.35385385155677795
CSD,XGBoost,FINGERS CROSSED,,99.80020904541016,20.181976318359375,0.2022237926721573
CSD,XGBoost,FINGERS CROSSED,,58.60649871826172,14.379606246948242,0.24535855650901794
CSD,XGBoost,FINGERS CROSSED,,56.052757263183594,5.408579349517822,0.09649086743593216
CSD,XGBoost,FINGERS CROSSED,,53.40845489501953,8.924885749816895,0.1671062409877777
CSD,XGBoost,FINGERS CROSSED,,147.86251831054688,26.918785095214844,0.18205279111862183
CSD,XGBoost,FRANKLIN & SONS,,393.3239440917969,52.71647262573242,0.1340281367301941
CSD,XGBoost,FRANKLIN & SONS,,410.12579345703125,63.668155670166016,0.15524055063724518
CSD,XGBoost,FRANKLIN & SONS,,343.4836730957031,39.616329193115234,0.11533686518669128
CSD,XGBoost,FRANKLIN & SONS,,385.9298095703125,43.6529655456543,0.11311115324497223
CSD,XGBoost,FRANKLIN & SONS,,322.83245849609375,56.748287200927734,0.1757824718952179
CSD,XGBoost,FRANKLIN & SONS,,385.1220397949219,46.6464958190918,0.12112133204936981
CSD,XGBoost,FRANKLIN & SONS,,386.63037109375,21.67220115661621,0.05605405941605568
CSD,XGBoost,FREM,,24725.609375,3207.7333984375,0.12973323464393616
CSD,XGBoost,FREM,,33702.41796875,307.30706787109375,0.009118249639868736
CSD,XGBoost,FREM,,47854.8828125,3773.6123046875,0.07885532081127167
CSD,XGBoost,FREM,,39191.78515625,2507.303466796875,0.06397522985935211
CSD,XGBoost,FREM,,47228.8671875,2390.9609375,0.05062498897314072
CSD,XGBoost,FREM,,72371.984375,3761.9794921875,0.051981158554553986
CSD,XGBoost,FREM,,46334.8359375,998.5048217773438,0.021549765020608902
CSD,XGBoost,FRESH,,15344.931640625,3365.60009765625,0.21932975947856903
CSD,XGBoost,FRESH,,17020.916015625,923.9196166992188,0.05428142845630646
CSD,XGBoost,FRESH,,22053.19140625,1514.3778076171875,0.06866932660341263
CSD,XGBoost,FRESH,,18024.76171875,711.4463500976562,0.039470501244068146
CSD,XGBoost,FRESH,,24904.53515625,1726.6326904296875,0.06933005154132843
CSD,XGBoost,FRESH,,48201.4453125,3977.8955078125,0.08252647519111633
CSD,XGBoost,FRESH,,52525.625,3236.84375,0.061624087393283844
CSD,XGBoost,FRESH MOJITO,,4090.491455078125,660.6122436523438,0.161499485373497
CSD,XGBoost,FRESH MOJITO,,2777.161865234375,396.1899108886719,0.1426600068807602
CSD,XGBoost,FRESH MOJITO,,6553.3388671875,440.6748962402344,0.06724432855844498
CSD,XGBoost,FRESH MOJITO,,4476.59326171875,453.4710693359375,0.1012982502579689
CSD,XGBoost,FRESH MOJITO,,4346.05859375,377.41912841796875,0.08684170246124268
CSD,XGBoost,FRESH MOJITO,,17534.369140625,4288.58935546875,0.2445819079875946
CSD,XGBoost,FRESH MOJITO,,15895.7998046875,1928.9420166015625,0.12134916335344315
CSD,XGBoost,FUGLSANG,,290.544677734375,26.93490982055664,0.0927048847079277
CSD,XGBoost,FUGLSANG,,298.0483703613281,17.56842041015625,0.058944862335920334
CSD,XGBoost,FUGLSANG,,100.24849700927734,4.4397501945495605,0.04428745061159134
CSD,XGBoost,FUGLSANG,,148.8544921875,14.233564376831055,0.09562065452337265
CSD,XGBoost,FUGLSANG,,219.5025177001953,39.38336944580078,0.17942103743553162
CSD,XGBoost,FUGLSANG,,163.4250030517578,7.7802019119262695,0.047607168555259705
CSD,XGBoost,FUGLSANG,,165.80001831054688,25.366804122924805,0.15299639105796814
CSD,XGBoost,GALVANINA,,330.57708740234375,126.15763092041016,0.38162848353385925
CSD,XGBoost,GALVANINA,,273.094970703125,41.90114212036133,0.15343065559864044
CSD,XGBoost,GALVANINA,,6.994268894195557,2.582139492034912,0.3691793382167816
CSD,XGBoost,GALVANINA,,327.95184326171875,181.009521484375,0.5519393086433411
CSD,XGBoost,GALVANINA,,3.8764641284942627,0.9704139232635498,0.25033479928970337
CSD,XGBoost,GALVANINA,,1.3207991123199463,0.6025879979133606,0.4562298655509949
CSD,XGBoost,GALVANINA,,63.21946334838867,31.69893455505371,0.5014110207557678
CSD,XGBoost,GAZOZ,,9.416778564453125,3.5031380653381348,0.3720102310180664
CSD,XGBoost,GAZOZ,,13.140153884887695,5.662227153778076,0.43091025948524475
CSD,XGBoost,GAZOZ,,1.2179391384124756,0.8143365979194641,0.6686184406280518
CSD,XGBoost,GAZOZ,,0.23440563678741455,0.3496285676956177,1.491553544998169
CSD,XGBoost,GAZOZ,,0.9508899450302124,0.2932610511779785,0.30840691924095154
CSD,XGBoost,GAZOZ,,1.907038688659668,0.6303919553756714,0.3305606544017792
CSD,XGBoost,GAZOZ,,80.00122833251953,17.512187957763672,0.2188989818096161
CSD,XGBoost,GUARANA ANARCTICA,,14278.396484375,2273.924560546875,0.15925629436969757
CSD,XGBoost,GUARANA ANARCTICA,,10544.427734375,489.90374755859375,0.046460915356874466
CSD,XGBoost,GUARANA ANARCTICA,,24952.78515625,1787.3370361328125,0.07162875682115555
CSD,XGBoost,GUARANA ANARCTICA,,42446.6796875,1513.606201171875,0.035659000277519226
CSD,XGBoost,GUARANA ANARCTICA,,32579.869140625,2458.371337890625,0.07545676082372665
CSD,XGBoost,GUARANA ANARCTICA,,39414.8671875,3527.390625,0.08949390798807144
CSD,XGBoost,GUARANA ANARCTICA,,50327.8984375,5608.27783203125,0.11143477261066437
CSD,XGBoost,HANCOCK,,281543.15625,29856.95703125,0.10604753345251083
CSD,XGBoost,HANCOCK,,257777.125,35578.9921875,0.1380223035812378
CSD,XGBoost,HANCOCK,,331035.3125,41961.33203125,0.12675787508487701
CSD,XGBoost,HANCOCK,,303293.1875,20415.205078125,0.06731178611516953
CSD,XGBoost,HANCOCK,,352612.8125,19316.431640625,0.054780855774879456
CSD,XGBoost,HANCOCK,,383287.09375,21512.939453125,0.056127481162548065
CSD,XGBoost,HANCOCK,,259927.78125,8062.56787109375,0.031018491834402084
CSD,XGBoost,HARBOE,,4347351.0,221088.3125,0.05085586756467819
CSD,XGBoost,HARBOE,,4262746.5,150142.3125,0.03522196784615517
CSD,XGBoost,HARBOE,,5561549.0,124727.34375,0.022426728159189224
CSD,XGBoost,HARBOE,,5615996.5,229326.140625,0.0408344529569149
CSD,XGBoost,HARBOE,,6225611.0,300508.03125,0.048269644379615784
CSD,XGBoost,HARBOE,,5964302.5,329439.34375,0.055235184729099274
CSD,XGBoost,HARBOE,,5857347.0,120159.671875,0.0205143503844738
CSD,XGBoost,HARBOE OTHER,,85423.0625,8607.458984375,0.10076270997524261
CSD,XGBoost,HARBOE OTHER,,88285.2265625,7264.98583984375,0.08228994160890579
CSD,XGBoost,HARBOE OTHER,,104062.4140625,6631.46875,0.06372588127851486
CSD,XGBoost,HARBOE OTHER,,106035.1640625,5037.3447265625,0.047506362199783325
CSD,XGBoost,HARBOE OTHER,,91729.484375,3767.623046875,0.04107319563627243
CSD,XGBoost,HARBOE OTHER,,95911.171875,3316.799560546875,0.0345819927752018
CSD,XGBoost,HARBOE OTHER,,89283.25,6150.0166015625,0.06888208538293839
CSD,XGBoost,HATA RAMUNE,,900.1044921875,113.19911193847656,0.1257621943950653
CSD,XGBoost,HATA RAMUNE,,1898.3109130859375,159.73321533203125,0.08414492011070251
CSD,XGBoost,HATA RAMUNE,,1927.3118896484375,383.1799011230469,0.19881571829319
CSD,XGBoost,HATA RAMUNE,,701.5989379882812,197.55670166015625,0.28158068656921387
CSD,XGBoost,HATA RAMUNE,,1021.5037231445312,42.620059967041016,0.0417228639125824
CSD,XGBoost,HATA RAMUNE,,1891.227294921875,367.9192810058594,0.19453996419906616
CSD,XGBoost,HATA RAMUNE,,1328.817626953125,91.65261840820312,0.06897305697202682
CSD,XGBoost,HAWAI,,62.34991455078125,18.020084381103516,0.28901538252830505
CSD,XGBoost,HAWAI,,93.45841979980469,32.32012939453125,0.34582361578941345
CSD,XGBoost,HAWAI,,136.7310791015625,21.993486404418945,0.16085213422775269
CSD,XGBoost,HAWAI,,186.77383422851562,69.8147964477539,0.37379324436187744
CSD,XGBoost,HAWAI,,104.07881927490234,9.903458595275879,0.09515345096588135
CSD,XGBoost,HAWAI,,121.19063568115234,12.135117530822754,0.10013246536254883
CSD,XGBoost,HAWAI,,131.5175323486328,25.660919189453125,0.19511406123638153
CSD,XGBoost,INDI & CO,,1.7087703943252563,0.6953154802322388,0.4069098234176636
CSD,XGBoost,INDI & CO,,0.0010536790359765291,0.1678321808576584,159.28207397460938
CSD,XGBoost,INDI & CO,,0.16020722687244415,0.1790284365415573,1.1174803972244263
CSD,XGBoost,INDI & CO,,0.7660239338874817,0.11748852580785751,0.15337447822093964
CSD,XGBoost,INDI & CO,,1.7007086277008057,1.2543976306915283,0.737573504447937
CSD,XGBoost,INDI & CO,,1.1608737707138062,0.5486031174659729,0.4725777506828308
CSD,XGBoost,INDI & CO,,0.5571212768554688,0.12147738039493561,0.21804477274417877
CSD,XGBoost,JARRITOS,,4512.6083984375,360.7859802246094,0.07995065301656723
CSD,XGBoost,JARRITOS,,5567.31884765625,366.02264404296875,0.06574486941099167
CSD,XGBoost,JARRITOS,,21112.412109375,3900.6640625,0.18475690484046936
CSD,XGBoost,JARRITOS,,14592.078125,2548.565185546875,0.174654021859169
CSD,XGBoost,JARRITOS,,16656.28125,1153.9442138671875,0.06927981972694397
CSD,XGBoost,JARRITOS,,24380.16015625,1821.41357421875,0.07470884174108505
CSD,XGBoost,JARRITOS,,13853.658203125,1085.7666015625,0.0783739984035492
CSD,XGBoost,JOLLY,,699774.4375,42134.82421875,0.06021200865507126
CSD,XGBoost,JOLLY,,800814.6875,45487.4453125,0.056801460683345795
CSD,XGBoost,JOLLY,,556962.625,11397.9560546875,0.020464489236474037
CSD,XGBoost,JOLLY,,592942.0,22048.708984375,0.037185270339250565
CSD,XGBoost,JOLLY,,556591.875,57025.34375,0.10245450586080551
CSD,XGBoost,JOLLY,,517899.75,11228.6767578125,0.021681178361177444
CSD,XGBoost,JOLLY,,434504.6875,18163.97265625,0.041803859174251556
CSD,XGBoost,KIMURA,,2.6835379600524902,0.9130304455757141,0.34023386240005493
CSD,XGBoost,KIMURA,,2.4752140045166016,0.3871332108974457,0.15640392899513245
CSD,XGBoost,KIMURA,,0.44373074173927307,0.29156073927879333,0.657066822052002
CSD,XGBoost,KIMURA,,3.033423900604248,1.1061251163482666,0.36464574933052063
CSD,XGBoost,KIMURA,,0.9271957278251648,0.24341098964214325,0.2625238597393036
CSD,XGBoost,KIMURA,,0.22704783082008362,0.12369178980588913,0.5447829365730286
CSD,XGBoost,KIMURA,,0.19180631637573242,0.06186759099364281,0.3225524127483368
CSD,XGBoost,KINLEY,,2299.08447265625,216.0076141357422,0.09395375102758408
CSD,XGBoost,KINLEY,,2242.17138671875,262.8036193847656,0.11720942705869675
CSD,XGBoost,KINLEY,,2541.921142578125,298.7920837402344,0.11754576861858368
CSD,XGBoost,KINLEY,,2530.023193359375,328.2490234375,0.12974150478839874
CSD,XGBoost,KINLEY,,2497.32666015625,152.2248077392578,0.06095510348677635
CSD,XGBoost,KINLEY,,2995.162109375,130.453857421875,0.04355485737323761
CSD,XGBoost,KINLEY,,3297.266357421875,257.3746643066406,0.07805698364973068
CSD,XGBoost,LE TRIBUTE,,91.74991607666016,11.719928741455078,0.12773776054382324
CSD,XGBoost,LE TRIBUTE,,34.03131103515625,3.9552669525146484,0.11622434854507446
CSD,XGBoost,LE TRIBUTE,,39.51445770263672,9.684847831726074,0.24509631097316742
CSD,XGBoost,LE TRIBUTE,,24.836353302001953,2.565002918243408,0.10327614843845367
CSD,XGBoost,LE TRIBUTE,,70.43569946289062,8.656582832336426,0.12290050089359283
CSD,XGBoost,LE TRIBUTE,,61.38358688354492,10.44986343383789,0.17023871839046478
CSD,XGBoost,LE TRIBUTE,,75.25419616699219,5.062017917633057,0.0672655925154686
CSD,XGBoost,LE VILLAGE,,8339.505859375,702.702392578125,0.08426187187433243
CSD,XGBoost,LE VILLAGE,,13238.1328125,2638.764404296875,0.19933055341243744
CSD,XGBoost,LE VILLAGE,,7474.72021484375,1204.7008056640625,0.16117002069950104
CSD,XGBoost,LE VILLAGE,,13106.8544921875,2040.4730224609375,0.1556798368692398
CSD,XGBoost,LE VILLAGE,,17880.88671875,4322.4951171875,0.24173830449581146
CSD,XGBoost,LE VILLAGE,,13537.234375,1452.4722900390625,0.10729461163282394
CSD,XGBoost,LE VILLAGE,,12631.599609375,1006.6301879882812,0.07969142496585846
CSD,XGBoost,LEMONAID,,44.32909393310547,8.935160636901855,0.2015642523765564
CSD,XGBoost,LEMONAID,,22.010156631469727,5.760288715362549,0.2617104947566986
CSD,XGBoost,LEMONAID,,17.250804901123047,2.7798736095428467,0.16114456951618195
CSD,XGBoost,LEMONAID,,61.5067138671875,16.26791763305664,0.2644900977611542
CSD,XGBoost,LEMONAID,,127.5906753540039,34.508888244628906,0.27046558260917664
CSD,XGBoost,LEMONAID,,68.91776275634766,5.2339372634887695,0.0759446769952774
CSD,XGBoost,LEMONAID,,202.6103515625,37.052494049072266,0.1828756183385849
CSD,XGBoost,LORINA,,2.899177074432373,1.6532082557678223,0.5702336430549622
CSD,XGBoost,LORINA,,1.0794117450714111,0.39428430795669556,0.3652770221233368
CSD,XGBoost,LORINA,,4.4748125076293945,0.6828486323356628,0.15259826183319092
CSD,XGBoost,LORINA,,2.785627841949463,0.5273721814155579,0.1893189698457718
CSD,XGBoost,LORINA,,1.443912386894226,0.7100022435188293,0.49172115325927734
CSD,XGBoost,LORINA,,1.5774232149124146,1.1191017627716064,0.709449291229248
CSD,XGBoost,LORINA,,0.511461079120636,0.16661037504673004,0.325753778219223
CSD,XGBoost,LØGISMOSE,,6891.5419921875,393.9851379394531,0.05716937407851219
CSD,XGBoost,LØGISMOSE,,9916.0224609375,522.843017578125,0.05272709205746651
CSD,XGBoost,LØGISMOSE,,7038.32421875,802.0782470703125,0.1139586940407753
CSD,XGBoost,LØGISMOSE,,8905.455078125,541.6664428710938,0.06082411855459213
CSD,XGBoost,LØGISMOSE,,10309.4423828125,744.9220581054688,0.07225628942251205
CSD,XGBoost,LØGISMOSE,,11179.0478515625,809.1959838867188,0.07238505780696869
CSD,XGBoost,LØGISMOSE,,11100.138671875,666.1950073242188,0.06001681834459305
CSD,XGBoost,MACARN,,11.608891487121582,4.123377323150635,0.35519132018089294
CSD,XGBoost,MACARN,,20.567218780517578,4.235957145690918,0.20595672726631165
CSD,XGBoost,MACARN,,1.790623664855957,0.474542498588562,0.26501521468162537
CSD,XGBoost,MACARN,,1.8797390460968018,0.5980619192123413,0.318162202835083
CSD,XGBoost,MACARN,,2.752941846847534,1.0568957328796387,0.3839150369167328
CSD,XGBoost,MACARN,,2.0661416053771973,0.7264499664306641,0.3515973687171936
CSD,XGBoost,MACARN,,2.085130453109741,0.5142356157302856,0.24662035703659058
CSD,XGBoost,MG TONICA,,0.05164020508527756,0.17766882479190826,3.4405136108398438
CSD,XGBoost,MG TONICA,,1.1868078708648682,0.5303859710693359,0.4469012916088104
CSD,XGBoost,MG TONICA,,0.017789924517273903,0.049911901354789734,2.8056275844573975
CSD,XGBoost,MG TONICA,,2.0082006454467773,0.2720486521720886,0.13546885550022125
CSD,XGBoost,MG TONICA,,0.9430921673774719,0.19037224352359772,0.20185963809490204
CSD,XGBoost,MG TONICA,,0.22250831127166748,0.06258241832256317,0.28125879168510437
CSD,XGBoost,MILKIS,,14.269963264465332,3.8345303535461426,0.26871341466903687
CSD,XGBoost,MILKIS,,43.52617645263672,4.5380859375,0.10426107794046402
CSD,XGBoost,MILKIS,,45.13975143432617,11.317793846130371,0.2507278621196747
CSD,XGBoost,MILKIS,,26.10678482055664,9.42294692993164,0.3609386086463928
CSD,XGBoost,MILKIS,,11.332951545715332,2.7763524055480957,0.24498052895069122
CSD,XGBoost,MILKIS,,12.584345817565918,4.296088218688965,0.34138351678848267
CSD,XGBoost,MILKIS,,24.311365127563477,5.781610488891602,0.23781512677669525
CSD,XGBoost,MIRINDA,,19590.578125,868.4263305664062,0.04432877525687218
CSD,XGBoost,MIRINDA,,30289.01171875,2050.6103515625,0.06770145893096924
CSD,XGBoost,MIRINDA,,33889.9140625,4488.76416015625,0.13245132565498352
CSD,XGBoost,MIRINDA,,23633.26171875,4689.2509765625,0.19841742515563965
CSD,XGBoost,MIRINDA,,19394.14453125,1310.09033203125,0.06755081564188004
CSD,XGBoost,MIRINDA,,24032.830078125,2482.589599609375,0.10329993069171906
CSD,XGBoost,MIRINDA,,20678.546875,2312.58837890625,0.11183515191078186
CSD,XGBoost,MOUNTAIN DEW.,,10355.9462890625,1954.463623046875,0.18872863054275513
CSD,XGBoost,MOUNTAIN DEW.,,20057.302734375,1498.5447998046875,0.07471317797899246
CSD,XGBoost,MOUNTAIN DEW.,,24095.83203125,1608.593994140625,0.0667581856250763
CSD,XGBoost,MOUNTAIN DEW.,,10769.79296875,1681.02001953125,0.15608656406402588
CSD,XGBoost,MOUNTAIN DEW.,,10615.115234375,1136.109619140625,0.10702753812074661
CSD,XGBoost,MOUNTAIN DEW.,,23141.423828125,1292.6859130859375,0.055860258638858795
CSD,XGBoost,MOUNTAIN DEW.,,22061.4921875,1377.32568359375,0.0624312125146389
CSD,XGBoost,NATUR FRISK,,653.804443359375,33.904823303222656,0.05185774341225624
CSD,XGBoost,NATUR FRISK,,434.67767333984375,31.943981170654297,0.07348889112472534
CSD,XGBoost,NATUR FRISK,,553.2185668945312,73.0759048461914,0.13209228217601776
CSD,XGBoost,NATUR FRISK,,654.546142578125,46.221649169921875,0.07061633467674255
CSD,XGBoost,NATUR FRISK,,602.0732421875,33.218109130859375,0.0551728717982769
CSD,XGBoost,NATUR FRISK,,448.51025390625,45.90768051147461,0.10235591977834702
CSD,XGBoost,NATUR FRISK,,391.29248046875,29.181373596191406,0.07457688450813293
CSD,XGBoost,NICOLAS VAHE,,2.293809652328491,0.5512240529060364,0.24030941724777222
CSD,XGBoost,NICOLAS VAHE,,1.786919355392456,0.5445662140846252,0.3047514259815216
CSD,XGBoost,NICOLAS VAHE,,3.236844539642334,0.6251968741416931,0.1931501030921936
CSD,XGBoost,NICOLAS VAHE,,0.6237589120864868,0.11437805742025375,0.1833690106868744
CSD,XGBoost,NICOLAS VAHE,,0.7263104319572449,0.4127289056777954,0.5682541131973267
CSD,XGBoost,NICOLAS VAHE,,2.4044172763824463,0.5114303827285767,0.21270450949668884
CSD,XGBoost,NICOLAS VAHE,,0.6438285112380981,0.46671992540359497,0.7249134182929993
CSD,XGBoost,NIKOLINE,,278.82244873046875,34.81367111206055,0.12485963851213455
CSD,XGBoost,NIKOLINE,,181.96231079101562,39.716957092285156,0.21827024221420288
CSD,XGBoost,NIKOLINE,,324.71533203125,20.605192184448242,0.06345617026090622
CSD,XGBoost,NIKOLINE,,326.472900390625,22.371950149536133,0.06852620840072632
CSD,XGBoost,NIKOLINE,,318.8249816894531,37.43962478637695,0.11743002384901047
CSD,XGBoost,NIKOLINE,,572.3065795898438,44.348541259765625,0.07749088108539581
CSD,XGBoost,NIKOLINE,,440.05108642578125,26.014371871948242,0.05911670997738838
CSD,XGBoost,NODA,,33335.0859375,2494.580322265625,0.0748334750533104
CSD,XGBoost,NODA,,36218.8203125,2265.21142578125,0.0625423863530159
CSD,XGBoost,NODA,,53175.63671875,3926.16015625,0.07383381575345993
CSD,XGBoost,NODA,,56556.17578125,2950.72265625,0.05217330530285835
CSD,XGBoost,NODA,,58123.94921875,3005.6220703125,0.05171056091785431
CSD,XGBoost,NODA,,95375.4765625,7062.421875,0.07404861599206924
CSD,XGBoost,NODA,,97501.234375,3039.721435546875,0.031176235526800156
CSD,XGBoost,NORNIR,,47837.44140625,5793.60302734375,0.1211102157831192
CSD,XGBoost,NORNIR,,139002.96875,41924.9453125,0.30161187052726746
CSD,XGBoost,NORNIR,,74741.40625,9169.2578125,0.12267976254224777
CSD,XGBoost,NORNIR,,104199.5390625,11610.310546875,0.11142382025718689
CSD,XGBoost,NORNIR,,119049.734375,9543.548828125,0.08016438782215118
CSD,XGBoost,NORNIR,,160199.03125,8565.7578125,0.053469471633434296
CSD,XGBoost,NORNIR,,172029.15625,11519.8037109375,0.06696425378322601
CSD,XGBoost,OLD JAMAICA,,16.710237503051758,4.0552520751953125,0.24268069863319397
CSD,XGBoost,OLD JAMAICA,,12.849205017089844,1.3507869243621826,0.10512610524892807
CSD,XGBoost,OLD JAMAICA,,10.12346076965332,1.5761690139770508,0.15569467842578888
CSD,XGBoost,OLD JAMAICA,,5.437403678894043,1.0959053039550781,0.20154936611652374
CSD,XGBoost,OLD JAMAICA,,2.549227476119995,0.5372161269187927,0.21073684096336365
CSD,XGBoost,OLD JAMAICA,,2.031010150909424,0.41411441564559937,0.20389579236507416
CSD,XGBoost,OLD JAMAICA,,0.1286296546459198,0.29372087121009827,2.283461570739746
CSD,XGBoost,ORANGINA,,3915.42626953125,496.7662048339844,0.12687410414218903
CSD,XGBoost,ORANGINA,,2291.19921875,679.3837280273438,0.29651883244514465
CSD,XGBoost,ORANGINA,,9424.09375,1030.19921875,0.10931546986103058
CSD,XGBoost,ORANGINA,,3083.806884765625,426.957763671875,0.13845153152942657
CSD,XGBoost,ORANGINA,,2422.1875,277.0715637207031,0.11438897997140884
CSD,XGBoost,ORANGINA,,2736.12353515625,659.5799560546875,0.24106365442276
CSD,XGBoost,ORANGINA,,8416.556640625,1378.403076171875,0.1637728065252304
CSD,XGBoost,PACHA,,141.58331298828125,17.81160545349121,0.12580299377441406
CSD,XGBoost,PACHA,,352.60540771484375,57.5614128112793,0.16324597597122192
CSD,XGBoost,PACHA,,199.7734832763672,27.64120101928711,0.13836270570755005
CSD,XGBoost,PACHA,,159.76730346679688,20.488658905029297,0.12824063003063202
CSD,XGBoost,PACHA,,127.99623107910156,30.72322654724121,0.24003227055072784
CSD,XGBoost,PACHA,,159.04161071777344,31.950376510620117,0.20089319348335266
CSD,XGBoost,PACHA,,106.83203125,19.121694564819336,0.17898839712142944
CSD,XGBoost,PEPSI,,3127674.5,65039.8984375,0.02079497091472149
CSD,XGBoost,PEPSI,,3289406.5,131542.140625,0.03998962789773941
CSD,XGBoost,PEPSI,,4867062.5,83930.53125,0.017244597896933556
CSD,XGBoost,PEPSI,,3779058.0,110800.0390625,0.029319485649466515
CSD,XGBoost,PEPSI,,4536182.0,139035.8125,0.03065040521323681
CSD,XGBoost,PEPSI,,4844162.0,132597.4375,0.027372626587748528
CSD,XGBoost,PEPSI,,3964394.0,99802.328125,0.02517467364668846
CSD,XGBoost,PUNCH! CLUB,,117.69319915771484,15.506839752197266,0.1317564696073532
CSD,XGBoost,PUNCH! CLUB,,92.27806091308594,15.483559608459473,0.1677924245595932
CSD,XGBoost,PUNCH! CLUB,,82.38689422607422,25.929885864257812,0.3147331476211548
CSD,XGBoost,PUNCH! CLUB,,64.30183410644531,11.713544845581055,0.1821650266647339
CSD,XGBoost,PUNCH! CLUB,,62.463844299316406,9.249229431152344,0.14807333052158356
CSD,XGBoost,PUNCH! CLUB,,30.101497650146484,4.518854141235352,0.1501205712556839
CSD,XGBoost,PUNCH! CLUB,,48.04459762573242,9.3102445602417,0.19378338754177094
CSD,XGBoost,QDOL,,515.5814819335938,66.04834747314453,0.1281045824289322
CSD,XGBoost,QDOL,,1360.638671875,377.6952209472656,0.2775867283344269
CSD,XGBoost,QDOL,,1117.656982421875,172.34523010253906,0.15420225262641907
CSD,XGBoost,QDOL,,1105.0819091796875,293.319091796875,0.26542747020721436
CSD,XGBoost,QDOL,,400.02117919921875,39.109622955322266,0.0977688804268837
CSD,XGBoost,QDOL,,199.73544311523438,48.29418182373047,0.2417907416820526
CSD,XGBoost,QDOL,,72.14845275878906,4.776553630828857,0.06620451807975769
CSD,XGBoost,REINE DES LIMONADES,,5237.130859375,531.13330078125,0.10141684859991074
CSD,XGBoost,REINE DES LIMONADES,,4554.7021484375,494.59014892578125,0.10858891159296036
CSD,XGBoost,REINE DES LIMONADES,,4528.3603515625,508.89666748046875,0.11237989366054535
CSD,XGBoost,REINE DES LIMONADES,,4989.25244140625,455.0336608886719,0.09120277315378189
CSD,XGBoost,REINE DES LIMONADES,,3391.071533203125,532.5765380859375,0.15705257654190063
CSD,XGBoost,REINE DES LIMONADES,,8129.5908203125,633.8458862304688,0.07796774804592133
CSD,XGBoost,REINE DES LIMONADES,,10631.138671875,972.0149536132812,0.09143093228340149
CSD,XGBoost,RUBICON,,54.37884521484375,8.657604217529297,0.15920904278755188
CSD,XGBoost,RUBICON,,49.40306854248047,14.498376846313477,0.29347118735313416
CSD,XGBoost,RUBICON,,68.27934265136719,10.02800178527832,0.1468672901391983
CSD,XGBoost,RUBICON,,91.26979064941406,14.534441947937012,0.1592470109462738
CSD,XGBoost,RUBICON,,102.8578109741211,13.07094955444336,0.1270778477191925
CSD,XGBoost,RUBICON,,134.2738800048828,4.271679878234863,0.031813185662031174
CSD,XGBoost,RUBICON,,126.27156066894531,13.187088012695312,0.10443434864282608
CSD,XGBoost,RYNKEBY,,103253.34375,7847.85693359375,0.07600583881139755
CSD,XGBoost,RYNKEBY,,80105.7109375,6998.29443359375,0.08736324310302734
CSD,XGBoost,RYNKEBY,,98361.390625,9989.0498046875,0.10155458003282547
CSD,XGBoost,RYNKEBY,,103313.015625,9914.3671875,0.09596435725688934
CSD,XGBoost,RYNKEBY,,96156.0078125,5779.412109375,0.06010453402996063
CSD,XGBoost,RYNKEBY,,103134.578125,5508.20361328125,0.05340792238712311
CSD,XGBoost,RYNKEBY,,86612.7890625,3349.285400390625,0.0386696420609951
CSD,XGBoost,SALTUM,,4070.692626953125,227.15777587890625,0.05580322444438934
CSD,XGBoost,SALTUM,,3677.03271484375,369.5372619628906,0.10049876570701599
CSD,XGBoost,SALTUM,,6986.84130859375,1050.770751953125,0.1503928154706955
CSD,XGBoost,SALTUM,,3894.81787109375,232.99380493164062,0.059821490198373795
CSD,XGBoost,SALTUM,,3936.53125,606.4609985351562,0.1540597379207611
CSD,XGBoost,SALTUM,,5624.6845703125,615.3086547851562,0.10939434170722961
CSD,XGBoost,SALTUM,,4115.6748046875,445.793212890625,0.10831594467163086
CSD,XGBoost,SAN BENEDETTO,,81.8645248413086,15.366255760192871,0.187703475356102
CSD,XGBoost,SAN BENEDETTO,,70.5146255493164,20.49968147277832,0.2907153069972992
CSD,XGBoost,SAN BENEDETTO,,50.18767547607422,13.366495132446289,0.2663302421569824
CSD,XGBoost,SAN BENEDETTO,,108.41896057128906,40.8026008605957,0.37634193897247314
CSD,XGBoost,SAN BENEDETTO,,108.17033386230469,9.12719440460205,0.08437798172235489
CSD,XGBoost,SAN BENEDETTO,,6.796614646911621,3.641533136367798,0.5357863306999207
CSD,XGBoost,SAN BENEDETTO,,12.119394302368164,1.1265918016433716,0.0929577648639679
CSD,XGBoost,SAN PELLEGRINO,,180196.40625,14973.486328125,0.08309536427259445
CSD,XGBoost,SAN PELLEGRINO,,228923.828125,12086.6162109375,0.05279754474759102
CSD,XGBoost,SAN PELLEGRINO,,239182.171875,21073.96484375,0.08810842782258987
CSD,XGBoost,SAN PELLEGRINO,,202198.359375,12784.6259765625,0.06322813779115677
CSD,XGBoost,SAN PELLEGRINO,,230689.15625,18970.11328125,0.08223235607147217
CSD,XGBoost,SAN PELLEGRINO,,283984.84375,21384.732421875,0.0753023698925972
CSD,XGBoost,SAN PELLEGRINO,,230828.34375,8968.3388671875,0.03885284811258316
CSD,XGBoost,SCHWEPPES,,254153.46875,11735.197265625,0.046173665672540665
CSD,XGBoost,SCHWEPPES,,292865.90625,9306.0009765625,0.031775638461112976
CSD,XGBoost,SCHWEPPES,,263589.34375,10561.56640625,0.040068261325359344
CSD,XGBoost,SCHWEPPES,,260557.78125,19785.478515625,0.07593508809804916
CSD,XGBoost,SCHWEPPES,,312224.03125,23435.54296875,0.07506002485752106
CSD,XGBoost,SCHWEPPES,,442467.3125,28630.361328125,0.06470616161823273
CSD,XGBoost,SCHWEPPES,,327040.9375,10400.09765625,0.03180059790611267
CSD,XGBoost,SFC,,207.951416015625,42.526466369628906,0.2045019268989563
CSD,XGBoost,SFC,,162.03176879882812,18.50713539123535,0.11421918123960495
CSD,XGBoost,SFC,,33.59313201904297,10.523862838745117,0.31327423453330994
CSD,XGBoost,SFC,,145.03488159179688,13.046666145324707,0.08995536714792252
CSD,XGBoost,SFC,,85.05118560791016,9.855974197387695,0.11588285118341446
CSD,XGBoost,SFC,,588.3772583007812,139.4014892578125,0.23692534863948822
CSD,XGBoost,SFC,,2268.47705078125,959.1567993164062,0.42281970381736755
CSD,XGBoost,SIRMA,,374.2902526855469,43.77460861206055,0.11695364117622375
CSD,XGBoost,SIRMA,,402.48065185546875,46.35774230957031,0.11518005281686783
CSD,XGBoost,SIRMA,,582.1572265625,36.65981674194336,0.06297236680984497
CSD,XGBoost,SIRMA,,668.3406372070312,105.14531707763672,0.1573229432106018
CSD,XGBoost,SIRMA,,459.30291748046875,88.61227416992188,0.192927747964859
CSD,XGBoost,SIRMA,,641.429443359375,23.85624122619629,0.03719230741262436
CSD,XGBoost,SIRMA,,718.4754638671875,75.05686950683594,0.10446684807538986
CSD,XGBoost,SPRITE,,50280.91796875,2701.078125,0.053719744086265564
CSD,XGBoost,SPRITE,,39788.171875,372.4930725097656,0.009361905045807362
CSD,XGBoost,SPRITE,,76589.625,8190.92138671875,0.10694557428359985
CSD,XGBoost,SPRITE,,80860.8125,8187.92236328125,0.10125946253538132
CSD,XGBoost,SPRITE,,79155.171875,4738.1826171875,0.059859417378902435
CSD,XGBoost,SPRITE,,113788.796875,6427.95849609375,0.05649025738239288
CSD,XGBoost,SPRITE,,91838.296875,5039.2421875,0.054870814085006714
CSD,XGBoost,THE LONDON ESSENCE,,0.11062208563089371,0.22944395244121552,2.074124336242676
CSD,XGBoost,THE LONDON ESSENCE,,1.1637424230575562,0.3825523555278778,0.3287259638309479
CSD,XGBoost,THE LONDON ESSENCE,,2.0758588314056396,1.0919581651687622,0.5260272026062012
CSD,XGBoost,THE LONDON ESSENCE,,4.492657661437988,1.6420942544937134,0.36550620198249817
CSD,XGBoost,THE LONDON ESSENCE,,1.7935956716537476,0.574168860912323,0.3201216757297516
CSD,XGBoost,THE LONDON ESSENCE,,0.4645206034183502,0.4515613615512848,0.9721019268035889
CSD,XGBoost,THE LONDON ESSENCE,,0.7211624383926392,0.20662015676498413,0.2865098714828491
CSD,XGBoost,THE PERFECT MIXER,,2274.24658203125,347.3577880859375,0.15273532271385193
CSD,XGBoost,THE PERFECT MIXER,,1752.674560546875,116.16543579101562,0.06627895683050156
CSD,XGBoost,THE PERFECT MIXER,,1475.988037109375,297.9859313964844,0.20188912749290466
CSD,XGBoost,THE PERFECT MIXER,,443.73681640625,47.029964447021484,0.10598617047071457
CSD,XGBoost,THE PERFECT MIXER,,832.7487182617188,64.10388946533203,0.0769786685705185
CSD,XGBoost,THE PERFECT MIXER,,1163.4066162109375,220.643310546875,0.18965278565883636
CSD,XGBoost,THE PERFECT MIXER,,649.3598022460938,136.47283935546875,0.21016521751880646
CSD,XGBoost,THOMAS HENRY,,15107.7294921875,1198.792724609375,0.07934962958097458
CSD,XGBoost,THOMAS HENRY,,17798.220703125,1366.042236328125,0.07675161957740784
CSD,XGBoost,THOMAS HENRY,,22834.08203125,2116.011474609375,0.09266899526119232
CSD,XGBoost,THOMAS HENRY,,12119.033203125,1261.6802978515625,0.1041073426604271
CSD,XGBoost,THOMAS HENRY,,13043.806640625,1395.9989013671875,0.10702388733625412
CSD,XGBoost,THOMAS HENRY,,22247.33984375,1020.8014526367188,0.04588420316576958
CSD,XGBoost,THOMAS HENRY,,12431.9345703125,1924.22216796875,0.15478059649467468
CSD,XGBoost,THOR,,9051.96875,942.346435546875,0.10410403460264206
CSD,XGBoost,THOR,,17168.927734375,3297.70068359375,0.1920737773180008
CSD,XGBoost,THOR,,14761.458984375,976.7722778320312,0.06617043912410736
CSD,XGBoost,THOR,,2728.65966796875,232.60232543945312,0.08524417132139206
CSD,XGBoost,THOR,,1142.3939208984375,307.7625732421875,0.2694014310836792
CSD,XGBoost,THOR,,448.0615234375,74.09473419189453,0.16536732017993927
CSD,XGBoost,THOR,,96.5687484741211,35.78871154785156,0.37060344219207764
CSD,XGBoost,THY,,6142.173828125,442.1799621582031,0.07199079543352127
CSD,XGBoost,THY,,7309.7587890625,312.6629333496094,0.04277335852384567
CSD,XGBoost,THY,,8810.8779296875,763.328125,0.08663474023342133
CSD,XGBoost,THY,,9831.2080078125,1117.2054443359375,0.11363867670297623
CSD,XGBoost,THY,,15433.1611328125,1594.5494384765625,0.1033196896314621
CSD,XGBoost,THY,,16222.390625,1062.0870361328125,0.06547044217586517
CSD,XGBoost,THY,,14969.345703125,1041.954833984375,0.06960590183734894
CSD,XGBoost,TUBORG SQUASH,,549726.125,26012.30078125,0.047318655997514725
CSD,XGBoost,TUBORG SQUASH,,459408.0,36190.65625,0.07877672463655472
CSD,XGBoost,TUBORG SQUASH,,651403.9375,72247.7578125,0.11091084033250809
CSD,XGBoost,TUBORG SQUASH,,469869.0,31352.833984375,0.06672675907611847
CSD,XGBoost,TUBORG SQUASH,,747553.875,33575.20703125,0.04491342604160309
CSD,XGBoost,TUBORG SQUASH,,788618.8125,42536.44921875,0.05393790826201439
CSD,XGBoost,TUBORG SQUASH,,647592.5625,14217.86328125,0.02195495180785656
CSD,XGBoost,ULUDAG,,69381.046875,14990.03125,0.21605369448661804
CSD,XGBoost,ULUDAG,,56233.79296875,4078.113037109375,0.0725206807255745
CSD,XGBoost,ULUDAG,,62444.59375,3005.70849609375,0.048134006559848785
CSD,XGBoost,ULUDAG,,44158.94140625,2144.822998046875,0.04857052490115166
CSD,XGBoost,ULUDAG,,45653.17578125,4085.950439453125,0.0894998088479042
CSD,XGBoost,ULUDAG,,34430.6328125,2397.998779296875,0.06964724510908127
CSD,XGBoost,ULUDAG,,61790.8984375,6099.81689453125,0.09871707856655121
CSD,XGBoost,VESTFYN,,97.10538482666016,19.42191505432129,0.20000863075256348
CSD,XGBoost,VESTFYN,,109.50141906738281,20.359912872314453,0.18593287467956543
CSD,XGBoost,VESTFYN,,6.795945167541504,1.564675211906433,0.23023658990859985
CSD,XGBoost,VESTFYN,,6.352334499359131,2.0215811729431152,0.31824225187301636
CSD,XGBoost,VESTFYN,,3.941230058670044,1.5214983224868774,0.38604655861854553
CSD,XGBoost,VESTFYN,,5.0002241134643555,0.834915041923523,0.16697552800178528
CSD,XGBoost,VESTFYN,,0.9488792419433594,0.4648415744304657,0.4898848533630371
CSD,XGBoost,VIMTO,,144.73109436035156,9.903570175170898,0.06842738389968872
CSD,XGBoost,VIMTO,,162.6279754638672,33.72303771972656,0.2073630839586258
CSD,XGBoost,VIMTO,,91.19120788574219,5.801605701446533,0.06362023204565048
CSD,XGBoost,VIMTO,,129.3617401123047,16.360218048095703,0.1264687478542328
CSD,XGBoost,VIMTO,,267.83734130859375,34.376346588134766,0.12834784388542175
CSD,XGBoost,VIMTO,,300.48211669921875,83.57756042480469,0.27814486622810364
CSD,XGBoost,VIMTO,,266.32391357421875,13.916010856628418,0.05225220322608948
CSD,XGBoost,VOELKEL,,17.974365234375,3.7256336212158203,0.20727483928203583
CSD,XGBoost,VOELKEL,,12.653959274291992,4.770508766174316,0.37699732184410095
CSD,XGBoost,VOELKEL,,15.169775009155273,4.320109844207764,0.2847840487957001
CSD,XGBoost,VOELKEL,,2.622720241546631,0.9613616466522217,0.36655133962631226
CSD,XGBoost,VOELKEL,,8.761845588684082,2.287672758102417,0.2610948383808136
CSD,XGBoost,VOELKEL,,27.768686294555664,3.910468816757202,0.14082296192646027
CSD,XGBoost,VOELKEL,,8.426759719848633,1.6151503324508667,0.19166921079158783
CSD,XGBoost,WARHEADS,,577.5027465820312,50.745975494384766,0.08787140250205994
CSD,XGBoost,WARHEADS,,300.1809997558594,47.0166015625,0.15662750601768494
CSD,XGBoost,WARHEADS,,281.61627197265625,40.889404296875,0.14519545435905457
CSD,XGBoost,WARHEADS,,575.3029174804688,89.46034240722656,0.15550129115581512
CSD,XGBoost,WARHEADS,,330.99407958984375,34.208091735839844,0.10334955900907516
CSD,XGBoost,WARHEADS,,288.7071533203125,30.058349609375,0.1041136309504509
CSD,XGBoost,WARHEADS,,289.02935791015625,35.37822341918945,0.12240356206893921
CSD,XGBoost,ØKOBRUS,,0.09034328162670135,0.20408862829208374,2.2590348720550537
CSD,XGBoost,ØKOBRUS,,0.575097918510437,0.18035560846328735,0.3136085271835327
CSD,XGBoost,ØKOBRUS,,1.6440074443817139,0.49970319867134094,0.3039543330669403
CSD,XGBoost,ØKOBRUS,,1.709555983543396,0.5607799291610718,0.3280266523361206
CSD,XGBoost,ØKOBRUS,,15391.509765625,4553.9404296875,0.2958735227584839
CSD,XGBoost,ØKOBRUS,,6250.7470703125,2500.109375,0.3999696969985962
CSD,XGBoost,ØKOBRUS,,6903.3173828125,1106.1041259765625,0.1602279096841812
CSD,XGBoost,ØNDLINGS,,0.6476056575775146,0.5273611545562744,0.8143244981765747
CSD,XGBoost,ØNDLINGS,,0.25131264328956604,0.10331104695796967,0.41108575463294983
CSD,XGBoost,ØRBÆK,,2114.73193359375,177.53677368164062,0.08395237475633621
CSD,XGBoost,ØRBÆK,,2403.331298828125,214.76316833496094,0.08936061710119247
CSD,XGBoost,ØRBÆK,,2632.68212890625,331.2092590332031,0.1258067786693573
CSD,XGBoost,ØRBÆK,,1978.4097900390625,397.8061828613281,0.20107370615005493
CSD,XGBoost,ØRBÆK,,3338.224609375,211.50274658203125,0.06335785239934921
CSD,XGBoost,ØRBÆK,,1635.062744140625,141.95211791992188,0.08681753277778625
CSD,XGBoost,ØRBÆK,,2228.19189453125,242.1044158935547,0.10865510255098343
CSD,XGBoost,ØVRIGE BRAND,,2625.739501953125,442.637451171875,0.16857630014419556
CSD,XGBoost,ØVRIGE BRAND,,1912.8863525390625,320.11029052734375,0.1673441231250763
CSD,XGBoost,ØVRIGE BRAND,,1871.591064453125,341.30645751953125,0.1823616623878479
CSD,XGBoost,ØVRIGE BRAND,,1208.50927734375,347.860595703125,0.287842720746994
CSD,XGBoost,ØVRIGE BRAND,,2904.68408203125,223.30157470703125,0.07687637209892273
CSD,XGBoost,ØVRIGE BRAND,,3203.3876953125,299.24591064453125,0.09341545403003693
CSD,XGBoost,ØVRIGE BRAND,,3758.744873046875,365.4834899902344,0.09723551571369171
danskvand,LightGBM,ACQUA PANNA,,1850.2758083902445,130.9447333798624,0.07077038611545455
danskvand,LightGBM,ACQUA PANNA,,2093.1650653129905,259.91933717636743,0.12417527001746599
danskvand,LightGBM,ACQUA PANNA,,1936.4224667799076,142.66574380711708,0.07367490630510866
danskvand,LightGBM,ACQUA PANNA,,1265.3189349469758,190.2434082640665,0.15035213890325508
danskvand,LightGBM,ACQUA PANNA,,278.3147987981324,142.9534154828484,0.5136392893952274
danskvand,LightGBM,ACQUA PANNA,,623.0974101691244,137.07328738087926,0.21998693164793304
danskvand,LightGBM,ACTIVE 02,,2527.1336786145694,466.56151597131577,0.18462082948737998
danskvand,LightGBM,ACTIVE 02,,11255.448949386244,558.7037072984847,0.049638509295442244
danskvand,LightGBM,ACTIVE 02,,2542.030044258509,241.18656168385147,0.09487950869369201
danskvand,LightGBM,ACTIVE 02,,520.6599236556362,168.26800422767747,0.3231821705159118
danskvand,LightGBM,ACTIVE 02,,2323.359512194712,293.8911093198729,0.1264940306385278
danskvand,LightGBM,ACTIVE 02,,936.1862361562311,411.8962993982689,0.4399726074690245
danskvand,LightGBM,AQUA D'OR,,214191.44810887385,23508.4926229527,0.1097545809158697
danskvand,LightGBM,AQUA D'OR,,265703.224515926,13871.135956026286,0.052205373048436095
danskvand,LightGBM,AQUA D'OR,,105198.4046441438,13233.594177291836,0.1257965291589479
danskvand,LightGBM,AQUA D'OR,,109157.62872414675,10941.18823758991,0.10023292339227602
danskvand,LightGBM,AQUA D'OR,,148800.7218772986,43946.50399958754,0.295337975818598
danskvand,LightGBM,AQUA D'OR,,325469.700580974,8444.726597137997,0.025946275742607945
danskvand,LightGBM,BLUE KELD,,425432.1242583489,10276.264027806987,0.02415488497894108
danskvand,LightGBM,BLUE KELD,,369865.2353420036,10627.73118829764,0.028734063579861694
danskvand,LightGBM,BLUE KELD,,496346.0759056462,20884.563009342266,0.042076615537325925
danskvand,LightGBM,BLUE KELD,,506569.24200212955,9431.337316320867,0.018618061529051974
danskvand,LightGBM,BLUE KELD,,545507.6792946265,12655.31352282279,0.02319914824881449
danskvand,LightGBM,BLUE KELD,,550455.8835682825,17021.243043954986,0.030922083952698
danskvand,LightGBM,CARLSBERG KURVAND,,2113.843396354447,218.4374862667355,0.1033366457720826
danskvand,LightGBM,CARLSBERG KURVAND,,2636.2526558090267,279.67609822425294,0.10608850316678942
danskvand,LightGBM,CARLSBERG KURVAND,,3440.344603450377,789.7506690051242,0.2295556870125948
danskvand,LightGBM,CARLSBERG KURVAND,,2478.9272651020206,461.1638564014187,0.18603363757122557
danskvand,LightGBM,CARLSBERG KURVAND,,5750.684301024921,367.6725159016428,0.06393543735936157
danskvand,LightGBM,CARLSBERG KURVAND,,5753.519272162111,238.65171424167596,0.041479258685439876
danskvand,LightGBM,DENICE,,37.658227273660046,14.994944555360805,0.39818508838436434
danskvand,LightGBM,DENICE,,2.5508584295497974,0.975517832501982,0.3824272727962217
danskvand,LightGBM,DENICE,,189.30117459790387,87.7631550743718,0.4636165373024769
danskvand,LightGBM,DENICE,,22.302938358655446,7.180171766140359,0.32193837648992285
danskvand,LightGBM,DENICE,,292.2094522551598,146.22178938781911,0.5004006142146866
danskvand,LightGBM,DENICE,,99.09708360399443,20.254799462746202,0.20439349702446508
danskvand,LightGBM,EGEKILDE,,81697.71082791548,17539.21866527851,0.21468433432880832
danskvand,LightGBM,EGEKILDE,,101837.21688774806,5947.525317270554,0.058402276682662325
danskvand,LightGBM,EGEKILDE,,180726.14111381356,6340.326234444209,0.03508250768465943
danskvand,LightGBM,EGEKILDE,,164283.95896243292,4977.447268645326,0.030297828832963097
danskvand,LightGBM,EGEKILDE,,325479.17230965,16350.475163029598,0.050235088921371296
danskvand,LightGBM,EGEKILDE,,454419.4091858518,16451.17841135154,0.03620263148712298
danskvand,LightGBM,EVIAN,,2452.8208030276382,175.0304733760628,0.07135885065880639
danskvand,LightGBM,EVIAN,,2435.7715143270643,237.0727183964223,0.0973296210264282
danskvand,LightGBM,EVIAN,,2278.9018224150577,174.9029596255707,0.07674879097697063
danskvand,LightGBM,EVIAN,,2712.2774229063098,220.05520876079305,0.08113300169899118
danskvand,LightGBM,EVIAN,,5643.469704776419,328.5585052918646,0.05821923789433744
danskvand,LightGBM,EVIAN,,7517.738284757974,714.3479054203058,0.09502165124165446
danskvand,LightGBM,FEVER TREE,,2.180489268876019,0.2565518895698677,0.11765794642140706
danskvand,LightGBM,FEVER TREE,,0.6243106111466401,0.3350142348658832,0.5366146736647313
danskvand,LightGBM,FEVER TREE,,0.12297147314668078,0.1463610087835449,1.1902029392537652
danskvand,LightGBM,FEVER TREE,,0.0021879173668680474,0.10014712403754432,45.77280913533887
danskvand,LightGBM,FIRST PRICE,,231048.76702497067,19818.799497051503,0.08577756008933637
danskvand,LightGBM,FIRST PRICE,,299162.74972243013,18760.52909439867,0.06271011050608775
danskvand,LightGBM,FIRST PRICE,,368582.96225805365,22291.604756063087,0.060479205602716406
danskvand,LightGBM,FIRST PRICE,,347254.1179621484,25628.80545799135,0.07380418008688656
danskvand,LightGBM,FIRST PRICE,,570989.0205500419,24744.05646685524,0.043335433040409314
danskvand,LightGBM,FIRST PRICE,,554449.0815808924,8065.061237350967,0.014546080975290242
danskvand,LightGBM,FREM,,1612.517946146346,177.825358353173,0.11027806467403757
danskvand,LightGBM,FREM,,2296.9682995334415,292.93745721009697,0.12753221595160813
danskvand,LightGBM,FREM,,1771.396531031649,137.2357410250582,0.07747319057079391
danskvand,LightGBM,FREM,,2047.0101146594084,174.4015438351323,0.0851981837247297
danskvand,LightGBM,FREM,,2272.549432922767,151.6322526723834,0.06672341225042855
danskvand,LightGBM,FREM,,2083.2875421154044,175.81225024425953,0.08439173502940303
danskvand,LightGBM,HANCOCK,,10604.550222611799,1169.6166306256546,0.11029384613896329
danskvand,LightGBM,HANCOCK,,11704.919762208528,824.1264146084679,0.07040854882827224
danskvand,LightGBM,HANCOCK,,10688.717785177781,883.6925087688105,0.08267525876623305
danskvand,LightGBM,HANCOCK,,14333.167701689159,2562.719016915527,0.17879641613441188
danskvand,LightGBM,HANCOCK,,13839.173386079314,2089.7451910819027,0.1510021684665037
danskvand,LightGBM,HANCOCK,,12180.258102381415,1477.893027789556,0.1213351158380303
danskvand,LightGBM,HARBOE,,2177235.0268683345,39149.48379642542,0.017981285122321767
danskvand,LightGBM,HARBOE,,2020437.1071213982,75383.05044143037,0.037310268246276555
danskvand,LightGBM,HARBOE,,2050392.9880154277,82702.81450713334,0.040335104046166914
danskvand,LightGBM,HARBOE,,2234716.7129099877,72958.90559324944,0.032647943773707375
danskvand,LightGBM,HARBOE,,2622209.3834401527,51947.36334697427,0.019810532169945563
danskvand,LightGBM,HARBOE,,2607014.106951082,42075.49237975701,0.01613934204175233
danskvand,LightGBM,KILDEVÆLD,,113453.98038056183,5257.400264583657,0.04633949595200287
danskvand,LightGBM,KILDEVÆLD,,163461.6729595528,2639.4820953166895,0.016147406590961585
danskvand,LightGBM,KILDEVÆLD,,156695.07810652518,4593.791866759427,0.02931675916225303
danskvand,LightGBM,KILDEVÆLD,,192823.90513289423,5871.999470994943,0.030452652988995122
danskvand,LightGBM,KILDEVÆLD,,308585.4414114564,23913.038246452114,0.07749243819499363
danskvand,LightGBM,KILDEVÆLD,,406179.69196028414,13782.936589776638,0.033933101192868895
danskvand,LightGBM,KIRVI,,1193.2362599906094,55.98943390305695,0.046922336992589866
danskvand,LightGBM,KIRVI,,1111.9322222464589,141.07773690350948,0.12687620169733665
danskvand,LightGBM,KIRVI,,1622.9263818542681,84.87408381590303,0.052296940123020545
danskvand,LightGBM,KIRVI,,968.956544310095,33.25656202383195,0.034322036647691866
danskvand,LightGBM,KIRVI,,141.14108060813734,45.772958368827425,0.3243064185962342
danskvand,LightGBM,KIRVI,,150.53962623203927,42.30608495945484,0.28102956024512077
danskvand,LightGBM,LIQUID DEATH,,131.7539596805968,25.211854041692536,0.19135556990326602
danskvand,LightGBM,LIQUID DEATH,,51.32714547195111,12.21355818295516,0.23795514187769387
danskvand,LightGBM,LIQUID DEATH,,64.42356763554444,21.494809502043573,0.3336482329516975
danskvand,LightGBM,LIQUID DEATH,,21.223983662261748,12.667657616756175,0.5968557938197281
danskvand,LightGBM,LIQUID DEATH,,23.38971794379131,9.162547680323462,0.3917339962090315
danskvand,LightGBM,LIQUID DEATH,,10.028171820945378,7.137909297485782,0.7117856998198976
danskvand,LightGBM,NATUR FRISK,,4.284112040449572,0.8839516884252719,0.20633253287477296
danskvand,LightGBM,NATUR FRISK,,3.1977624566408234,0.6165447423742408,0.1928050475087218
danskvand,LightGBM,NATUR FRISK,,1.4123509035682111,0.3878522724347531,0.27461466654984257
danskvand,LightGBM,NATUR FRISK,,0.36829641906086164,0.14238362198196847,0.38660061464903717
danskvand,LightGBM,NATUR FRISK,,4.043971644161775,0.6782999487412036,0.16773113375323878
danskvand,LightGBM,NATUR FRISK,,2.7580398149660303,0.21400127130448962,0.07759179912604902
danskvand,LightGBM,NERO,,0.12950033695977667,0.30239372247142526,2.3350805841173217
danskvand,LightGBM,NERO,,1.8436440568671053,0.7788612290977509,0.422457483697404
danskvand,LightGBM,NERO,,1.1211379776506674,0.9453207549359677,0.84317967438484
danskvand,LightGBM,NERO,,0.24092393392903927,0.12462843884987702,0.5172937234479351
danskvand,LightGBM,NERO,,1.88825738543141,0.5541844121385632,0.2934898687087347
danskvand,LightGBM,OK PLUS,,43.20803881824186,18.39357152072042,0.4256979030706411
danskvand,LightGBM,OK PLUS,,14.661192982390151,11.36748395901391,0.775345087720189
danskvand,LightGBM,OK PLUS,,64.90514750036401,45.88151585888263,0.7069010336757237
danskvand,LightGBM,OK PLUS,,94.48165416177588,60.48418381675459,0.6401685528620271
danskvand,LightGBM,OK PLUS,,1925.8715820194564,592.7970977424884,0.30780717846248357
danskvand,LightGBM,OK PLUS,,23724.22784560966,7567.96961521402,0.3189975102441333
danskvand,LightGBM,OTHER BRAND,,5.913898897163203,3.9449812145764804,0.6670694381449134
danskvand,LightGBM,OTHER BRAND,,5.548861975077353,4.120722677447657,0.74262482937147
danskvand,LightGBM,OTHER BRAND,,5.249869650706061,4.274699120837885,0.8142486204896489
danskvand,LightGBM,OTHER BRAND,,6.952051664555768,3.790993103705164,0.545305657469881
danskvand,LightGBM,OTHER BRAND,,223.68163598444897,279.7593027147967,1.250703042668404
danskvand,LightGBM,OTHER BRAND,,382.95537098872495,202.3107527156708,0.5282880670751247
danskvand,LightGBM,PERRIER,,3471.5317710353675,306.62089974777257,0.08832438242566462
danskvand,LightGBM,PERRIER,,3485.983887236318,359.91384969007413,0.10324598774190354
danskvand,LightGBM,PERRIER,,4781.978829468795,523.4427933080119,0.10946154551800022
danskvand,LightGBM,PERRIER,,3905.999940928671,317.9170557547655,0.08139197659055242
danskvand,LightGBM,PERRIER,,5260.251678344293,692.7199576726654,0.13168950841734336
danskvand,LightGBM,PERRIER,,5937.144207388213,570.4492052963077,0.09608141311212179
danskvand,LightGBM,RAMLOESA,,0.02153236123499651,0.31430223070307184,14.596737778680628
danskvand,LightGBM,RAMLOESA,,0.020763154183100353,0.3464963377723614,16.688039529869858
danskvand,LightGBM,RAMLOESA,,0.09622636315061228,0.30338498562695215,3.152826062355675
danskvand,LightGBM,RAMLOESA,,150.27347097056733,224.83391464187196,1.4961650462303362
danskvand,LightGBM,RAMLOESA,,175.57737670510718,240.78472208830257,1.3713880831738081
danskvand,LightGBM,SALTUM,,259.3649581410222,29.23191368565428,0.11270571743836062
danskvand,LightGBM,SALTUM,,613.3101123468381,37.7404976191284,0.06153574979338586
danskvand,LightGBM,SALTUM,,790.5174377858671,74.64315773593998,0.09442316407972659
danskvand,LightGBM,SALTUM,,648.3841858888111,90.88113570536945,0.14016556492781937
danskvand,LightGBM,SALTUM,,986.5119072335074,90.45535584178923,0.09169210749361836
danskvand,LightGBM,SALTUM,,927.4769471471036,150.0927154731618,0.16182905239299297
danskvand,LightGBM,SAN BENEDETTO,,2068.3237064090827,225.8989115906588,0.10921835440490739
danskvand,LightGBM,SAN BENEDETTO,,2087.829137058138,142.8537578874088,0.06842214975919789
danskvand,LightGBM,SAN BENEDETTO,,2139.9446389270347,76.60253340060973,0.03579650239878081
danskvand,LightGBM,SAN BENEDETTO,,2248.597548785965,243.77785179963985,0.10841328717593655
danskvand,LightGBM,SAN BENEDETTO,,1909.9226777077324,100.51473240456063,0.05262764486633421
danskvand,LightGBM,SAN BENEDETTO,,2309.661157683593,378.8288406845289,0.16401922828561755
danskvand,LightGBM,SAN PELLEGRINO,,104691.90599855692,3848.7057443640415,0.0367622091474492
danskvand,LightGBM,SAN PELLEGRINO,,144181.84866455177,11195.074303661657,0.07764551784675551
danskvand,LightGBM,SAN PELLEGRINO,,126903.64720105668,5973.847451664278,0.04707388308706179
danskvand,LightGBM,SAN PELLEGRINO,,135985.3402263097,6129.264468214468,0.045072979616876466
danskvand,LightGBM,SAN PELLEGRINO,,222559.6212757958,13143.13992102725,0.059054467498128406
danskvand,LightGBM,SAN PELLEGRINO,,146004.50661511507,16185.756447583673,0.11085792365472127
danskvand,LightGBM,SIRMA,,0.03564944112807339,0.09673194936684262,2.713421201171866
danskvand,LightGBM,SIRMA,,0.12297147314668078,0.1463610087835449,1.1902029392537652
danskvand,LightGBM,THY,,210.57759135895444,67.8552470946442,0.3222339407376775
danskvand,LightGBM,THY,,830.2602180780353,68.37353833639649,0.08235193840152188
danskvand,LightGBM,THY,,696.7073890053564,90.47843850889423,0.12986576565244182
danskvand,LightGBM,THY,,676.5123196654497,64.6373080045199,0.09554490897739228
danskvand,LightGBM,THY,,1105.465390226019,38.166632493617534,0.03452539792839117
danskvand,LightGBM,THY,,1714.5867953399618,334.8675493830525,0.1953051022515639
danskvand,LightGBM,ULUDAG,,4.272125950795031,0.640454862182792,0.1499147893951032
danskvand,LightGBM,ULUDAG,,3.744574615791175,0.6018037325623561,0.16071351069477982
danskvand,LightGBM,ULUDAG,,1.8870134254890694,0.301829383033097,0.15995084028343357
danskvand,LightGBM,ULUDAG,,3.7590082628639605,1.4252730931900086,0.3791620005921731
danskvand,LightGBM,ULUDAG,,4.949104053466309,1.0922992897348172,0.22070647089543013
danskvand,LightGBM,ULUDAG,,3.9744791520354914,0.7859866997578824,0.19775841555373283
danskvand,LightGBM,WATER BOX,,51.629622575526525,6.249858575956881,0.12105179670477466
danskvand,LightGBM,WATER BOX,,41.0518502290451,10.738914390601343,0.26159391917013575
danskvand,LightGBM,WATER BOX,,68.69651631763114,13.50984015554061,0.1966597562687946
danskvand,LightGBM,WATER BOX,,63.8007648906713,12.121889566742018,0.18999599123167304
danskvand,LightGBM,WATER BOX,,68.6515402511608,14.54243868525296,0.21182975111774086
danskvand,LightGBM,WATER BOX,,890.1874467118869,414.2941787177564,0.46540105710100466
danskvand,XGBoost,ACQUA PANNA,,1768.798583984375,273.0847473144531,0.15438996255397797
danskvand,XGBoost,ACQUA PANNA,,1991.082763671875,136.09490966796875,0.06835220754146576
danskvand,XGBoost,ACQUA PANNA,,1937.34765625,134.78103637695312,0.06956987828016281
danskvand,XGBoost,ACQUA PANNA,,1365.0340576171875,455.2566223144531,0.3335130214691162
danskvand,XGBoost,ACQUA PANNA,,536.1357421875,286.1932678222656,0.5338074564933777
danskvand,XGBoost,ACQUA PANNA,,596.62646484375,140.4320831298828,0.23537689447402954
danskvand,XGBoost,ACTIVE 02,,2155.880859375,251.26055908203125,0.11654658615589142
danskvand,XGBoost,ACTIVE 02,,6631.73046875,2358.352294921875,0.35561642050743103
danskvand,XGBoost,ACTIVE 02,,3274.0107421875,950.7601928710938,0.29039618372917175
danskvand,XGBoost,ACTIVE 02,,429.7432556152344,258.08038330078125,0.6005455255508423
danskvand,XGBoost,ACTIVE 02,,2777.936279296875,604.6272583007812,0.21765339374542236
danskvand,XGBoost,ACTIVE 02,,1012.5997924804688,353.65020751953125,0.3492497205734253
danskvand,XGBoost,AQUA D'OR,,245583.5,40469.4765625,0.16478906571865082
danskvand,XGBoost,AQUA D'OR,,239451.21875,47097.71875,0.19669024646282196
danskvand,XGBoost,AQUA D'OR,,41944.8125,16859.283203125,0.40193966031074524
danskvand,XGBoost,AQUA D'OR,,49737.8515625,16663.099609375,0.33501848578453064
danskvand,XGBoost,AQUA D'OR,,82885.140625,10196.3740234375,0.12301811575889587
danskvand,XGBoost,AQUA D'OR,,345686.15625,36770.4609375,0.1063694953918457
danskvand,XGBoost,BLUE KELD,,387946.21875,29457.208984375,0.07593116909265518
danskvand,XGBoost,BLUE KELD,,385152.0625,22473.53125,0.05834976211190224
danskvand,XGBoost,BLUE KELD,,500341.5,19593.583984375,0.03916042298078537
danskvand,XGBoost,BLUE KELD,,506255.25,25007.349609375,0.04939671978354454
danskvand,XGBoost,BLUE KELD,,563202.3125,12215.7734375,0.021689848974347115
danskvand,XGBoost,BLUE KELD,,542898.875,18543.16796875,0.034155841916799545
danskvand,XGBoost,CARLSBERG KURVAND,,1769.545654296875,250.87283325195312,0.14177244901657104
danskvand,XGBoost,CARLSBERG KURVAND,,2789.275390625,476.6134948730469,0.17087358236312866
danskvand,XGBoost,CARLSBERG KURVAND,,4175.47216796875,956.8101196289062,0.22915016114711761
danskvand,XGBoost,CARLSBERG KURVAND,,1951.301513671875,266.17950439453125,0.13641126453876495
danskvand,XGBoost,CARLSBERG KURVAND,,5111.2314453125,416.76763916015625,0.0815395712852478
danskvand,XGBoost,CARLSBERG KURVAND,,6059.96142578125,203.2167205810547,0.033534325659275055
danskvand,XGBoost,DENICE,,48.801029205322266,14.922765731811523,0.30578792095184326
danskvand,XGBoost,DENICE,,2.3072848320007324,1.0360865592956543,0.4490501284599304
danskvand,XGBoost,DENICE,,138.15737915039062,24.071380615234375,0.17423158884048462
danskvand,XGBoost,DENICE,,27.070892333984375,13.815093994140625,0.5103302001953125
danskvand,XGBoost,DENICE,,356.60540771484375,92.00923919677734,0.25801414251327515
danskvand,XGBoost,DENICE,,84.91615295410156,21.459819793701172,0.2527177631855011
danskvand,XGBoost,EGEKILDE,,29312.10546875,9724.2001953125,0.331746906042099
danskvand,XGBoost,EGEKILDE,,54119.7578125,9339.119140625,0.17256395518779755
danskvand,XGBoost,EGEKILDE,,174240.5,16031.8681640625,0.092009998857975
danskvand,XGBoost,EGEKILDE,,167369.125,10565.7548828125,0.06312845647335052
danskvand,XGBoost,EGEKILDE,,313200.53125,25701.537109375,0.08206096291542053
danskvand,XGBoost,EGEKILDE,,361311.1875,85450.2421875,0.23650041222572327
danskvand,XGBoost,EVIAN,,2310.271728515625,179.4615936279297,0.07767986506223679
danskvand,XGBoost,EVIAN,,2430.59619140625,110.81453704833984,0.045591503381729126
danskvand,XGBoost,EVIAN,,2698.81591796875,249.772705078125,0.09254899621009827
danskvand,XGBoost,EVIAN,,2891.44970703125,274.5465087890625,0.09495116025209427
danskvand,XGBoost,EVIAN,,6103.34033203125,319.9374694824219,0.05242006108164787
danskvand,XGBoost,EVIAN,,7435.90869140625,772.66650390625,0.1039101630449295
danskvand,XGBoost,FEVER TREE,,2.5832533836364746,0.5818042159080505,0.22522149980068207
danskvand,XGBoost,FEVER TREE,,0.6471339464187622,0.12081718444824219,0.18669578433036804
danskvand,XGBoost,FEVER TREE,,0.06270653009414673,0.10880621522665024,1.7351655960083008
danskvand,XGBoost,FIRST PRICE,,253849.796875,8824.0830078125,0.03476104140281677
danskvand,XGBoost,FIRST PRICE,,302633.40625,27614.470703125,0.09124726802110672
danskvand,XGBoost,FIRST PRICE,,361847.25,33005.3359375,0.09121344983577728
danskvand,XGBoost,FIRST PRICE,,336027.53125,47096.95703125,0.1401580274105072
danskvand,XGBoost,FIRST PRICE,,574313.4375,31415.36328125,0.05470072850584984
danskvand,XGBoost,FIRST PRICE,,549080.625,15106.0576171875,0.02751154825091362
danskvand,XGBoost,FREM,,1425.289306640625,195.3779754638672,0.13707952201366425
danskvand,XGBoost,FREM,,1899.66015625,375.33343505859375,0.1975792497396469
danskvand,XGBoost,FREM,,1587.028076171875,63.75947952270508,0.04017539322376251
danskvand,XGBoost,FREM,,1784.2777099609375,344.5338439941406,0.19309429824352264
danskvand,XGBoost,FREM,,2354.033203125,317.8339538574219,0.1350167691707611
danskvand,XGBoost,FREM,,2370.22509765625,266.2345886230469,0.11232460290193558
danskvand,XGBoost,HANCOCK,,10466.4638671875,1858.572265625,0.1775740385055542
danskvand,XGBoost,HANCOCK,,11240.6103515625,2064.360595703125,0.18365199863910675
danskvand,XGBoost,HANCOCK,,11134.0185546875,620.2664794921875,0.05570913106203079
danskvand,XGBoost,HANCOCK,,13035.009765625,1609.4423828125,0.1234707459807396
danskvand,XGBoost,HANCOCK,,18074.05078125,2366.345947265625,0.1309250444173813
danskvand,XGBoost,HANCOCK,,15316.990234375,3845.843994140625,0.25108352303504944
danskvand,XGBoost,HARBOE,,2085706.75,73532.0859375,0.03525523841381073
danskvand,XGBoost,HARBOE,,1909261.625,113161.859375,0.05926996096968651
danskvand,XGBoost,HARBOE,,1996240.625,86949.0703125,0.04355640709400177
danskvand,XGBoost,HARBOE,,2345041.25,73316.59375,0.031264521181583405
danskvand,XGBoost,HARBOE,,2736337.75,156026.84375,0.057020317763090134
danskvand,XGBoost,HARBOE,,2564366.5,146697.828125,0.05720626562833786
danskvand,XGBoost,KILDEVÆLD,,125531.2734375,7212.35693359375,0.057454660534858704
danskvand,XGBoost,KILDEVÆLD,,172179.140625,8241.8583984375,0.04786792770028114
danskvand,XGBoost,KILDEVÆLD,,160872.65625,3147.883056640625,0.019567545503377914
danskvand,XGBoost,KILDEVÆLD,,196334.96875,4849.40966796875,0.024699673056602478
danskvand,XGBoost,KILDEVÆLD,,306488.34375,29251.466796875,0.09544071555137634
danskvand,XGBoost,KILDEVÆLD,,332447.3125,84572.40625,0.25439339876174927
danskvand,XGBoost,KIRVI,,1238.475341796875,229.00343322753906,0.18490754067897797
danskvand,XGBoost,KIRVI,,1359.38623046875,170.09478759765625,0.1251261681318283
danskvand,XGBoost,KIRVI,,1206.512939453125,174.04766845703125,0.14425677061080933
danskvand,XGBoost,KIRVI,,1133.8297119140625,229.74668884277344,0.20262892544269562
danskvand,XGBoost,KIRVI,,180.49118041992188,57.41770553588867,0.3181191682815552
danskvand,XGBoost,KIRVI,,133.79335021972656,82.87745666503906,0.6194437742233276
danskvand,XGBoost,LIQUID DEATH,,100.03999328613281,43.07374572753906,0.4305652678012848
danskvand,XGBoost,LIQUID DEATH,,44.8727912902832,35.1818733215332,0.7840357422828674
danskvand,XGBoost,LIQUID DEATH,,57.74114227294922,50.94190979003906,0.8822463154792786
danskvand,XGBoost,LIQUID DEATH,,52.6177864074707,42.87895965576172,0.814913809299469
danskvand,XGBoost,LIQUID DEATH,,17.042551040649414,13.240462303161621,0.7769061326980591
danskvand,XGBoost,LIQUID DEATH,,17.6438045501709,13.260828018188477,0.7515855431556702
danskvand,XGBoost,NATUR FRISK,,4.497615814208984,0.7648288607597351,0.17005206644535065
danskvand,XGBoost,NATUR FRISK,,4.012801170349121,0.9599603414535522,0.23922449350357056
danskvand,XGBoost,NATUR FRISK,,1.5354143381118774,0.27378198504447937,0.17831146717071533
danskvand,XGBoost,NATUR FRISK,,0.5276892781257629,0.18451501429080963,0.349666029214859
danskvand,XGBoost,NATUR FRISK,,5.908666610717773,0.9312453866004944,0.15760669112205505
danskvand,XGBoost,NATUR FRISK,,2.5946743488311768,0.4290364384651184,0.1653527170419693
danskvand,XGBoost,NERO,,0.019879242405295372,0.17371340095996857,8.738431930541992
danskvand,XGBoost,NERO,,1.9688482284545898,1.5874607563018799,0.80628901720047
danskvand,XGBoost,NERO,,0.9939334988594055,0.5195531845092773,0.5227242708206177
danskvand,XGBoost,NERO,,0.36179327964782715,0.0526420921087265,0.1455032378435135
danskvand,XGBoost,NERO,,1.5152393579483032,0.6610841155052185,0.4362902343273163
danskvand,XGBoost,OK PLUS,,28.432361602783203,8.066460609436035,0.28370702266693115
danskvand,XGBoost,OK PLUS,,10.55598258972168,4.1389594078063965,0.39209607243537903
danskvand,XGBoost,OK PLUS,,79.30441284179688,22.037633895874023,0.27788659930229187
danskvand,XGBoost,OK PLUS,,134.35635375976562,42.185997009277344,0.3139858841896057
danskvand,XGBoost,OK PLUS,,1904.812744140625,221.79547119140625,0.11643951386213303
danskvand,XGBoost,OK PLUS,,8961.982421875,5238.68017578125,0.5845447778701782
danskvand,XGBoost,OTHER BRAND,,6.057015419006348,8.92509651184082,1.4735139608383179
danskvand,XGBoost,OTHER BRAND,,6.451865196228027,8.057244300842285,1.2488240003585815
danskvand,XGBoost,OTHER BRAND,,5.612701416015625,7.0599894523620605,1.257859468460083
danskvand,XGBoost,OTHER BRAND,,6.465084075927734,7.2252397537231445,1.1175786256790161
danskvand,XGBoost,OTHER BRAND,,93.69438171386719,104.33953857421875,1.1136157512664795
danskvand,XGBoost,OTHER BRAND,,331.8115539550781,365.5859375,1.101787805557251
danskvand,XGBoost,PERRIER,,4000.72412109375,184.4322967529297,0.04609972983598709
danskvand,XGBoost,PERRIER,,4057.744140625,561.2803955078125,0.13832326233386993
danskvand,XGBoost,PERRIER,,5439.25341796875,497.9184265136719,0.09154168516397476
danskvand,XGBoost,PERRIER,,4129.32275390625,145.38414001464844,0.03520774468779564
danskvand,XGBoost,PERRIER,,6151.1376953125,280.28570556640625,0.04556648060679436
danskvand,XGBoost,PERRIER,,6370.76611328125,239.65423583984375,0.03761780634522438
danskvand,XGBoost,RAMLOESA,,1.273449420928955,2.375006675720215,1.8650184869766235
danskvand,XGBoost,RAMLOESA,,1.4069446325302124,2.3491501808166504,1.6696820259094238
danskvand,XGBoost,RAMLOESA,,1.3194530010223389,1.9619760513305664,1.4869617223739624
danskvand,XGBoost,RAMLOESA,,1.4766390323638916,1.9638416767120361,1.3299401998519897
danskvand,XGBoost,RAMLOESA,,67.0910415649414,60.0295524597168,0.8947476744651794
danskvand,XGBoost,RAMLOESA,,112.61412048339844,93.44538116455078,0.8297838568687439
danskvand,XGBoost,SALTUM,,221.74002075195312,36.80223846435547,0.16597020626068115
danskvand,XGBoost,SALTUM,,651.0655517578125,114.66993713378906,0.17612655460834503
danskvand,XGBoost,SALTUM,,866.9220581054688,269.395751953125,0.31074967980384827
danskvand,XGBoost,SALTUM,,461.1494140625,93.94046020507812,0.20370937883853912
danskvand,XGBoost,SALTUM,,1024.1075439453125,227.19749450683594,0.2218492478132248
danskvand,XGBoost,SALTUM,,1243.855712890625,512.7213134765625,0.41220319271087646
danskvand,XGBoost,SAN BENEDETTO,,1723.177734375,184.38668823242188,0.10700386762619019
danskvand,XGBoost,SAN BENEDETTO,,1835.5992431640625,173.8583526611328,0.09471476823091507
danskvand,XGBoost,SAN BENEDETTO,,2021.5634765625,260.5255432128906,0.1288732886314392
danskvand,XGBoost,SAN BENEDETTO,,1671.0289306640625,210.03106689453125,0.12568967044353485
danskvand,XGBoost,SAN BENEDETTO,,2487.9130859375,655.9546508789062,0.2636565864086151
danskvand,XGBoost,SAN BENEDETTO,,2788.955810546875,659.5038452148438,0.2364698052406311
danskvand,XGBoost,SAN PELLEGRINO,,94330.6171875,7573.3544921875,0.0802852213382721
danskvand,XGBoost,SAN PELLEGRINO,,125690.2265625,8254.2353515625,0.06567125767469406
danskvand,XGBoost,SAN PELLEGRINO,,99373.890625,12487.0703125,0.12565745413303375
danskvand,XGBoost,SAN PELLEGRINO,,113644.359375,6263.9892578125,0.05511922761797905
danskvand,XGBoost,SAN PELLEGRINO,,203529.703125,17112.369140625,0.08407799154520035
danskvand,XGBoost,SAN PELLEGRINO,,150545.15625,35735.0625,0.2373710572719574
danskvand,XGBoost,SIRMA,,0.13984909653663635,0.18816114962100983,1.3454585075378418
danskvand,XGBoost,SIRMA,,0.06270653009414673,0.10880621522665024,1.7351655960083008
danskvand,XGBoost,THY,,246.9314422607422,58.19315719604492,0.2356652319431305
danskvand,XGBoost,THY,,726.5570068359375,83.65596771240234,0.11514026671648026
danskvand,XGBoost,THY,,699.0986328125,62.877620697021484,0.08994098752737045
danskvand,XGBoost,THY,,724.27294921875,81.41319274902344,0.11240678280591965
danskvand,XGBoost,THY,,925.1945190429688,58.437252044677734,0.06316212564706802
danskvand,XGBoost,THY,,1647.3681640625,215.00836181640625,0.13051627576351166
danskvand,XGBoost,ULUDAG,,2.5611305236816406,0.5456323623657227,0.21304355561733246
danskvand,XGBoost,ULUDAG,,4.678124904632568,0.40353474020957947,0.08625993132591248
danskvand,XGBoost,ULUDAG,,1.6995575428009033,0.4504816234111786,0.2650581896305084
danskvand,XGBoost,ULUDAG,,5.0686750411987305,1.551114797592163,0.30601978302001953
danskvand,XGBoost,ULUDAG,,7.7467169761657715,2.8371479511260986,0.3662387430667877
danskvand,XGBoost,ULUDAG,,4.6612114906311035,0.7099819183349609,0.15231703221797943
danskvand,XGBoost,WATER BOX,,43.28224182128906,4.498927116394043,0.10394395142793655
danskvand,XGBoost,WATER BOX,,22.837182998657227,6.594771385192871,0.28877341747283936
danskvand,XGBoost,WATER BOX,,46.09557342529297,10.251821517944336,0.2224036008119583
danskvand,XGBoost,WATER BOX,,43.789207458496094,9.619770050048828,0.21968358755111694
danskvand,XGBoost,WATER BOX,,51.09546661376953,3.365419626235962,0.06586533039808273
danskvand,XGBoost,WATER BOX,,854.1453247070312,435.4295959472656,0.5097839832305908
energidrikke,LightGBM,4MOVE,,6100.367757856729,143.17679067567954,0.023470190053916113
energidrikke,LightGBM,4MOVE,,5226.792406331557,398.16474153297673,0.07617764597856491
energidrikke,LightGBM,4MOVE,,5915.3359184614765,276.56746706458284,0.04675431300552674
energidrikke,LightGBM,4MOVE,,2336.501245375486,667.1363724218446,0.2855279335897092
energidrikke,LightGBM,4MOVE,,8774.797046575895,449.0966465349327,0.05118028874641373
energidrikke,LightGBM,4MOVE,,3954.5588326366947,344.48228073589047,0.08711016710458384
energidrikke,LightGBM,4MOVE,,9530.905624557872,485.821731286252,0.050973302057934156
energidrikke,LightGBM,AQUA D'OR,,1922.3996806896898,293.9508629156181,0.15290829782605808
energidrikke,LightGBM,AQUA D'OR,,457.6516593891778,65.55783356255363,0.14324832482865438
energidrikke,LightGBM,AQUA D'OR,,565.9076826922801,77.75227581562115,0.1373939216476409
energidrikke,LightGBM,AQUA D'OR,,1049.065671558761,94.75312872022506,0.09032144630129352
energidrikke,LightGBM,AQUA D'OR,,923.6968226916384,63.10868115465781,0.06832185583442853
energidrikke,LightGBM,AQUA D'OR,,1090.46337651481,196.26923856488145,0.17998700625065497
energidrikke,LightGBM,AQUA D'OR,,1339.147898693498,279.7864369918546,0.20892870553343687
energidrikke,LightGBM,BANG,,10.125869088026352,1.8519368656317188,0.18289164609303502
energidrikke,LightGBM,BANG,,8.531686949733178,1.5790537491940098,0.1850810699569085
energidrikke,LightGBM,BANG,,3.1912117447867345,0.4488315038184911,0.14064610552769385
energidrikke,LightGBM,BANG,,0.18937530546283177,0.2472817555572275,1.3057761409433655
energidrikke,LightGBM,BANG,,0.10439764662484508,0.0642307348206787,0.6152507924962434
energidrikke,LightGBM,BOBLI VITAMINS,,10.125869088026352,1.8519368656317188,0.18289164609303502
energidrikke,LightGBM,BOBLI VITAMINS,,8.531686949733178,1.5790537491940098,0.1850810699569085
energidrikke,LightGBM,BOBLI VITAMINS,,3.1912117447867345,0.4488315038184911,0.14064610552769385
energidrikke,LightGBM,BOBLI VITAMINS,,0.18937530546283177,0.2472817555572275,1.3057761409433655
energidrikke,LightGBM,BOBLI VITAMINS,,0.10439764662484508,0.0642307348206787,0.6152507924962434
energidrikke,LightGBM,BODYLAB,,0.09091369726746233,0.20816481625945332,2.2896969600416277
energidrikke,LightGBM,BODYLAB,,1.378081060630874,0.5137504609920065,0.3728013363428824
energidrikke,LightGBM,BODYLAB,,1.0589120697480887,0.17022156434129904,0.1607513685076742
energidrikke,LightGBM,BODYLAB,,0.14702983870242012,0.10829725085230413,0.7365664807093443
energidrikke,LightGBM,BUTTERFLY,,27597.448628574064,5251.189652317191,0.19027808414434993
energidrikke,LightGBM,BUTTERFLY,,64268.651867347675,7622.98297345699,0.1186112163857279
energidrikke,LightGBM,BUTTERFLY,,2155.9707735354577,711.6191704624852,0.33006902468141536
energidrikke,LightGBM,BUTTERFLY,,163.7922595654497,57.187470692798854,0.3491463567602065
energidrikke,LightGBM,BUTTERFLY,,6.473415013465288,0.9976151461676829,0.1541095610419776
energidrikke,LightGBM,BUTTERFLY,,1.0149615311731481,0.4648352734434042,0.4579831443523994
energidrikke,LightGBM,BUTTERFLY,,1.8927219489910396,0.6549464543194374,0.34603416242336715
energidrikke,LightGBM,CLUTCH COGNITION,,1705.2596247864421,87.75818741177225,0.051463241219214716
energidrikke,LightGBM,CLUTCH COGNITION,,804.5555886371925,69.15783228891588,0.08595780486225921
energidrikke,LightGBM,CLUTCH COGNITION,,491.68489100142733,51.97150962975751,0.10570084739416295
energidrikke,LightGBM,CLUTCH COGNITION,,189.8129457368334,23.567365397966416,0.12416100127670662
energidrikke,LightGBM,CLUTCH COGNITION,,93.09676889913911,11.063473693163383,0.11883842827187195
energidrikke,LightGBM,CLUTCH COGNITION,,33.37608360397731,7.977751478186659,0.23902599157068205
energidrikke,LightGBM,CLUTCH COGNITION,,146.7929981367549,57.079971872809736,0.3888466929439853
energidrikke,LightGBM,CLUTCH INNOSODA,,577.4322099758838,101.63797311364313,0.17601715207034951
energidrikke,LightGBM,CLUTCH INNOSODA,,204.4903354181264,25.946997442935967,0.12688617968121332
energidrikke,LightGBM,CLUTCH INNOSODA,,116.67930842421126,14.468103121767061,0.12399887621175593
energidrikke,LightGBM,CLUTCH INNOSODA,,100.20898050664155,17.593844795630456,0.17557153766736894
energidrikke,LightGBM,CLUTCH INNOSODA,,32.022478790104095,7.366602853977436,0.23004474145374207
energidrikke,LightGBM,CLUTCH INNOSODA,,17.12869477080117,1.216132585114551,0.07099972306049027
energidrikke,LightGBM,CLUTCH INNOSODA,,12.319423601814972,1.278199172910791,0.10375478709267527
energidrikke,LightGBM,COLLAB,,16676.07271304885,880.9732520639135,0.052828580639047065
energidrikke,LightGBM,COLLAB,,15888.061949630483,1511.314663465482,0.09512265676309448
energidrikke,LightGBM,COLLAB,,16398.233673663723,683.6625998561595,0.041691234157380706
energidrikke,LightGBM,COLLAB,,17106.486112459104,955.6472922557541,0.05586461684610559
energidrikke,LightGBM,COLLAB,,15512.075479686395,1424.3345520854277,0.0918210173713146
energidrikke,LightGBM,COLLAB,,20751.918611999274,1781.675943069735,0.08585596235133294
energidrikke,LightGBM,COLLAB,,11504.634920275408,345.43367800825774,0.0300256097131319
energidrikke,LightGBM,CULT,,111080.39639458321,10193.093530557997,0.09176320810334324
energidrikke,LightGBM,CULT,,46118.86224056129,5898.224186290965,0.1278917974065611
energidrikke,LightGBM,CULT,,37779.090356930916,3159.367739064915,0.08362741689161132
energidrikke,LightGBM,CULT,,60120.884482731075,6261.650153242448,0.10415099856092476
energidrikke,LightGBM,CULT,,42579.18703654516,3023.782119733243,0.07101549677634686
energidrikke,LightGBM,CULT,,46665.07437134106,2363.6671739501962,0.050651739138807016
energidrikke,LightGBM,CULT,,41102.69307574387,1363.7353592536097,0.033178734949082876
energidrikke,LightGBM,EASIS,,1.1985543645970875,0.8261371254133648,0.6892779750471173
energidrikke,LightGBM,EASIS,,0.5175734391410113,0.3596287270885092,0.6948361331782511
energidrikke,LightGBM,EASIS,,0.12675846573778013,0.2171699517392742,1.71325797038696
energidrikke,LightGBM,EASIS,,0.2237390306214359,0.1797815555100984,0.803532378819889
energidrikke,LightGBM,EASIS,,0.2084296333377463,0.09154046307053632,0.43919121098390607
energidrikke,LightGBM,EASIS,,11.139615359724006,2.098409436877861,0.1883735990081664
energidrikke,LightGBM,ENERVIT,,22.941372742553312,7.0119734079247955,0.30564750795921125
energidrikke,LightGBM,ENERVIT,,1.6477899552510729,0.5980634033990595,0.36294881000651136
energidrikke,LightGBM,ENERVIT,,11.994774092749914,2.4548313260797325,0.2046584043265578
energidrikke,LightGBM,ENERVIT,,17.521077694196798,5.319788599442931,0.30362222531579275
energidrikke,LightGBM,ENERVIT,,299.5022015717974,88.54398490561853,0.2956371754228743
energidrikke,LightGBM,ENERVIT,,75.52153070682627,15.533331414640863,0.2056808339192843
energidrikke,LightGBM,ENERVIT,,29.891659938460702,7.113705041237922,0.23798293757801423
energidrikke,LightGBM,FAXE KONDI BOOSTER,,2293053.8387692003,58317.08791400723,0.025432062225503177
energidrikke,LightGBM,FAXE KONDI BOOSTER,,1815054.1105169733,156572.9330398656,0.0862635070396164
energidrikke,LightGBM,FAXE KONDI BOOSTER,,2925062.0673385025,51418.1219058626,0.01757847208782399
energidrikke,LightGBM,FAXE KONDI BOOSTER,,2224742.7246083543,38857.43404861307,0.017466034889698792
energidrikke,LightGBM,FAXE KONDI BOOSTER,,2402591.7711851015,59698.83857712498,0.024847682945187962
energidrikke,LightGBM,FAXE KONDI BOOSTER,,2910502.035782104,32402.803395624625,0.011133063298791823
energidrikke,LightGBM,FAXE KONDI BOOSTER,,2297389.0059830234,25086.310147264765,0.010919487331894257
energidrikke,LightGBM,FAXE KONDI PRO,,32512.10186311101,2399.1451699186973,0.07379237368349979
energidrikke,LightGBM,FAXE KONDI PRO,,54825.17862111169,2944.5889852503888,0.053708698435804225
energidrikke,LightGBM,FAXE KONDI PRO,,64215.04350746087,2540.2337576443397,0.039558234626893944
energidrikke,LightGBM,FAXE KONDI PRO,,53181.40055679119,4916.874906888602,0.0924547841051682
energidrikke,LightGBM,FAXE KONDI PRO,,39710.99568697311,2730.8580998310017,0.06876831095743184
energidrikke,LightGBM,FAXE KONDI PRO,,73985.83992129848,3868.748293483837,0.05229038823644051
energidrikke,LightGBM,FAXE KONDI PRO,,63985.14788692443,1628.182131876263,0.02544625097614234
energidrikke,LightGBM,FIRE ENERGY,,304.31204059462254,58.77696512911451,0.19314702439727635
energidrikke,LightGBM,FIRE ENERGY,,12801.044261664749,1409.2114530634901,0.11008566365821043
energidrikke,LightGBM,FIRE ENERGY,,7430.6977296968735,495.31196581894307,0.06665753120860007
energidrikke,LightGBM,FIRE ENERGY,,5325.084059625622,362.12089075651426,0.06800284966430614
energidrikke,LightGBM,FIRE ENERGY,,4542.494351373627,604.268667055455,0.1330257387932089
energidrikke,LightGBM,FIRE ENERGY,,4598.228271421701,421.09420982662226,0.0915774913663489
energidrikke,LightGBM,FIRE ENERGY,,5276.444816837508,337.30510132976536,0.06392658561564046
energidrikke,LightGBM,GATORADE,,12890.94907693462,1308.4313451889184,0.10150000107672867
energidrikke,LightGBM,GATORADE,,4679.488608992224,385.933190948911,0.0824733690359438
energidrikke,LightGBM,GATORADE,,3741.9251762340923,439.2681661414246,0.11739095397506268
energidrikke,LightGBM,GATORADE,,3759.8564975172458,435.02979244992713,0.11570382878633567
energidrikke,LightGBM,GATORADE,,2896.4891198749124,446.7295709156564,0.15423139961076354
energidrikke,LightGBM,GATORADE,,9284.126394688465,924.075120583316,0.09953280268911333
energidrikke,LightGBM,GATORADE,,3953.6253271816263,181.61209180900318,0.04593558488215848
energidrikke,LightGBM,GLACEAU,,10.125869088026352,1.8519368656317188,0.18289164609303502
energidrikke,LightGBM,GLACEAU,,8.531686949733178,1.5790537491940098,0.1850810699569085
energidrikke,LightGBM,GLACEAU,,3.1912117447867345,0.4488315038184911,0.14064610552769385
energidrikke,LightGBM,GLACEAU,,0.18937530546283177,0.2472817555572275,1.3057761409433655
energidrikke,LightGBM,GLACEAU,,0.10439764662484508,0.0642307348206787,0.6152507924962434
energidrikke,LightGBM,HEAVE,,1800.2593426222327,181.2385489908072,0.10067357780063936
energidrikke,LightGBM,HEAVE,,469.55673772684787,49.32595048839856,0.10504790268198136
energidrikke,LightGBM,HEAVE,,655.8979790571357,130.46709574869388,0.19891370291496022
energidrikke,LightGBM,HEAVE,,575.1753443743808,24.239862663257213,0.04214343139068827
energidrikke,LightGBM,HEAVE,,479.84140538301915,22.64334012248378,0.04718921682969274
energidrikke,LightGBM,HEAVE,,675.5826706352487,70.47446894657965,0.10431657295222312
energidrikke,LightGBM,HEAVE,,328.3742103326115,33.98885714290311,0.10350647545821477
energidrikke,LightGBM,HERO,,1.1652707700061744,0.2263691025394243,0.19426309177756587
energidrikke,LightGBM,HERO,,1.216321508542514,0.2608166842587548,0.21443070966597028
energidrikke,LightGBM,HERO,,0.08413116780910795,0.3840273153575265,4.564625992460693
energidrikke,LightGBM,HERO,,3.961506811719532,0.49175616371295083,0.12413361558742318
energidrikke,LightGBM,HERO,,0.7443929405045782,0.32052910164157666,0.4305912700143418
energidrikke,LightGBM,HERO,,1.11143489977537,0.18670356787747394,0.16798425883082152
energidrikke,LightGBM,INZYM,,4.314494979682824,0.5204220710001662,0.12062178156443808
energidrikke,LightGBM,INZYM,,1.6113505063551656,0.8312560268143141,0.515875362645086
energidrikke,LightGBM,INZYM,,0.1704246544062501,0.14351517062619398,0.8421033396030214
energidrikke,LightGBM,INZYM,,0.06264791514332556,0.33953065194543164,5.419664025030286
energidrikke,LightGBM,INZYM,,4.061058377791808,1.8272192597310166,0.44993671347432423
energidrikke,LightGBM,INZYM,,2.1816528614646047,0.7722753471091327,0.3539863562852445
energidrikke,LightGBM,INZYM,,1.8788298366646152,0.6480032679277785,0.34489726279743543
energidrikke,LightGBM,KICK IN,,2276.1860267984243,209.71865250413995,0.09213598978072995
energidrikke,LightGBM,KICK IN,,1248.8728879651912,106.08489403418862,0.08494450880988733
energidrikke,LightGBM,KICK IN,,1545.3846638225737,217.87243204369818,0.1409826544446103
energidrikke,LightGBM,KICK IN,,1698.5042180174337,255.82388456060437,0.1506171617631971
energidrikke,LightGBM,KICK IN,,1416.6308271283012,271.92624551797445,0.19195279413000285
energidrikke,LightGBM,KICK IN,,3038.930640420759,494.08825863311904,0.16258622426627986
energidrikke,LightGBM,KICK IN,,2572.7894644661096,178.6044670245553,0.06942055286347275
energidrikke,LightGBM,LINUSPRO,,580.8188425960843,36.58705012865332,0.06299218869195132
energidrikke,LightGBM,LINUSPRO,,85.05299569065849,9.151749141552639,0.10760055030675175
energidrikke,LightGBM,LINUSPRO,,29.372912330678957,3.7027524105412204,0.1260601049312304
energidrikke,LightGBM,LINUSPRO,,0.18836954120667498,0.19968937845022355,1.0600937772159709
energidrikke,LightGBM,LINUSPRO,,0.7775710709740956,0.3065284895584407,0.3942128263265244
energidrikke,LightGBM,LINUSPRO,,0.2646867400269758,0.2534745166978668,0.9576396485597795
energidrikke,LightGBM,LOHILO,,1287.8699555639027,199.90925435287465,0.15522472085727243
energidrikke,LightGBM,LOHILO,,437.35351138646894,74.99365719148861,0.17147148757020086
energidrikke,LightGBM,LOHILO,,177.10057599742836,31.359107313699457,0.17706948233841327
energidrikke,LightGBM,LOHILO,,25.6751260117717,4.728077187729469,0.18415010643226093
energidrikke,LightGBM,LOHILO,,0.9026515065932481,0.4096891182512593,0.4538729678716118
energidrikke,LightGBM,LOHILO,,4.434494626622601,0.8745568678852915,0.19721680631539548
energidrikke,LightGBM,LOHILO,,1.6947699861990848,0.5199395218939608,0.3067906123709719
energidrikke,LightGBM,MANA ENERGY,,7.640177503832101,3.118498447429112,0.40817094182235425
energidrikke,LightGBM,MANA ENERGY,,7.536664099463799,1.161366952647622,0.1540956233846548
energidrikke,LightGBM,MANA ENERGY,,12.523428592303143,3.210045466006931,0.25632321391442386
energidrikke,LightGBM,MANA ENERGY,,3.5259128709733885,1.266107726219679,0.359086503992411
energidrikke,LightGBM,MANA ENERGY,,2.7806512270136166,0.9164795807226741,0.32959170564765916
energidrikke,LightGBM,MANA ENERGY,,1.2527755172401691,0.7853115561006098,0.6268573621478731
energidrikke,LightGBM,MANA ENERGY,,7.64577912774025,4.21291355111286,0.551011673333285
energidrikke,LightGBM,MATCHA ENERGY,,6682.604791614448,1575.704598480738,0.23579197747231498
energidrikke,LightGBM,MATCHA ENERGY,,2.9948563520092226,2.229283763161213,0.7443708482597525
energidrikke,LightGBM,MATCHA ENERGY,,0.9990838162470768,0.7804776765442253,0.7811933932390018
energidrikke,LightGBM,MATCHA ENERGY,,0.8435182519584389,0.426788798384285,0.5059627309704182
energidrikke,LightGBM,MATCHA ENERGY,,9.278355699000056,6.693473128539704,0.721407256380683
energidrikke,LightGBM,MATCHA ENERGY,,5.489620117126373,3.748947373800465,0.6829156287344178
energidrikke,LightGBM,MATCHA ENERGY,,7.30877379440698,2.6544105853326423,0.36318138445657233
energidrikke,LightGBM,MONSTER ENERGY,,2268885.1559970034,48729.72794561519,0.021477388494880498
energidrikke,LightGBM,MONSTER ENERGY,,2123118.992560821,161017.1940972898,0.07583992920862023
energidrikke,LightGBM,MONSTER ENERGY,,2492567.259698802,202989.33903835044,0.08143785819560165
energidrikke,LightGBM,MONSTER ENERGY,,2697783.35562489,179260.6818437685,0.06644739707138056
energidrikke,LightGBM,MONSTER ENERGY,,2434115.5555300266,31153.94663931662,0.012798877427383629
energidrikke,LightGBM,MONSTER ENERGY,,2809997.9376201653,107915.54933399006,0.038404138269719
energidrikke,LightGBM,MONSTER ENERGY,,2414073.659829358,59508.54663819603,0.024650675589742554
energidrikke,LightGBM,MORTAL KOMBAT,,0.7195520871300323,0.22032003019997687,0.3061905234390102
energidrikke,LightGBM,MORTAL KOMBAT,,0.0558816660949077,0.0956151038228675,1.7110281511735486
energidrikke,LightGBM,MUST ESSENTIALS,,78.14439001315586,20.850634704870323,0.26682190111612686
energidrikke,LightGBM,MUST ESSENTIALS,,30.031679305404445,8.821564708148333,0.29374197221667925
energidrikke,LightGBM,MUST ESSENTIALS,,1.2429152621443706,0.4718343456451371,0.37961907783728804
energidrikke,LightGBM,MUST ESSENTIALS,,4.954638161118024,1.6602461871925251,0.3350892907218652
energidrikke,LightGBM,MUST ESSENTIALS,,0.06454779994272529,0.0942404631332566,1.4600104607264426
energidrikke,LightGBM,MUST ESSENTIALS,,0.6652587860806094,0.20523883485057062,0.3085097696488023
energidrikke,LightGBM,NAILED,,39671.518353715226,2038.928912080457,0.05139528298113429
energidrikke,LightGBM,NAILED,,46782.297526134374,3039.1414177059078,0.0649634921416189
energidrikke,LightGBM,NAILED,,84388.6812590665,5439.282384041214,0.06445511771114247
energidrikke,LightGBM,NAILED,,62674.358667255576,2030.0422972135918,0.03239031623747901
energidrikke,LightGBM,NAILED,,110402.73758867264,8976.604445718764,0.0813078066882987
energidrikke,LightGBM,NAILED,,130652.7633307563,11952.046731251565,0.09147947909065
energidrikke,LightGBM,NAILED,,104675.05018747438,2909.3774026151104,0.027794373132894398
energidrikke,LightGBM,NOCCO,,46486.97031918199,4153.225795686057,0.08934171805927099
energidrikke,LightGBM,NOCCO,,47004.263975748116,3393.793062288527,0.07220181267043256
energidrikke,LightGBM,NOCCO,,91460.49177629806,8593.40233537082,0.09395753476144982
energidrikke,LightGBM,NOCCO,,90984.22289282175,5814.4947299660535,0.06390662628195938
energidrikke,LightGBM,NOCCO,,69824.37739570043,8194.223838979797,0.11735477127912596
energidrikke,LightGBM,NOCCO,,76962.74100664209,3846.094569298886,0.049973461430732544
energidrikke,LightGBM,NOCCO,,99056.43656554315,7816.521835634882,0.07890978220746803
energidrikke,LightGBM,NUTRAMINO,,2365.1477473462046,446.93408184188803,0.18896666491273828
energidrikke,LightGBM,NUTRAMINO,,639.1555649011307,137.14666805805805,0.21457478521566642
energidrikke,LightGBM,NUTRAMINO,,236.98536368182545,52.19637534361815,0.22025147263396638
energidrikke,LightGBM,NUTRAMINO,,106.56935476314314,17.582658525226773,0.1649879420242836
energidrikke,LightGBM,NUTRAMINO,,110.65727071099973,18.672539247230333,0.1687420910280432
energidrikke,LightGBM,NUTRAMINO,,181.1970021482497,42.56568219487049,0.23491383240460337
energidrikke,LightGBM,NUTRAMINO,,90.20294867306663,10.814707867883229,0.11989306366336507
energidrikke,LightGBM,OTHER BRAND,,4.6390820021504515,0.8557204284485084,0.1844590003047668
energidrikke,LightGBM,OTHER BRAND,,3.2506571777606568,0.7528041605735973,0.23158522089745437
energidrikke,LightGBM,OTHER BRAND,,3.6262833298159713,0.32218131795742777,0.08884615145992412
energidrikke,LightGBM,OTHER BRAND,,0.10439764662484508,0.0642307348206787,0.6152507924962434
energidrikke,LightGBM,POWERADE,,94006.5582214763,1961.132292066366,0.02086165400764917
energidrikke,LightGBM,POWERADE,,116182.53254416946,5505.793565367615,0.04738916810299742
energidrikke,LightGBM,POWERADE,,156412.42990826457,11650.332545989693,0.07448469762168249
energidrikke,LightGBM,POWERADE,,112789.25865926691,5042.8081128502035,0.0447100031757845
energidrikke,LightGBM,POWERADE,,132247.89938643883,8330.427366994918,0.06299099952168427
energidrikke,LightGBM,POWERADE,,144034.09565015865,10002.570168450768,0.06944584977119443
energidrikke,LightGBM,POWERADE,,133549.61080885632,7840.363509373439,0.05870749799933903
energidrikke,LightGBM,POWERKING,,43473.78143939835,4834.861102701722,0.11121326331921297
energidrikke,LightGBM,POWERKING,,63957.103737685655,5448.86436245534,0.08519560836906202
energidrikke,LightGBM,POWERKING,,64602.29750587315,3413.6164406903195,0.052840480485697575
energidrikke,LightGBM,POWERKING,,50480.06242211494,856.729419571258,0.016971639464453816
energidrikke,LightGBM,POWERKING,,48488.64332929922,4810.137364817556,0.0992013187943956
energidrikke,LightGBM,POWERKING,,61070.32448943809,4592.05226755543,0.07519285849462959
energidrikke,LightGBM,POWERKING,,55396.82090676167,3733.86979009653,0.06740223949639641
energidrikke,LightGBM,PRIME,,293.94530991629415,38.56377187162102,0.13119369682272766
energidrikke,LightGBM,PRIME,,12.188750819361179,1.7629080290455643,0.1446340199395396
energidrikke,LightGBM,PRIME,,9.894460200966448,1.3666957004270155,0.13812736346076995
energidrikke,LightGBM,PRIME,,41.20091802971287,6.049238945852061,0.14682291645757822
energidrikke,LightGBM,PRIME,,5.778457052144526,1.1426006130653454,0.1977345514130452
energidrikke,LightGBM,PRIME,,5.280033069255701,1.3253305410219938,0.25100800007088186
energidrikke,LightGBM,PRIME,,1.3431976793731162,0.1827812897219921,0.13607921792069946
energidrikke,LightGBM,PRO:VOLU,,49.34625685541844,13.51508617773595,0.2738827023361537
energidrikke,LightGBM,PRO:VOLU,,46.879004600169765,12.886709542002931,0.2748929857174541
energidrikke,LightGBM,PRO:VOLU,,77.08762009597817,57.13492234163423,0.7411685854421012
energidrikke,LightGBM,PRO:VOLU,,38.20912686339245,10.642886907928133,0.2785430545424191
energidrikke,LightGBM,PRO:VOLU,,104.85001262383255,31.90146727577558,0.30425811573554673
energidrikke,LightGBM,PRO:VOLU,,3.7529780311737246,0.5665498679130568,0.15096008108948916
energidrikke,LightGBM,PRO:VOLU,,1.992465837952047,1.2644544210544204,0.6346178674531695
energidrikke,LightGBM,RED BULL,,2395819.124868651,51831.32574606961,0.021634072959873893
energidrikke,LightGBM,RED BULL,,1820768.5334430044,112493.50286022635,0.061783527556633126
energidrikke,LightGBM,RED BULL,,2695005.769949578,199259.77965406067,0.07393668016443196
energidrikke,LightGBM,RED BULL,,2573729.702628146,148515.39252112326,0.057704347262833314
energidrikke,LightGBM,RED BULL,,2439115.0274308496,158683.14440545268,0.06505767158205557
energidrikke,LightGBM,RED BULL,,3055829.4809331796,206250.70473939244,0.06749417990313002
energidrikke,LightGBM,RED BULL,,2296643.1343816402,128797.21334269078,0.05608063848255153
energidrikke,LightGBM,ROCKSTAR,,24.684608199588602,8.03448566113684,0.3254856466091588
energidrikke,LightGBM,ROCKSTAR,,17.27868229369887,3.96045945189671,0.22921073404660008
energidrikke,LightGBM,ROCKSTAR,,18.586493425823875,5.143929067949753,0.2767562955583022
energidrikke,LightGBM,ROCKSTAR,,2.9047610178495282,0.37655449293395926,0.1296335535419477
energidrikke,LightGBM,ROCKSTAR,,1.1682230333212622,0.4526550173258669,0.38747311464914974
energidrikke,LightGBM,RUBICON,,0.4547675431269488,0.30291131821654904,0.6660794570644877
energidrikke,LightGBM,RUBICON,,0.22905411110302704,0.013992104196699827,0.06108645738476298
energidrikke,LightGBM,RUBICON,,2.4905405631840987,0.5519979250576839,0.22163779751973492
energidrikke,LightGBM,RUBICON,,0.2146000608860839,0.22352099837805695,1.0415700603957823
energidrikke,LightGBM,RUBICON,,2.1775213913536033,0.6803585075145637,0.3124463025787477
energidrikke,LightGBM,RUBICON,,2.7928477491377306,0.7301453175604444,0.261433985359879
energidrikke,LightGBM,SMAG,,13944.706660914864,1208.801324100462,0.08668531748240853
energidrikke,LightGBM,SMAG,,13111.779720695573,553.5322824100532,0.04221641105946589
energidrikke,LightGBM,SMAG,,11254.777084695375,866.2436931313039,0.07696675701460592
energidrikke,LightGBM,SMAG,,12680.542852846494,700.267506575323,0.055223779825650667
energidrikke,LightGBM,SMAG,,10551.650199768026,1238.3801770091918,0.11736364962481576
energidrikke,LightGBM,SMAG,,10599.585744131555,907.1897031231019,0.08558727907129447
energidrikke,LightGBM,SMAG,,7900.6573868198375,694.194073356687,0.08786535592782022
energidrikke,LightGBM,STATE,,290938.4091684604,33258.25941759614,0.11431374603529505
energidrikke,LightGBM,STATE,,364846.3762160903,47982.58757260547,0.13151449678696128
energidrikke,LightGBM,STATE,,236111.00853596922,18294.19396958395,0.07748132576714231
energidrikke,LightGBM,STATE,,245765.77609090885,21010.086284909412,0.08548825072022141
energidrikke,LightGBM,STATE,,349728.14315235,49428.202144435236,0.14133321298910487
energidrikke,LightGBM,STATE,,511365.7517790071,82448.24464419481,0.16123145587549206
energidrikke,LightGBM,STATE,,269718.52046613203,37098.61663543875,0.13754567751344737
energidrikke,LightGBM,STATE VITAMIN,,20466.21718028838,838.1261404201483,0.040951687995736334
energidrikke,LightGBM,STATE VITAMIN,,16252.742638280997,1611.7193404264478,0.09916599162963885
energidrikke,LightGBM,STATE VITAMIN,,34733.48942673612,4406.4026051431965,0.12686322848263457
energidrikke,LightGBM,STATE VITAMIN,,30866.07920172459,2107.016806849204,0.06826318279943627
energidrikke,LightGBM,STATE VITAMIN,,18653.225025880332,3063.855932492105,0.16425341613802288
energidrikke,LightGBM,STATE VITAMIN,,28977.818848428455,1786.9092590765706,0.06166472599001286
energidrikke,LightGBM,STATE VITAMIN,,27033.790500762552,3367.7453320848376,0.12457540247601764
energidrikke,LightGBM,VITAMIN WELL,,122436.81390454774,17204.698068899354,0.14051899522893668
energidrikke,LightGBM,VITAMIN WELL,,87667.32720213427,17014.2946981532,0.19407794489871233
energidrikke,LightGBM,VITAMIN WELL,,235827.74276423175,15978.655899283416,0.06775562413476535
energidrikke,LightGBM,VITAMIN WELL,,285696.2407102428,79544.57859836302,0.278423609637336
energidrikke,LightGBM,VITAMIN WELL,,125967.21262296573,13369.00259062174,0.10613081223474154
energidrikke,LightGBM,VITAMIN WELL,,63997.90321842581,12071.359463251818,0.18862117126012842
energidrikke,LightGBM,VITAMIN WELL,,126291.5753006381,27398.931332907727,0.21694979469283168
energidrikke,LightGBM,X-RAY,,0.2748882413514958,0.12693717639334126,0.46177739640390236
energidrikke,XGBoost,4MOVE,,4297.60205078125,433.3778076171875,0.10084177553653717
energidrikke,XGBoost,4MOVE,,5163.54931640625,300.857666015625,0.058265671133995056
energidrikke,XGBoost,4MOVE,,5237.78759765625,474.9051818847656,0.09066904336214066
energidrikke,XGBoost,4MOVE,,3032.288330078125,473.6073913574219,0.15618811547756195
energidrikke,XGBoost,4MOVE,,7288.2470703125,677.2175903320312,0.09291913360357285
energidrikke,XGBoost,4MOVE,,5001.76416015625,541.6354370117188,0.10828887671232224
energidrikke,XGBoost,4MOVE,,8348.466796875,766.9240112304688,0.09186405688524246
energidrikke,XGBoost,AQUA D'OR,,1574.5015869140625,343.9559020996094,0.21845382452011108
energidrikke,XGBoost,AQUA D'OR,,569.9144897460938,69.26144409179688,0.12152953445911407
energidrikke,XGBoost,AQUA D'OR,,916.2713012695312,72.73381042480469,0.07938021421432495
energidrikke,XGBoost,AQUA D'OR,,982.4641723632812,201.5875701904297,0.205185666680336
energidrikke,XGBoost,AQUA D'OR,,1106.1102294921875,146.95042419433594,0.13285332918167114
energidrikke,XGBoost,AQUA D'OR,,1407.411376953125,114.75439453125,0.08153578639030457
energidrikke,XGBoost,AQUA D'OR,,1302.4517822265625,155.7939453125,0.11961590498685837
energidrikke,XGBoost,BANG,,12.345791816711426,9.577691078186035,0.7757858633995056
energidrikke,XGBoost,BANG,,16.99319839477539,3.2998549938201904,0.19418680667877197
energidrikke,XGBoost,BANG,,0.0008729680557735264,0.0456041619181633,52.2403564453125
energidrikke,XGBoost,BANG,,0.0065834177657961845,0.012979308143258095,1.97151517868042
energidrikke,XGBoost,BOBLI VITAMINS,,12.345791816711426,9.577691078186035,0.7757858633995056
energidrikke,XGBoost,BOBLI VITAMINS,,16.99319839477539,3.2998549938201904,0.19418680667877197
energidrikke,XGBoost,BOBLI VITAMINS,,0.0008729680557735264,0.0456041619181633,52.2403564453125
energidrikke,XGBoost,BOBLI VITAMINS,,0.0065834177657961845,0.012979308143258095,1.97151517868042
energidrikke,XGBoost,BODYLAB,,0.6466854810714722,0.6289315223693848,0.9725462198257446
energidrikke,XGBoost,BODYLAB,,0.03144467994570732,0.1190255731344223,3.7852373123168945
energidrikke,XGBoost,BODYLAB,,0.15261884033679962,0.08942824602127075,0.5859581232070923
energidrikke,XGBoost,BUTTERFLY,,27501.671875,5357.77392578125,0.19481630623340607
energidrikke,XGBoost,BUTTERFLY,,55538.7890625,9044.02734375,0.16284163296222687
energidrikke,XGBoost,BUTTERFLY,,2729.468994140625,574.9937744140625,0.2106614112854004
energidrikke,XGBoost,BUTTERFLY,,149.57083129882812,21.502817153930664,0.1437634378671646
energidrikke,XGBoost,BUTTERFLY,,5.56565523147583,2.6306283473968506,0.4726538360118866
energidrikke,XGBoost,BUTTERFLY,,0.842363178730011,0.5542994737625122,0.6580290794372559
energidrikke,XGBoost,BUTTERFLY,,1.5059982538223267,0.5678201913833618,0.3770390748977661
energidrikke,XGBoost,CLUTCH COGNITION,,1967.2142333984375,384.35406494140625,0.19537986814975739
energidrikke,XGBoost,CLUTCH COGNITION,,726.4561767578125,104.7048568725586,0.14413100481033325
energidrikke,XGBoost,CLUTCH COGNITION,,369.1397399902344,50.67561721801758,0.13728031516075134
energidrikke,XGBoost,CLUTCH COGNITION,,115.75428771972656,24.154037475585938,0.20866645872592926
energidrikke,XGBoost,CLUTCH COGNITION,,40.59062576293945,5.799813747406006,0.14288555085659027
energidrikke,XGBoost,CLUTCH COGNITION,,27.97878074645996,4.263540744781494,0.15238478779792786
energidrikke,XGBoost,CLUTCH COGNITION,,32.2092170715332,14.820722579956055,0.4601391851902008
energidrikke,XGBoost,CLUTCH INNOSODA,,471.2744140625,245.447998046875,0.5208175778388977
energidrikke,XGBoost,CLUTCH INNOSODA,,135.23031616210938,21.089632034301758,0.15595343708992004
energidrikke,XGBoost,CLUTCH INNOSODA,,120.72212982177734,29.462156295776367,0.2440493404865265
energidrikke,XGBoost,CLUTCH INNOSODA,,57.115203857421875,4.478390693664551,0.07840978354215622
energidrikke,XGBoost,CLUTCH INNOSODA,,35.02173614501953,4.389904975891113,0.1253480166196823
energidrikke,XGBoost,CLUTCH INNOSODA,,11.571372985839844,3.8373043537139893,0.3316204845905304
energidrikke,XGBoost,CLUTCH INNOSODA,,7.888546943664551,2.7339367866516113,0.3465704023838043
energidrikke,XGBoost,COLLAB,,16040.8466796875,807.1395263671875,0.05031776428222656
energidrikke,XGBoost,COLLAB,,15521.7265625,1120.42578125,0.07218435406684875
energidrikke,XGBoost,COLLAB,,15217.9404296875,841.4813842773438,0.05529535189270973
energidrikke,XGBoost,COLLAB,,17477.19140625,986.0670166015625,0.0564202219247818
energidrikke,XGBoost,COLLAB,,17168.18359375,611.8618774414062,0.035639289766550064
energidrikke,XGBoost,COLLAB,,19429.91015625,810.4637451171875,0.04171217232942581
energidrikke,XGBoost,COLLAB,,10793.533203125,449.46923828125,0.041642457246780396
energidrikke,XGBoost,CULT,,167272.234375,44061.9296875,0.2634144723415375
energidrikke,XGBoost,CULT,,80000.265625,6224.09619140625,0.0778009444475174
energidrikke,XGBoost,CULT,,106169.9609375,6933.28076171875,0.06530360132455826
energidrikke,XGBoost,CULT,,81478.7578125,17771.798828125,0.21811573207378387
energidrikke,XGBoost,CULT,,76855.796875,4469.61474609375,0.058155857026576996
energidrikke,XGBoost,CULT,,103946.6171875,5474.23291015625,0.0526638887822628
energidrikke,XGBoost,CULT,,76997.1328125,3215.6640625,0.04176342487335205
energidrikke,XGBoost,EASIS,,1.5234111547470093,0.5116826295852661,0.33587953448295593
energidrikke,XGBoost,EASIS,,1.9818532466888428,0.6492491960525513,0.3275970220565796
energidrikke,XGBoost,EASIS,,0.7257760763168335,0.16182656586170197,0.2229703813791275
energidrikke,XGBoost,EASIS,,0.07069239765405655,0.12033012509346008,1.7021650075912476
energidrikke,XGBoost,EASIS,,0.5328323841094971,0.2041129320859909,0.38307157158851624
energidrikke,XGBoost,EASIS,,6.269701957702637,1.3236500024795532,0.21111848950386047
energidrikke,XGBoost,ENERVIT,,25.22283363342285,11.771770477294922,0.4667108654975891
energidrikke,XGBoost,ENERVIT,,3.6106739044189453,1.0282678604125977,0.28478556871414185
energidrikke,XGBoost,ENERVIT,,3.646888017654419,0.8390244245529175,0.23006585240364075
energidrikke,XGBoost,ENERVIT,,27.805049896240234,13.41515064239502,0.4824717342853546
energidrikke,XGBoost,ENERVIT,,139.69021606445312,18.86279296875,0.1350330263376236
energidrikke,XGBoost,ENERVIT,,118.35597229003906,33.354248046875,0.28181296586990356
energidrikke,XGBoost,ENERVIT,,31.240711212158203,5.661082744598389,0.1812085062265396
energidrikke,XGBoost,FAXE KONDI BOOSTER,,2277340.5,43320.6640625,0.01902247965335846
energidrikke,XGBoost,FAXE KONDI BOOSTER,,2146995.0,25067.6875,0.011675707995891571
energidrikke,XGBoost,FAXE KONDI BOOSTER,,2641836.75,25088.0,0.009496423415839672
energidrikke,XGBoost,FAXE KONDI BOOSTER,,2104034.0,62875.37890625,0.02988325245678425
energidrikke,XGBoost,FAXE KONDI BOOSTER,,2247327.25,25739.720703125,0.011453481391072273
energidrikke,XGBoost,FAXE KONDI BOOSTER,,2834520.5,44894.67578125,0.015838542953133583
energidrikke,XGBoost,FAXE KONDI BOOSTER,,2238315.25,55935.90625,0.024990182369947433
energidrikke,XGBoost,FAXE KONDI PRO,,28950.296875,2956.009521484375,0.10210636258125305
energidrikke,XGBoost,FAXE KONDI PRO,,48977.3828125,3519.061279296875,0.0718507394194603
energidrikke,XGBoost,FAXE KONDI PRO,,59485.78125,2708.861083984375,0.04553795978426933
energidrikke,XGBoost,FAXE KONDI PRO,,50532.7265625,2831.384521484375,0.05603070929646492
energidrikke,XGBoost,FAXE KONDI PRO,,49352.0546875,1679.5697021484375,0.034032415598630905
energidrikke,XGBoost,FAXE KONDI PRO,,64031.0234375,3374.317626953125,0.05269816890358925
energidrikke,XGBoost,FAXE KONDI PRO,,69418.0390625,2853.11083984375,0.04110042378306389
energidrikke,XGBoost,FIRE ENERGY,,452.06878662109375,60.67559814453125,0.13421761989593506
energidrikke,XGBoost,FIRE ENERGY,,9006.947265625,1513.09130859375,0.16799157857894897
energidrikke,XGBoost,FIRE ENERGY,,5939.9716796875,1053.18359375,0.1773044764995575
energidrikke,XGBoost,FIRE ENERGY,,5868.0166015625,995.9636840820312,0.16972748935222626
energidrikke,XGBoost,FIRE ENERGY,,4478.1142578125,708.3839111328125,0.15818800032138824
energidrikke,XGBoost,FIRE ENERGY,,4652.5009765625,364.37957763671875,0.07831907272338867
energidrikke,XGBoost,FIRE ENERGY,,5637.44287109375,332.205810546875,0.05892845615744591
energidrikke,XGBoost,GATORADE,,12477.09375,1308.683837890625,0.10488691180944443
energidrikke,XGBoost,GATORADE,,5395.7421875,770.5748901367188,0.14281165599822998
energidrikke,XGBoost,GATORADE,,5275.8662109375,1028.3153076171875,0.19490928947925568
energidrikke,XGBoost,GATORADE,,5083.50048828125,685.8020629882812,0.13490743935108185
energidrikke,XGBoost,GATORADE,,5550.34375,733.7691650390625,0.13220247626304626
energidrikke,XGBoost,GATORADE,,9242.470703125,1630.9100341796875,0.1764582246541977
energidrikke,XGBoost,GATORADE,,4986.41015625,233.14878845214844,0.046756841242313385
energidrikke,XGBoost,GLACEAU,,12.345791816711426,9.577691078186035,0.7757858633995056
energidrikke,XGBoost,GLACEAU,,16.99319839477539,3.2998549938201904,0.19418680667877197
energidrikke,XGBoost,GLACEAU,,0.0008729680557735264,0.0456041619181633,52.2403564453125
energidrikke,XGBoost,GLACEAU,,0.0065834177657961845,0.012979308143258095,1.97151517868042
energidrikke,XGBoost,HEAVE,,2658.49853515625,608.2720947265625,0.2288028746843338
energidrikke,XGBoost,HEAVE,,368.39251708984375,23.656124114990234,0.06421445310115814
energidrikke,XGBoost,HEAVE,,343.6998596191406,48.75717544555664,0.1418597549200058
energidrikke,XGBoost,HEAVE,,651.1043701171875,62.67750549316406,0.09626337885856628
energidrikke,XGBoost,HEAVE,,460.21533203125,32.54539489746094,0.07071775197982788
energidrikke,XGBoost,HEAVE,,967.638671875,105.29190826416016,0.10881324857473373
energidrikke,XGBoost,HEAVE,,346.0263977050781,49.51405334472656,0.1430932879447937
energidrikke,XGBoost,HERO,,0.6874029040336609,0.3532361388206482,0.5138705968856812
energidrikke,XGBoost,HERO,,0.35419148206710815,0.10632754862308502,0.30019792914390564
energidrikke,XGBoost,HERO,,1.5930423736572266,0.4841296076774597,0.3039025366306305
energidrikke,XGBoost,HERO,,0.18306609988212585,0.04783550649881363,0.26130181550979614
energidrikke,XGBoost,HERO,,0.4919089376926422,0.4634515047073364,0.9421489834785461
energidrikke,XGBoost,HERO,,0.5750974416732788,0.46115773916244507,0.8018775582313538
energidrikke,XGBoost,HERO,,0.7217109799385071,0.3647312521934509,0.5053702592849731
energidrikke,XGBoost,INZYM,,10.265629768371582,5.261654376983643,0.5125505924224854
energidrikke,XGBoost,INZYM,,0.1692417562007904,0.5349965691566467,3.1611380577087402
energidrikke,XGBoost,INZYM,,0.48112279176712036,0.8968158960342407,1.8640062808990479
energidrikke,XGBoost,INZYM,,10.547384262084961,5.339568138122559,0.5062457323074341
energidrikke,XGBoost,INZYM,,2.782104969024658,1.098951816558838,0.39500731229782104
energidrikke,XGBoost,INZYM,,2.395394802093506,0.7706158757209778,0.32170724868774414
energidrikke,XGBoost,KICK IN,,2580.9072265625,338.8529968261719,0.1312922090291977
energidrikke,XGBoost,KICK IN,,2049.97607421875,347.0660705566406,0.16930249333381653
energidrikke,XGBoost,KICK IN,,1847.263671875,271.0443420410156,0.14672747254371643
energidrikke,XGBoost,KICK IN,,2353.092041015625,306.72564697265625,0.1303500384092331
energidrikke,XGBoost,KICK IN,,1777.4788818359375,173.29612731933594,0.09749546647071838
energidrikke,XGBoost,KICK IN,,2631.53662109375,177.15487670898438,0.06731993705034256
energidrikke,XGBoost,KICK IN,,2774.629638671875,409.6433410644531,0.1476389318704605
energidrikke,XGBoost,LINUSPRO,,619.4323120117188,135.3980712890625,0.2185841202735901
energidrikke,XGBoost,LINUSPRO,,125.75492858886719,22.9075984954834,0.1821606457233429
energidrikke,XGBoost,LINUSPRO,,39.23145294189453,13.611204147338867,0.34694620966911316
energidrikke,XGBoost,LINUSPRO,,0.30992287397384644,0.2362944334745407,0.7624297738075256
energidrikke,XGBoost,LINUSPRO,,0.5051106214523315,0.16325542330741882,0.3232072591781616
energidrikke,XGBoost,LINUSPRO,,0.07916705310344696,0.1199612021446228,1.5152920484542847
energidrikke,XGBoost,LINUSPRO,,0.3506077229976654,0.0755411833524704,0.21545784175395966
energidrikke,XGBoost,LOHILO,,2212.7802734375,754.4549560546875,0.34095340967178345
energidrikke,XGBoost,LOHILO,,508.9295349121094,85.23418426513672,0.16747738420963287
energidrikke,XGBoost,LOHILO,,105.92121887207031,20.108619689941406,0.18984505534172058
energidrikke,XGBoost,LOHILO,,18.137582778930664,7.9028801918029785,0.43571847677230835
energidrikke,XGBoost,LOHILO,,3.7841644287109375,1.2633334398269653,0.33384740352630615
energidrikke,XGBoost,LOHILO,,3.7626304626464844,0.9436835646629333,0.25080421566963196
energidrikke,XGBoost,LOHILO,,1.2951514720916748,0.18943427503108978,0.1462641805410385
energidrikke,XGBoost,MANA ENERGY,,10.781413078308105,3.4454426765441895,0.31957244873046875
energidrikke,XGBoost,MANA ENERGY,,19.619884490966797,4.424661636352539,0.22551925480365753
energidrikke,XGBoost,MANA ENERGY,,6.759448051452637,1.2405493259429932,0.18352819979190826
energidrikke,XGBoost,MANA ENERGY,,1.2896316051483154,0.5804364085197449,0.4500792324542999
energidrikke,XGBoost,MANA ENERGY,,3.314135789871216,0.5978723168373108,0.18040066957473755
energidrikke,XGBoost,MANA ENERGY,,2.0181002616882324,0.388572633266449,0.19254377484321594
energidrikke,XGBoost,MANA ENERGY,,5.404821395874023,0.9019945859909058,0.16688703000545502
energidrikke,XGBoost,MATCHA ENERGY,,4311.61669921875,601.7103271484375,0.13955561816692352
energidrikke,XGBoost,MATCHA ENERGY,,7.788139343261719,4.483652591705322,0.5757026672363281
energidrikke,XGBoost,MATCHA ENERGY,,1.531241774559021,0.8488449454307556,0.5543506741523743
energidrikke,XGBoost,MATCHA ENERGY,,1.123121976852417,0.7710610032081604,0.6865336298942566
energidrikke,XGBoost,MATCHA ENERGY,,5.876683235168457,3.386474609375,0.5762560963630676
energidrikke,XGBoost,MATCHA ENERGY,,2.817159652709961,1.2832189798355103,0.455500990152359
energidrikke,XGBoost,MATCHA ENERGY,,4.8252973556518555,0.7519558072090149,0.15583616495132446
energidrikke,XGBoost,MONSTER ENERGY,,2215306.5,35719.3828125,0.016123900189995766
energidrikke,XGBoost,MONSTER ENERGY,,2398194.75,49355.703125,0.020580356940627098
energidrikke,XGBoost,MONSTER ENERGY,,2874999.25,72255.4609375,0.02513234131038189
energidrikke,XGBoost,MONSTER ENERGY,,2384251.25,32449.888671875,0.013610095717012882
energidrikke,XGBoost,MONSTER ENERGY,,2314923.5,22314.197265625,0.00963928084820509
energidrikke,XGBoost,MONSTER ENERGY,,2704978.5,29105.216796875,0.01075986959040165
energidrikke,XGBoost,MONSTER ENERGY,,2334909.25,67067.359375,0.02872375398874283
energidrikke,XGBoost,MORTAL KOMBAT,,0.8324861526489258,0.3850497007369995,0.46252986788749695
energidrikke,XGBoost,MORTAL KOMBAT,,0.2700546681880951,0.10008877515792847,0.3706241250038147
energidrikke,XGBoost,MORTAL KOMBAT,,0.6653233766555786,0.08404387533664703,0.12632034718990326
energidrikke,XGBoost,MORTAL KOMBAT,,0.24129287898540497,0.2148226946592331,0.8902985453605652
energidrikke,XGBoost,MORTAL KOMBAT,,0.11059422791004181,0.08009569346904755,0.7242303490638733
energidrikke,XGBoost,MORTAL KOMBAT,,0.08405537903308868,0.10460849106311798,1.244518756866455
energidrikke,XGBoost,MUST ESSENTIALS,,149.3643035888672,62.18768310546875,0.41634902358055115
energidrikke,XGBoost,MUST ESSENTIALS,,40.37592697143555,13.330469131469727,0.3301588296890259
energidrikke,XGBoost,MUST ESSENTIALS,,1.0791714191436768,0.34802064299583435,0.3224887549877167
energidrikke,XGBoost,MUST ESSENTIALS,,1.224834680557251,0.21965861320495605,0.17933735251426697
energidrikke,XGBoost,MUST ESSENTIALS,,0.1550123393535614,0.09311904013156891,0.6007201671600342
energidrikke,XGBoost,MUST ESSENTIALS,,0.2572224736213684,0.12451733648777008,0.48408421874046326
energidrikke,XGBoost,MUST ESSENTIALS,,0.8544842600822449,0.23117662966251373,0.27054521441459656
energidrikke,XGBoost,NAILED,,29207.150390625,1632.0174560546875,0.05587732419371605
energidrikke,XGBoost,NAILED,,51555.73828125,4247.0234375,0.08237731456756592
energidrikke,XGBoost,NAILED,,83436.109375,2229.31396484375,0.02671881578862667
energidrikke,XGBoost,NAILED,,62489.6484375,3439.135986328125,0.055035289376974106
energidrikke,XGBoost,NAILED,,77626.546875,4111.61181640625,0.05296656861901283
energidrikke,XGBoost,NAILED,,124095.078125,7451.01611328125,0.06004280224442482
energidrikke,XGBoost,NAILED,,96567.3359375,3551.3740234375,0.036776140332221985
energidrikke,XGBoost,NOCCO,,43057.39453125,1167.048095703125,0.02710447460412979
energidrikke,XGBoost,NOCCO,,48885.2265625,2669.156982421875,0.05460048466920853
energidrikke,XGBoost,NOCCO,,87237.875,2181.884765625,0.02501075156033039
energidrikke,XGBoost,NOCCO,,86690.7890625,5431.0390625,0.06264840066432953
energidrikke,XGBoost,NOCCO,,61048.40625,2431.192138671875,0.03982400521636009
energidrikke,XGBoost,NOCCO,,72901.625,908.3290405273438,0.012459654361009598
energidrikke,XGBoost,NOCCO,,79574.953125,2822.977294921875,0.035475701093673706
energidrikke,XGBoost,NUTRAMINO,,2816.87646484375,549.2254028320312,0.19497674703598022
energidrikke,XGBoost,NUTRAMINO,,763.7073364257812,126.94493103027344,0.1662219613790512
energidrikke,XGBoost,NUTRAMINO,,190.89462280273438,39.19934844970703,0.20534548163414001
energidrikke,XGBoost,NUTRAMINO,,138.00308227539062,18.037796020507812,0.13070574402809143
energidrikke,XGBoost,NUTRAMINO,,86.5446548461914,10.544013023376465,0.12183321267366409
energidrikke,XGBoost,NUTRAMINO,,97.84049987792969,26.05649757385254,0.26631608605384827
energidrikke,XGBoost,NUTRAMINO,,62.3260612487793,9.989171028137207,0.1602727770805359
energidrikke,XGBoost,OTHER BRAND,,1.2384029626846313,0.9496999979019165,0.7668747901916504
energidrikke,XGBoost,OTHER BRAND,,0.999273419380188,0.9360880255699158,0.936768651008606
energidrikke,XGBoost,OTHER BRAND,,0.3572419285774231,0.37457478046417236,1.0485185384750366
energidrikke,XGBoost,OTHER BRAND,,0.0065834177657961845,0.012979308143258095,1.97151517868042
energidrikke,XGBoost,POWERADE,,93195.328125,5447.67041015625,0.05845433101058006
energidrikke,XGBoost,POWERADE,,89432.609375,6892.7783203125,0.07707231491804123
energidrikke,XGBoost,POWERADE,,151284.171875,8602.9443359375,0.0568661242723465
energidrikke,XGBoost,POWERADE,,104184.46875,3720.057861328125,0.035706453025341034
energidrikke,XGBoost,POWERADE,,122447.0,4691.1337890625,0.03831154480576515
energidrikke,XGBoost,POWERADE,,150937.890625,5711.76318359375,0.037841811776161194
energidrikke,XGBoost,POWERADE,,104239.3203125,35918.76171875,0.3445797860622406
energidrikke,XGBoost,POWERKING,,28864.880859375,3805.723388671875,0.13184614479541779
energidrikke,XGBoost,POWERKING,,55044.75,3281.400390625,0.05961332097649574
energidrikke,XGBoost,POWERKING,,68390.0234375,4420.4140625,0.06463536620140076
energidrikke,XGBoost,POWERKING,,49896.1171875,2802.750244140625,0.056171711534261703
energidrikke,XGBoost,POWERKING,,57560.5859375,2510.7880859375,0.04361991956830025
energidrikke,XGBoost,POWERKING,,68255.609375,3951.52490234375,0.057893041521310806
energidrikke,XGBoost,POWERKING,,63068.0078125,3128.412353515625,0.049603793770074844
energidrikke,XGBoost,PRIME,,502.4456481933594,119.55928039550781,0.23795466125011444
energidrikke,XGBoost,PRIME,,26.713531494140625,7.413162708282471,0.27750590443611145
energidrikke,XGBoost,PRIME,,15.7384033203125,2.5250630378723145,0.160439595580101
energidrikke,XGBoost,PRIME,,12.209013938903809,2.446648597717285,0.20039691030979156
energidrikke,XGBoost,PRIME,,6.732754707336426,1.493743896484375,0.22186221182346344
energidrikke,XGBoost,PRIME,,4.58675479888916,0.5060404539108276,0.11032646894454956
energidrikke,XGBoost,PRIME,,1.206810712814331,0.3419627845287323,0.2833607494831085
energidrikke,XGBoost,PRO:VOLU,,111.93119049072266,75.82003784179688,0.6773808002471924
energidrikke,XGBoost,PRO:VOLU,,33.05770492553711,6.460222244262695,0.19542258977890015
energidrikke,XGBoost,PRO:VOLU,,22.369718551635742,5.648627281188965,0.25251221656799316
energidrikke,XGBoost,PRO:VOLU,,27.85693359375,9.06567096710205,0.3254368007183075
energidrikke,XGBoost,PRO:VOLU,,66.624267578125,14.790610313415527,0.2220003455877304
energidrikke,XGBoost,PRO:VOLU,,4.478434085845947,1.3603646755218506,0.30375900864601135
energidrikke,XGBoost,PRO:VOLU,,1.3505394458770752,0.33315545320510864,0.2466832399368286
energidrikke,XGBoost,RED BULL,,2289051.5,41850.9375,0.018283091485500336
energidrikke,XGBoost,RED BULL,,1880251.25,132434.09375,0.07043425738811493
energidrikke,XGBoost,RED BULL,,2767779.25,24203.498046875,0.008744735270738602
energidrikke,XGBoost,RED BULL,,2335531.0,64496.859375,0.02761550061404705
energidrikke,XGBoost,RED BULL,,2225370.25,50032.9453125,0.0224829763174057
energidrikke,XGBoost,RED BULL,,2838408.5,73784.2734375,0.02599494531750679
energidrikke,XGBoost,RED BULL,,2335357.5,75960.5390625,0.032526299357414246
energidrikke,XGBoost,ROCKSTAR,,224.59500122070312,154.48590087890625,0.6878421306610107
energidrikke,XGBoost,ROCKSTAR,,28.83746337890625,7.160447120666504,0.2483036369085312
energidrikke,XGBoost,ROCKSTAR,,8.789941787719727,1.9705826044082642,0.22418607771396637
energidrikke,XGBoost,ROCKSTAR,,2.1851346492767334,0.4506014585494995,0.20621222257614136
energidrikke,XGBoost,ROCKSTAR,,1.4720531702041626,0.5493766665458679,0.3732043504714966
energidrikke,XGBoost,ROCKSTAR,,0.32719019055366516,0.27299636602401733,0.834365963935852
energidrikke,XGBoost,ROCKSTAR,,0.21338920295238495,0.15559238195419312,0.7291483283042908
energidrikke,XGBoost,RUBICON,,0.19740529358386993,0.13675370812416077,0.6927560567855835
energidrikke,XGBoost,RUBICON,,0.5534044504165649,0.09938830137252808,0.17959432303905487
energidrikke,XGBoost,RUBICON,,1.204185128211975,0.15556184947490692,0.12918433547019958
energidrikke,XGBoost,RUBICON,,0.20684194564819336,0.13837289810180664,0.6689789295196533
energidrikke,XGBoost,RUBICON,,1.151850938796997,0.25918498635292053,0.22501608729362488
energidrikke,XGBoost,RUBICON,,2.1974050998687744,1.297093152999878,0.5902840495109558
energidrikke,XGBoost,SMAG,,11771.482421875,1006.7896728515625,0.08552785962820053
energidrikke,XGBoost,SMAG,,12728.5341796875,1374.1700439453125,0.1079597994685173
energidrikke,XGBoost,SMAG,,12843.4248046875,1249.9859619140625,0.09732497483491898
energidrikke,XGBoost,SMAG,,12171.267578125,1403.184814453125,0.11528666317462921
energidrikke,XGBoost,SMAG,,10298.3544921875,1082.7479248046875,0.10513795167207718
energidrikke,XGBoost,SMAG,,10859.1904296875,1623.443359375,0.14949947595596313
energidrikke,XGBoost,SMAG,,7314.1064453125,722.7018432617188,0.09880931675434113
energidrikke,XGBoost,STATE,,288570.09375,18907.60546875,0.0655217096209526
energidrikke,XGBoost,STATE,,267985.25,24413.005859375,0.09109831601381302
energidrikke,XGBoost,STATE,,320712.6875,29554.9375,0.09215393662452698
energidrikke,XGBoost,STATE,,242824.96875,11742.7353515625,0.048358846455812454
energidrikke,XGBoost,STATE,,240023.796875,8030.5810546875,0.0334574356675148
energidrikke,XGBoost,STATE,,362060.65625,23208.59765625,0.06410140544176102
energidrikke,XGBoost,STATE,,296109.75,23890.578125,0.08068149536848068
energidrikke,XGBoost,STATE VITAMIN,,18496.525390625,2061.4296875,0.11144956201314926
energidrikke,XGBoost,STATE VITAMIN,,21269.474609375,1394.7994384765625,0.06557752192020416
energidrikke,XGBoost,STATE VITAMIN,,33822.69921875,2882.132568359375,0.08521296828985214
energidrikke,XGBoost,STATE VITAMIN,,30821.833984375,1151.6005859375,0.037363141775131226
energidrikke,XGBoost,STATE VITAMIN,,21848.005859375,1271.0504150390625,0.058176953345537186
energidrikke,XGBoost,STATE VITAMIN,,34166.04296875,3127.68310546875,0.09154361486434937
energidrikke,XGBoost,STATE VITAMIN,,32718.61328125,1515.594970703125,0.04632210358977318
energidrikke,XGBoost,VITAMIN WELL,,151199.296875,67743.0703125,0.448038250207901
energidrikke,XGBoost,VITAMIN WELL,,127411.7734375,24608.734375,0.1931433379650116
energidrikke,XGBoost,VITAMIN WELL,,221659.875,34839.9375,0.15717746317386627
energidrikke,XGBoost,VITAMIN WELL,,229349.953125,19324.05078125,0.08425574004650116
energidrikke,XGBoost,VITAMIN WELL,,250660.15625,15154.0322265625,0.06045648455619812
energidrikke,XGBoost,VITAMIN WELL,,114111.5859375,6110.7978515625,0.053551074117422104
energidrikke,XGBoost,VITAMIN WELL,,52842.0703125,23340.71484375,0.441707044839859
energidrikke,XGBoost,X-RAY,,1.1192642450332642,0.6588301658630371,0.5886278748512268
energidrikke,XGBoost,X-RAY,,0.4629804491996765,0.13554222881793976,0.2927601635456085
energidrikke,XGBoost,X-RAY,,0.7158172726631165,0.12934941053390503,0.18070171773433685
energidrikke,XGBoost,X-RAY,,0.3837221562862396,0.14591731131076813,0.3802681565284729
energidrikke,XGBoost,X-RAY,,0.4239726960659027,0.07116376608610153,0.16784988343715668
energidrikke,XGBoost,X-RAY,,0.08949548006057739,0.18219734728336334,2.035827398300171
energidrikke,XGBoost,X-RAY,,0.19485068321228027,0.11595591902732849,0.5951014161109924
RTD,LightGBM,AERIS,,13.878988061657433,1.3058806513764063,0.09409048019747757
RTD,LightGBM,AERIS,,29.690268568978393,8.180775715498019,0.2755372756730678
RTD,LightGBM,AERIS,,19.465633366409985,3.215010856894725,0.16516343426269228
RTD,LightGBM,AERIS,,9.990561639870249,0.9747528161181095,0.09756736920856122
RTD,LightGBM,AERIS,,14.52016818370458,1.9724606028223568,0.13584282067999548
RTD,LightGBM,AERIS,,11.628313918572697,2.0336135752463247,0.17488464703367226
RTD,LightGBM,ANDERSEN WINERY,,8.01240253704916,2.163528102999827,0.27002239253404003
RTD,LightGBM,ANDERSEN WINERY,,6.407068474628529,0.6730750288090095,0.10505194871481895
RTD,LightGBM,ANDERSEN WINERY,,4.327998191481556,0.34613122949741487,0.07997490160201004
RTD,LightGBM,ANDERSEN WINERY,,7.502133844420955,1.5022580569367574,0.2002441022901675
RTD,LightGBM,ANDERSEN WINERY,,8.390435145081302,1.8440024310434184,0.21977435009725593
RTD,LightGBM,ANDERSEN WINERY,,8.918333076056381,2.36007102666612,0.2646314066248942
RTD,LightGBM,ANGIOLETTI,,4.722739660429405,0.5104377985060589,0.10808086729465168
RTD,LightGBM,ANGIOLETTI,,5.0695405310383705,0.7970610341150762,0.15722549789967216
RTD,LightGBM,ANGIOLETTI,,1.2894516662998405,0.42794582748802396,0.33188202293463265
RTD,LightGBM,ANGIOLETTI,,3.0536452850047118,0.403176171284578,0.13203110828373635
RTD,LightGBM,ANGIOLETTI,,2.309113301740731,0.3138404149015374,0.13591382227322843
RTD,LightGBM,ANGIOLETTI,,14.949584592590247,4.864885168503858,0.3254194214142335
RTD,LightGBM,APEROL,,412.2866202062958,94.18723420232352,0.22845086303114825
RTD,LightGBM,APEROL,,548.7686168681253,118.5606832285572,0.21604858511260047
RTD,LightGBM,APEROL,,757.682105221131,138.28513949941336,0.18251076348048972
RTD,LightGBM,APEROL,,4387.734985478621,558.045765133877,0.12718310631356522
RTD,LightGBM,APEROL,,8976.049259917456,989.3763495124916,0.11022403296409605
RTD,LightGBM,APEROL,,5242.745333245055,398.09526070216106,0.07593259550063929
RTD,LightGBM,ART OF THE REFILL,,3683.4262453875576,567.9221172927012,0.1541831109022101
RTD,LightGBM,ART OF THE REFILL,,2240.972530708398,477.6518902234593,0.2131449108269381
RTD,LightGBM,ART OF THE REFILL,,1039.2771686903586,100.63946077789262,0.09683601623300651
RTD,LightGBM,ART OF THE REFILL,,3175.022739163348,495.0733949508107,0.1559275115872927
RTD,LightGBM,ART OF THE REFILL,,5598.872632633709,570.7538662381611,0.10194085554142683
RTD,LightGBM,ART OF THE REFILL,,4739.035092333432,714.2466230150144,0.15071562229418517
RTD,LightGBM,BACARDI,,23.552706685443688,4.797537967580298,0.20369369990691247
RTD,LightGBM,BACARDI,,14.919836739153695,3.0803283949634737,0.2064585858959071
RTD,LightGBM,BACARDI,,6.115398767773749,0.5421740947666782,0.08865719397135101
RTD,LightGBM,BACARDI,,343.3184025954735,169.32876671965195,0.49321203127922414
RTD,LightGBM,BACARDI,,20.75654372933247,6.319955493272053,0.3044801473542485
RTD,LightGBM,BACARDI,,7.728757923137678,1.0660051964654296,0.13792710382015158
RTD,LightGBM,BOLD,,4993.033839151251,355.6543821975218,0.07123011652930801
RTD,LightGBM,BOLD,,8662.199488142436,894.2175686784591,0.10323216059645601
RTD,LightGBM,BOLD,,6473.023217421479,1218.7234921741624,0.18827732440293016
RTD,LightGBM,BOLD,,5263.8041126704065,757.3803728900127,0.14388460449486262
RTD,LightGBM,BOLD,,4027.7858300950516,162.36409307422764,0.040311004587449975
RTD,LightGBM,BOLD,,4598.521491078951,434.0872134259673,0.09439712617807457
RTD,LightGBM,BOMBAY,,7.533411755553767,2.218214815619849,0.294450228873331
RTD,LightGBM,BOMBAY,,19.121247499113966,5.2584932795587065,0.27500785604089756
RTD,LightGBM,BOMBAY,,3.57179838683462,0.43712628205476783,0.12238268645452732
RTD,LightGBM,BOMBAY,,4.711875994007794,2.4904296317015078,0.5285431184667523
RTD,LightGBM,BOMBAY,,4.023324690432569,1.994271166399184,0.49567741105796
RTD,LightGBM,BOMBAY,,1.884442879189838,1.1909484642001433,0.6319896863693515
RTD,LightGBM,BOTTEGA,,73.17308767121358,10.700069377663286,0.14622957316960006
RTD,LightGBM,BOTTEGA,,98.09912238497188,7.67500937652912,0.07823728887614269
RTD,LightGBM,BOTTEGA,,93.05610876757767,8.404138368089985,0.09031259182651456
RTD,LightGBM,BOTTEGA,,825.2650443998351,149.69129136547707,0.18138571648134982
RTD,LightGBM,BOTTEGA,,994.5091270087034,58.58023404816075,0.058903666600184035
RTD,LightGBM,BOTTEGA,,407.13444308873846,30.321402497361532,0.07447515927988613
RTD,LightGBM,BREEZER,,569338.858320609,47751.25078104762,0.0838714064272734
RTD,LightGBM,BREEZER,,510399.5136188947,49728.5080009979,0.09743055522997461
RTD,LightGBM,BREEZER,,488270.75616287923,21943.953082878194,0.044942181783170415
RTD,LightGBM,BREEZER,,862447.5832981579,59353.35666415451,0.06881966836428062
RTD,LightGBM,BREEZER,,1100190.6427231722,103115.99447795858,0.09372556943651848
RTD,LightGBM,BREEZER,,873868.728771029,30080.69788109493,0.03442244457402557
RTD,LightGBM,BRYGHUSET BRAUNSTEIN,,2.578621955722699,1.1708976843067045,0.45407884692370204
RTD,LightGBM,BRYGHUSET BRAUNSTEIN,,2.0072258324047483,0.7829839339698772,0.3900826311266763
RTD,LightGBM,BRYGHUSET BRAUNSTEIN,,2.542426223365472,0.6081884092699865,0.23921575528154856
RTD,LightGBM,BRYGHUSET BRAUNSTEIN,,1.495142875188624,0.501703815539781,0.3355557678569596
RTD,LightGBM,BRYGHUSET BRAUNSTEIN,,0.41342728996038736,0.20354932826452862,0.49234613487665935
RTD,LightGBM,BRYGHUSET BRAUNSTEIN,,1.5866193086677634,0.3884764530164411,0.24484540865863605
RTD,LightGBM,BULMERS,,106.47196360690444,6.903469536032346,0.06483837906399496
RTD,LightGBM,BULMERS,,108.22424946594435,14.835297149957468,0.13707923338036906
RTD,LightGBM,BULMERS,,84.5875067355455,6.848052929731696,0.0809582075889937
RTD,LightGBM,BULMERS,,113.75856569816105,11.119811575526624,0.09774922448504798
RTD,LightGBM,BULMERS,,150.5120629449616,15.561260068902895,0.10338879000411581
RTD,LightGBM,BULMERS,,97.28941614380508,5.485872184059789,0.05638714262557637
RTD,LightGBM,BUZZBALLZ,,3621.3948709099845,344.2404096991723,0.09505740797955886
RTD,LightGBM,BUZZBALLZ,,2578.10314403031,351.34111870297477,0.1362789225545602
RTD,LightGBM,BUZZBALLZ,,3880.699174423833,623.3472788660052,0.16062757014876153
RTD,LightGBM,BUZZBALLZ,,4601.924966676486,820.5790159493497,0.1783121241418181
RTD,LightGBM,BUZZBALLZ,,10394.313459959518,551.5727011409368,0.05306485159079328
RTD,LightGBM,BUZZBALLZ,,11740.89996788757,871.849230796745,0.07425744475988486
RTD,LightGBM,CHANDON,,104.4406479139077,13.62394225115355,0.13044674198482578
RTD,LightGBM,CHANDON,,86.18333128074678,5.730429642399253,0.06649115968530009
RTD,LightGBM,CHANDON,,145.82484703789206,17.530826100035583,0.12021837468809593
RTD,LightGBM,CHANDON,,211.41690969340812,40.798502729799054,0.19297653526846123
RTD,LightGBM,CHANDON,,894.2549097515208,64.22915200874083,0.07182420952722267
RTD,LightGBM,CHANDON,,404.8235420971413,31.72071498082668,0.07835689302183664
RTD,LightGBM,CLASSIC COCKTAILS,,172.16627206809815,19.073921859936977,0.11078779618572755
RTD,LightGBM,CLASSIC COCKTAILS,,190.7558133317613,24.459474406836637,0.12822400523278876
RTD,LightGBM,CLASSIC COCKTAILS,,173.19316083403714,6.852262289771168,0.03956427757755035
RTD,LightGBM,CLASSIC COCKTAILS,,215.6352878198471,25.368931777177306,0.11764740378843665
RTD,LightGBM,CLASSIC COCKTAILS,,555.7215231263223,40.57887277338944,0.07302015683161757
RTD,LightGBM,CLASSIC COCKTAILS,,8394.77448958912,1131.5594546227928,0.13479331172339531
RTD,LightGBM,COCKY CRANE,,3.270099282757897,1.029554194257263,0.31483881840705763
RTD,LightGBM,COCKY CRANE,,4.93785958386591,2.5217990034127,0.5107069086477248
RTD,LightGBM,COCKY CRANE,,19.8779739813322,14.087760703216096,0.7087121009639208
RTD,LightGBM,COCKY CRANE,,3.188026630729037,1.3571352024615841,0.42569757397266
RTD,LightGBM,COCKY CRANE,,2.7487162485782415,1.150531246539994,0.4185703952290819
RTD,LightGBM,COCKY CRANE,,1.3210681612605666,0.6852651836023125,0.518720535167868
RTD,LightGBM,COPPA,,21.610221024778944,3.858489337271814,0.1785492768837279
RTD,LightGBM,COPPA,,35.0972870196891,7.305738114999232,0.20815677607505143
RTD,LightGBM,COPPA,,37.850875810972425,4.911010707186698,0.1297462899329549
RTD,LightGBM,COPPA,,62.27739285752921,4.848888223232934,0.07785952495355164
RTD,LightGBM,COPPA,,46.76130634319789,2.4918316546651678,0.05328832424776005
RTD,LightGBM,COPPA,,25.219398344100618,2.5294544312046687,0.10029796891631099
RTD,LightGBM,CULT MODJO,,1.441658261512336,0.574156062716245,0.39826086253890763
RTD,LightGBM,CULT MODJO,,0.5747594120477207,0.24069761149638294,0.41877976497825226
RTD,LightGBM,CULT MODJO,,0.10531640342687296,0.0777830040274226,0.7385649480655847
RTD,LightGBM,CULT MODJO,,5.717412075418002,1.4661648666002445,0.2564385507394187
RTD,LightGBM,CULT MODJO,,17.15775493318999,2.7581029067635026,0.16074963872040296
RTD,LightGBM,CULT MODJO,,7.832927926281343,1.8254616286241596,0.23304971599436017
RTD,LightGBM,FEJØ,,14.63628324570434,2.5724938398600714,0.17576141406084655
RTD,LightGBM,FEJØ,,8.683373200337092,2.3729373911758898,0.27327368482605024
RTD,LightGBM,FEJØ,,7.400734433582693,0.6294923955832928,0.08505809811615626
RTD,LightGBM,FEJØ,,6.969094070958962,1.2384369787307261,0.1777041558229841
RTD,LightGBM,FEJØ,,8.26292945013136,1.7605357846244496,0.2130643611626699
RTD,LightGBM,FEJØ,,6.04163391339592,1.2028450179046617,0.1990926684977771
RTD,LightGBM,FUNKIN,,1728.340277232866,160.57512338252903,0.09290712338175414
RTD,LightGBM,FUNKIN,,621.4030676516481,164.252071107638,0.26432452567117987
RTD,LightGBM,FUNKIN,,2200.6218044200623,458.5456443801985,0.20837094472988768
RTD,LightGBM,FUNKIN,,1441.1206536379493,272.59335695239344,0.18915373689514595
RTD,LightGBM,FUNKIN,,1786.3545952504112,746.0849398845328,0.4176578053809897
RTD,LightGBM,FUNKIN,,2231.6804870087803,478.83117825333096,0.2145608123746825
RTD,LightGBM,G&T,,0.014196882363023855,0.24866991700273472,17.51581161582362
RTD,LightGBM,G&T,,0.008911395399996181,0.2610724053834878,29.29646746272752
RTD,LightGBM,G&T,,0.014149578500071416,0.06497837871825916,4.5922483640011755
RTD,LightGBM,GALIPETTE,,16.951069549746627,2.619583745954308,0.1545379622369294
RTD,LightGBM,GALIPETTE,,5.645441705950101,0.926549380963311,0.16412345202090384
RTD,LightGBM,GALIPETTE,,14.195914662480481,4.080628649396876,0.2874509143240975
RTD,LightGBM,GALIPETTE,,17.293155850588704,3.12713960903934,0.1808310545546193
RTD,LightGBM,GALIPETTE,,7.77284418958273,1.3022290525243658,0.16753572061429337
RTD,LightGBM,GALIPETTE,,8.392577540060065,0.5805291914981808,0.06917173999610446
RTD,LightGBM,HAPPY JOE,,285.96623230982624,48.86510108219622,0.17087717206153902
RTD,LightGBM,HAPPY JOE,,70.17438234788261,10.536587341384385,0.1501486295832329
RTD,LightGBM,HAPPY JOE,,66.46232399140435,9.595390642093887,0.1443733842851308
RTD,LightGBM,HAPPY JOE,,33.52369730091145,3.9651356403757942,0.11827858976247196
RTD,LightGBM,HAPPY JOE,,33.087789596662745,5.108497533723629,0.15439222734415825
RTD,LightGBM,HAPPY JOE,,23.035727203762306,3.8061810191006296,0.16522947096191457
RTD,LightGBM,IMPRESS,,3.72155660733878,0.8967998099513554,0.24097438372505137
RTD,LightGBM,IMPRESS,,2.1143916572291586,0.7512847311637947,0.3553195684418888
RTD,LightGBM,IMPRESS,,1.7749953955527822,0.6400347051217314,0.3605838678372498
RTD,LightGBM,IMPRESS,,12.390463521756086,4.051469255308023,0.3269828645388573
RTD,LightGBM,IMPRESS,,4.6997970194837375,0.5180408110260754,0.11022620953170037
RTD,LightGBM,IMPRESS,,8.560141967389113,0.9318203146470012,0.10885570802410549
RTD,LightGBM,LA CHOUETTE,,6.950448416857931,0.9352312111419849,0.13455696022052807
RTD,LightGBM,LA CHOUETTE,,15.663377152507874,3.0335203202314456,0.19366962122505915
RTD,LightGBM,LA CHOUETTE,,3.6041040501636283,0.42471631263156023,0.11784241151758032
RTD,LightGBM,LA CHOUETTE,,5.735447562819192,0.8912910730747667,0.155400439688906
RTD,LightGBM,LA CHOUETTE,,3.4334259456453013,0.44218580379657574,0.12878850768790015
RTD,LightGBM,LA CHOUETTE,,2.0683836782167284,0.25217895246776173,0.12192078052229632
RTD,LightGBM,LE COQ,,1.441658261512336,0.574156062716245,0.39826086253890763
RTD,LightGBM,LE COQ,,0.5747594120477207,0.24069761149638294,0.41877976497825226
RTD,LightGBM,LE COQ,,0.10531640342687296,0.0777830040274226,0.7385649480655847
RTD,LightGBM,LE COQ,,0.02531010621611839,0.01837703691018603,0.7260750608183094
RTD,LightGBM,LIME DAIQUIRI,,0.0010534158292897834,0.2607115553758304,247.4915870132719
RTD,LightGBM,LIME DAIQUIRI,,0.0018549005088911732,0.07181453875775924,38.71611356702291
RTD,LightGBM,LIME DAIQUIRI,,0.061382501027271066,0.04436254286409031,0.7227229604799076
RTD,LightGBM,MAGNERS,,2671.4743672664576,450.82656652508524,0.16875571484011134
RTD,LightGBM,MAGNERS,,3278.9712347510276,645.0656853243078,0.19672807083142577
RTD,LightGBM,MAGNERS,,7689.110880049727,851.2002056449046,0.11070203290388755
RTD,LightGBM,MAGNERS,,11117.673298470709,854.8160012195838,0.07688803028032565
RTD,LightGBM,MAGNERS,,12811.263589364837,1431.2066788182274,0.11171471641613336
RTD,LightGBM,MAGNERS,,10380.731966425388,455.1388751362422,0.04384458404362111
RTD,LightGBM,MALFY,,1.9182624436675866,0.7783940800121404,0.4057808057399613
RTD,LightGBM,MALFY,,20.337435167682177,21.371594587198715,1.0508500413641098
RTD,LightGBM,MALFY,,251.63478308166842,86.63757783254592,0.3442988952939291
RTD,LightGBM,MALFY,,11.227672329369678,5.166724138463067,0.46017767413355987
RTD,LightGBM,MALFY,,3.856956600101351,3.1422543421177136,0.8146978739753367
RTD,LightGBM,MALFY,,5.142761320400647,0.9988298416813501,0.19422053240525197
RTD,LightGBM,MIKROPOLIS COCKTAILS,,3351.876379365822,302.5199865714901,0.0902539211868927
RTD,LightGBM,MIKROPOLIS COCKTAILS,,2211.274841546706,207.49232958713372,0.09383380378080929
RTD,LightGBM,MIKROPOLIS COCKTAILS,,3412.370282688178,445.70503035946257,0.13061449767647945
RTD,LightGBM,MIKROPOLIS COCKTAILS,,5939.525277407675,1322.6804345279343,0.22269127122988225
RTD,LightGBM,MIKROPOLIS COCKTAILS,,8629.975511366565,740.7019193944259,0.08582897117365458
RTD,LightGBM,MIKROPOLIS COCKTAILS,,7578.172167778059,686.4202757170655,0.09057860662438945
RTD,LightGBM,MOJITO,,0.0044220831293615755,0.06607240218934302,14.941465426246298
RTD,LightGBM,MOJITO,,0.006063621913543969,0.04784657416869961,7.8907581724097
RTD,LightGBM,MOKAÏ,,72923.4096083227,6745.19626905655,0.09249699520751323
RTD,LightGBM,MOKAÏ,,52230.58436340886,2490.378119923613,0.0476804567721493
RTD,LightGBM,MOKAÏ,,57051.354141879245,4871.25040819224,0.08538360712837907
RTD,LightGBM,MOKAÏ,,78809.5700742522,6001.570161851124,0.07615280931232857
RTD,LightGBM,MOKAÏ,,46202.51885295022,4259.338138233489,0.0921884400240121
RTD,LightGBM,MOKAÏ,,68366.23339930868,7644.972087157641,0.11182380112277689
RTD,LightGBM,NOHRLUND,,158.1058761109889,22.907043565648433,0.14488420120178136
RTD,LightGBM,NOHRLUND,,197.5015681080864,21.34522788766314,0.10807624512622385
RTD,LightGBM,NOHRLUND,,175.50071245070862,18.34222900919583,0.10451370113011624
RTD,LightGBM,NOHRLUND,,166.8610166717754,9.705852973437064,0.05816728896317946
RTD,LightGBM,NOHRLUND,,183.54077397740747,20.62459534844227,0.11237064605045748
RTD,LightGBM,NOHRLUND,,112.68727346779251,16.246495523772207,0.14417329502976808
RTD,LightGBM,NORDIC BY NATURE,,27.61587173126417,2.0096812652218623,0.0727726897335884
RTD,LightGBM,NORDIC BY NATURE,,32.01003047510547,5.958367809376144,0.18614064782006468
RTD,LightGBM,NORDIC BY NATURE,,12.401355886467893,0.9821115150907529,0.07919388203046515
RTD,LightGBM,NORDIC BY NATURE,,42.94125718552566,11.95472090114257,0.2783970867339251
RTD,LightGBM,NORDIC BY NATURE,,29.171068457125006,2.892368299391111,0.09915194925555264
RTD,LightGBM,NORDIC BY NATURE,,26.19149701336554,2.91979803776386,0.11147885270833832
RTD,LightGBM,NORTH OAK,,764.0879285141352,159.11595631931925,0.2082429919142162
RTD,LightGBM,NORTH OAK,,733.6770995824885,206.9737764165179,0.2821047250000032
RTD,LightGBM,NORTH OAK,,1005.7108275883477,151.3672452733546,0.15050772162444237
RTD,LightGBM,NORTH OAK,,6139.858501568588,469.2118296529509,0.07642062590417653
RTD,LightGBM,NORTH OAK,,4914.158722028837,557.5951918622634,0.11346707003229584
RTD,LightGBM,NORTH OAK,,4846.480005489402,267.2809418825407,0.055149498518471736
RTD,LightGBM,NYBORG DISTILLERY,,5.029361838121197,1.649144783137877,0.32790338739157865
RTD,LightGBM,NYBORG DISTILLERY,,2.4566515046473447,0.28720867855599097,0.11691063140729036
RTD,LightGBM,NYBORG DISTILLERY,,2.7991000458991073,0.376441973888227,0.13448678779443515
RTD,LightGBM,NYBORG DISTILLERY,,0.9172754519310857,0.4371738029671363,0.47660035166838943
RTD,LightGBM,NYBORG DISTILLERY,,4.0093048963342595,0.7734148440623234,0.19290497082660463
RTD,LightGBM,NYBORG DISTILLERY,,2.090471215987371,0.36024411734070894,0.17232675321509197
RTD,LightGBM,NØRREBRO,,181.7411946905687,21.17496086385974,0.11651161917314388
RTD,LightGBM,NØRREBRO,,231.6075175479149,20.47293321317617,0.08839494257322944
RTD,LightGBM,NØRREBRO,,236.68959511790095,35.96593433356775,0.15195401519721316
RTD,LightGBM,NØRREBRO,,197.18350505369295,19.157570198252543,0.09715604859055502
RTD,LightGBM,NØRREBRO,,243.97107247736525,30.631882357043573,0.1255553867349806
RTD,LightGBM,NØRREBRO,,165.9535129168453,27.89488713103264,0.16808856071043216
RTD,LightGBM,OTHER BRAND,,0.16678680857014921,0.17105993517044493,1.0256202911784746
RTD,LightGBM,OTHER BRAND,,0.32985833605159465,0.09604348243450618,0.2911658489039476
RTD,LightGBM,OTHER BRAND,,0.16251118274901372,0.08979810162984461,0.5525656764712064
RTD,LightGBM,OTHER BRAND,,0.19596209614860993,0.18243946014711945,0.9309936142383605
RTD,LightGBM,OTHER BRAND,,0.19822184199010287,0.15542464209637152,0.784094429432917
RTD,LightGBM,PALLINI,,397.5261945543808,10.807354342542173,0.02718652126725135
RTD,LightGBM,PALLINI,,692.1443940866814,76.43140987249933,0.11042697235647533
RTD,LightGBM,PALLINI,,909.5510156401117,61.754284533136946,0.06789534998174494
RTD,LightGBM,PALLINI,,336.7897086154394,54.7547474327102,0.16257844593235912
RTD,LightGBM,PALLINI,,306.1405182218465,57.15289700958613,0.18668844405682344
RTD,LightGBM,PALLINI,,234.51712356589238,33.23914936009022,0.14173442371576334
RTD,LightGBM,PALOMA (ISH),,0.1836290001966207,0.2259710543458683,1.230584788371716
RTD,LightGBM,PALOMA (ISH),,0.39720405682352783,0.17622573077080236,0.44366548564506975
RTD,LightGBM,PALOMA (ISH),,0.17261875363772944,0.15496449710720708,0.8977268914386157
RTD,LightGBM,PALOMA (ISH),,0.0834480537038571,0.18216852471229036,2.1830170582381148
RTD,LightGBM,PALOMA (ISH),,0.23170476103562093,0.21475004990286048,0.9268262289605955
RTD,LightGBM,PALOMA (ISH),,0.2047565442119986,0.20036366230910657,0.9785458290488446
RTD,LightGBM,PUNCH! CLUB,,7411.432279381695,547.5036183812095,0.07387284909886345
RTD,LightGBM,PUNCH! CLUB,,7888.69382205185,1081.064103243274,0.13703968332771335
RTD,LightGBM,PUNCH! CLUB,,7124.3029977682945,597.8050738422197,0.08391067505543821
RTD,LightGBM,PUNCH! CLUB,,7066.737367306647,1284.4373550543394,0.18175818461807056
RTD,LightGBM,PUNCH! CLUB,,9982.82460423472,1223.6503858081264,0.12257556696819588
RTD,LightGBM,PUNCH! CLUB,,9917.575343231967,1499.402430046938,0.1511863916486576
RTD,LightGBM,RAW CIDER,,9.025040103006011,4.5238578229060575,0.5012562571771039
RTD,LightGBM,RAW CIDER,,6.11856173681645,1.337759994245272,0.2186396169210384
RTD,LightGBM,RAW CIDER,,2.3463190492654604,0.8469727097374659,0.36097934336876286
RTD,LightGBM,RAW CIDER,,0.11899191414030981,0.18836048062860838,1.5829687419474767
RTD,LightGBM,RAW CIDER,,0.17702802706246126,0.2649971853591647,1.496922209191571
RTD,LightGBM,RAW CIDER,,0.06663498171287083,0.16619980170720763,2.494182446441723
RTD,LightGBM,READY TO DRINK,,44143.66795625446,2901.469819671301,0.06572788248014648
RTD,LightGBM,READY TO DRINK,,39563.682608350515,2993.27742336253,0.07565719938140322
RTD,LightGBM,READY TO DRINK,,67007.40807702423,5546.745035930056,0.08277808670877311
RTD,LightGBM,READY TO DRINK,,98270.39648313836,7407.955510383581,0.07538338884848875
RTD,LightGBM,READY TO DRINK,,119377.64206491961,2385.459864909059,0.019982467601527974
RTD,LightGBM,READY TO DRINK,,90001.73014224434,3059.3225831454174,0.033991819694024476
RTD,LightGBM,REKORDERLIG,,126.46013012725288,13.85269728668459,0.10954201354011776
RTD,LightGBM,REKORDERLIG,,143.8186213344839,35.58522877827055,0.24743130234511676
RTD,LightGBM,REKORDERLIG,,344.4456834555059,80.90701820177287,0.23489049823504063
RTD,LightGBM,REKORDERLIG,,390.5811821570884,38.017482085053786,0.09733567263812387
RTD,LightGBM,REKORDERLIG,,656.8569936817537,82.17099553345912,0.12509723779126092
RTD,LightGBM,REKORDERLIG,,436.8266947570325,29.4240055072126,0.06735853339635879
RTD,LightGBM,SHAKER,,540397.6097728533,44270.18437495157,0.08192150293477383
RTD,LightGBM,SHAKER,,593208.8742678969,30469.780030295955,0.05136433615882761
RTD,LightGBM,SHAKER,,454941.06768226763,19841.03879993087,0.04361232741860956
RTD,LightGBM,SHAKER,,901140.2923646957,74144.83709310224,0.0822789056502375
RTD,LightGBM,SHAKER,,1376311.8682934728,132654.5775584606,0.09638409768488204
RTD,LightGBM,SHAKER,,728909.5813738111,44578.190121472755,0.06115736609944691
RTD,LightGBM,SHEPPYS,,137.5526861148665,4.2723997023128595,0.031060096483649144
RTD,LightGBM,SHEPPYS,,100.8090605288138,14.717446497677589,0.14599329088550494
RTD,LightGBM,SHEPPYS,,114.21238100639127,6.662866134098707,0.05833751188258528
RTD,LightGBM,SHEPPYS,,115.26361942093963,9.595211485872014,0.08324579372117892
RTD,LightGBM,SHEPPYS,,220.66610798597836,20.49587360691275,0.09288183760514372
RTD,LightGBM,SHEPPYS,,132.03991594106407,9.282349321053582,0.0702995700572602
RTD,LightGBM,SIR. JAMES 101,,1918.0773831477757,240.31277237452323,0.12528836140080207
RTD,LightGBM,SIR. JAMES 101,,670.1377686255946,200.2139339985262,0.29876533359573343
RTD,LightGBM,SIR. JAMES 101,,634.2875843432846,108.03000955581902,0.1703170804890795
RTD,LightGBM,SIR. JAMES 101,,2264.2775266787808,510.2287220381686,0.2253384207661889
RTD,LightGBM,SIR. JAMES 101,,2762.651731187961,172.37563489778893,0.06239499280774928
RTD,LightGBM,SIR. JAMES 101,,7685.805605208507,1023.3247679564076,0.13314476328453093
RTD,LightGBM,SJUSS,,32.8153768894993,8.922734703866563,0.2719071225027368
RTD,LightGBM,SJUSS,,80.376408741789,16.975038825430016,0.21119429309118182
RTD,LightGBM,SJUSS,,23.534664126561733,2.6302356199674746,0.11176006616550493
RTD,LightGBM,SJUSS,,22.414839811070056,1.494512487893893,0.06667513578017165
RTD,LightGBM,SJUSS,,7.2781813457463445,3.3066232012211647,0.45431997969570864
RTD,LightGBM,SJUSS,,6.051135238769255,1.7417981598980918,0.28784650998022604
RTD,LightGBM,SKÆRSØGAARD,,3.67918752542712,1.268002541414025,0.34464199844415966
RTD,LightGBM,SKÆRSØGAARD,,6.756766889980147,3.0031490705826545,0.4444653958738953
RTD,LightGBM,SKÆRSØGAARD,,10.64778589728383,7.536975704778446,0.7078444079816699
RTD,LightGBM,SKÆRSØGAARD,,3.802136393643847,1.9882944363262414,0.5229413757092294
RTD,LightGBM,SKÆRSØGAARD,,2.1309080284188022,1.0751681714232413,0.5045586937982717
RTD,LightGBM,SKÆRSØGAARD,,1.615758241515112,0.6780370367905294,0.4196401536870563
RTD,LightGBM,SMIRNOFF,,243.37220994131076,31.544654954697247,0.12961486014489593
RTD,LightGBM,SMIRNOFF,,242.78652429522907,22.968208663427927,0.09460248557905349
RTD,LightGBM,SMIRNOFF,,300.411369328905,30.1334904115816,0.1003074233804713
RTD,LightGBM,SMIRNOFF,,420.0269060035574,53.45778280129689,0.1272722819353009
RTD,LightGBM,SMIRNOFF,,10471.406290472602,2005.9527191945638,0.19156478734090165
RTD,LightGBM,SMIRNOFF,,6817.8285453916205,1367.5095064784607,0.20057845359030074
RTD,LightGBM,SMIRNOFF ICE/TWISTED,,550914.3727091884,35247.421961509994,0.06397985550490635
RTD,LightGBM,SMIRNOFF ICE/TWISTED,,363941.54875895137,15361.087337189261,0.04220756709304256
RTD,LightGBM,SMIRNOFF ICE/TWISTED,,441594.20001469896,22550.748656133568,0.05106667763159693
RTD,LightGBM,SMIRNOFF ICE/TWISTED,,888755.1792174993,56950.080830872146,0.06407847983627347
RTD,LightGBM,SMIRNOFF ICE/TWISTED,,1438887.1866761246,161142.61189075196,0.11199113688891521
RTD,LightGBM,SMIRNOFF ICE/TWISTED,,780535.9196587782,51377.19985029672,0.0658229795148402
RTD,LightGBM,SMÅ,,0.7679983112991549,0.5263084652397341,0.6852989876363459
RTD,LightGBM,SMÅ,,5.673813766448502,2.28977385520639,0.40356873691320744
RTD,LightGBM,SMÅ,,0.70727294858789,0.41810984415034014,0.5911576923521814
RTD,LightGBM,SMÅ,,21.131030263503874,8.148373161499869,0.3856117311787302
RTD,LightGBM,SMÅ,,0.5773520731160243,0.31784872699447575,0.5505284241537677
RTD,LightGBM,SOMERSBY,,135945.62070022602,4695.37710746952,0.034538641872277044
RTD,LightGBM,SOMERSBY,,141609.0586591267,9350.984113168515,0.06603379897946836
RTD,LightGBM,SOMERSBY,,165933.83149815482,8753.157792843384,0.05275089301448884
RTD,LightGBM,SOMERSBY,,224974.49476696103,14505.266432890445,0.06447515949714953
RTD,LightGBM,SOMERSBY,,550192.3622764163,17178.321092575752,0.03122239105883003
RTD,LightGBM,SOMERSBY,,288690.7914723652,6316.341300616543,0.021879261435400414
RTD,LightGBM,SPIRIT GARDEN,,191.83347662405686,32.32306666016546,0.16849544317809642
RTD,LightGBM,SPIRIT GARDEN,,174.9977130924943,18.944527423476025,0.1082558571120468
RTD,LightGBM,SPIRIT GARDEN,,197.40258115481362,14.726575826797005,0.0746017389471095
RTD,LightGBM,SPIRIT GARDEN,,207.104661518979,13.82466082069368,0.06675205048161986
RTD,LightGBM,SPIRIT GARDEN,,309.89221058538874,63.66412292895216,0.20543957141965635
RTD,LightGBM,SPIRIT GARDEN,,315.7566845347584,35.69136831246104,0.1130344029455761
RTD,LightGBM,SPRITZ,,0.08365895113020592,0.25914430493109586,3.0976279457265288
RTD,LightGBM,SPRITZ,,0.009743047196952936,0.3146247148804418,32.29222937345909
RTD,LightGBM,SPRITZ,,0.023302971190139278,0.0665333815131589,2.855145851157071
RTD,LightGBM,SPRITZ,,0.05060482579845619,0.037785967483069435,0.7466870379824957
RTD,LightGBM,STOWFORD PRESS,,843.7578607146646,100.1108721148839,0.11864881712638481
RTD,LightGBM,STOWFORD PRESS,,1497.1037958585,169.27334330954503,0.11306720601324562
RTD,LightGBM,STOWFORD PRESS,,530.4503710461661,69.22429149572913,0.13050097666856833
RTD,LightGBM,STOWFORD PRESS,,699.8481048056741,69.75865963610146,0.09967685724528932
RTD,LightGBM,STOWFORD PRESS,,542.6094756239456,38.80107215163043,0.07150828338744573
RTD,LightGBM,STOWFORD PRESS,,602.2395467170802,72.71240674566519,0.12073668549671646
RTD,LightGBM,STRONGBOW,,35.83905199210709,21.328249278240992,0.5951119823966928
RTD,LightGBM,STRONGBOW,,95.86431837848875,39.597114810551545,0.41305373553291597
RTD,LightGBM,STRONGBOW,,451.54008941818375,99.36940125424933,0.22006772728040228
RTD,LightGBM,STRONGBOW,,1001.0721829827264,277.73070421377616,0.2774332450096343
RTD,LightGBM,STRONGBOW,,1413.0855015640118,349.67174811117405,0.24745264722067786
RTD,LightGBM,STRONGBOW,,2940.783982300621,497.2248460545387,0.16907901057919664
RTD,LightGBM,TANQUERAY,,2383.188311808939,210.65267847286046,0.08839111765908515
RTD,LightGBM,TANQUERAY,,3308.221613415408,340.6909830278257,0.10298311988721226
RTD,LightGBM,TANQUERAY,,3461.9333530884383,428.43881350177503,0.12375709460713878
RTD,LightGBM,TANQUERAY,,5740.056270018999,474.2293525612385,0.08261754419345942
RTD,LightGBM,TANQUERAY,,4732.643978614863,361.9261094447926,0.07647440016198305
RTD,LightGBM,TANQUERAY,,4271.6699241900415,697.1578716721798,0.1632049957147307
RTD,LightGBM,THATCHERS,,172.4149341666909,15.188648798092165,0.0880935800109274
RTD,LightGBM,THATCHERS,,212.92996090141733,25.790370269928303,0.12112137794393703
RTD,LightGBM,THATCHERS,,243.96505950146147,31.292225151770936,0.12826519180949958
RTD,LightGBM,THATCHERS,,182.26833993627127,21.859578388013922,0.11993074823448195
RTD,LightGBM,THATCHERS,,471.77098041650487,28.206688997379533,0.059788944568988
RTD,LightGBM,THATCHERS,,338.3697507848336,29.896137205119334,0.08835345693808791
RTD,LightGBM,THE COCKTAIL FACTORY,,23.82814266859659,2.5112893646476353,0.1053917378108238
RTD,LightGBM,THE COCKTAIL FACTORY,,57.78405848958344,12.608587818342253,0.2182018388447943
RTD,LightGBM,THE COCKTAIL FACTORY,,23.4087735682236,3.6971374886600663,0.15793811144718709
RTD,LightGBM,THE COCKTAIL FACTORY,,9.508259724493096,1.6934621572632935,0.17810432259238432
RTD,LightGBM,THE COCKTAIL FACTORY,,2.950496381999758,0.7064935548089919,0.23944904969859743
RTD,LightGBM,THE COCKTAIL FACTORY,,4.6007750600686705,0.39172498595942123,0.08514325974319084
RTD,LightGBM,WESTONS,,173.96778553388876,32.42224939618846,0.18636927116527927
RTD,LightGBM,WESTONS,,228.02813399157245,19.28985351147824,0.0845941821906553
RTD,LightGBM,WESTONS,,186.6968529691048,14.215088835833582,0.07613994885166028
RTD,LightGBM,WESTONS,,167.51357383604744,19.572174874392722,0.11683933681427411
RTD,LightGBM,WESTONS,,249.05741218291564,13.776454885518211,0.055314374162855055
RTD,LightGBM,WESTONS,,193.35341690539673,13.00434261977443,0.06725685445805775
RTD,LightGBM,ÆBLEROV,,15.514480855954366,3.4674663882739716,0.22349870552988427
RTD,LightGBM,ÆBLEROV,,14.94195163991948,5.0896495574136535,0.34062816424970577
RTD,LightGBM,ÆBLEROV,,4.8283094737404415,0.7123567847137706,0.1475375156849495
RTD,LightGBM,ÆBLEROV,,4.790564486755404,1.3219359486780413,0.2759457580276461
RTD,LightGBM,ÆBLEROV,,4.177583720442362,0.28043658753475675,0.06712889706135236
RTD,LightGBM,ÆBLEROV,,5.0078010354579785,0.8022299764154878,0.1601960562600749
RTD,XGBoost,AERIS,,12.694086074829102,1.1524560451507568,0.09078684449195862
RTD,XGBoost,AERIS,,23.29053497314453,3.7489492893218994,0.1609645038843155
RTD,XGBoost,AERIS,,16.846481323242188,1.0134758949279785,0.06015950068831444
RTD,XGBoost,AERIS,,9.656115531921387,1.0405850410461426,0.1077643558382988
RTD,XGBoost,AERIS,,12.301651000976562,0.9124205708503723,0.07417058199644089
RTD,XGBoost,AERIS,,11.15395736694336,0.9589537978172302,0.0859743133187294
RTD,XGBoost,ANDERSEN WINERY,,9.62010383605957,0.8327204585075378,0.0865604430437088
RTD,XGBoost,ANDERSEN WINERY,,6.5239434242248535,0.8240019083023071,0.1263042688369751
RTD,XGBoost,ANDERSEN WINERY,,5.052995204925537,0.8369209170341492,0.16562867164611816
RTD,XGBoost,ANDERSEN WINERY,,7.391870021820068,0.5025644898414612,0.0679888129234314
RTD,XGBoost,ANDERSEN WINERY,,9.848897933959961,1.3495594263076782,0.13702644407749176
RTD,XGBoost,ANDERSEN WINERY,,9.135429382324219,1.0050288438796997,0.110014408826828
RTD,XGBoost,ANGIOLETTI,,3.90378999710083,0.3886844217777252,0.09956591576337814
RTD,XGBoost,ANGIOLETTI,,3.863365888595581,0.4514510929584503,0.11685434728860855
RTD,XGBoost,ANGIOLETTI,,1.8531192541122437,0.3112509548664093,0.16796056926250458
RTD,XGBoost,ANGIOLETTI,,3.374772548675537,0.6530439853668213,0.19350755214691162
RTD,XGBoost,ANGIOLETTI,,2.768665313720703,0.4494001269340515,0.16231651604175568
RTD,XGBoost,ANGIOLETTI,,8.452495574951172,0.3363755941390991,0.03979600965976715
RTD,XGBoost,APEROL,,375.76446533203125,37.92432403564453,0.10092578828334808
RTD,XGBoost,APEROL,,570.6930541992188,52.235843658447266,0.09153053909540176
RTD,XGBoost,APEROL,,517.45361328125,134.8523712158203,0.26060765981674194
RTD,XGBoost,APEROL,,3770.365234375,255.921630859375,0.0678771436214447
RTD,XGBoost,APEROL,,8840.4482421875,722.9445190429688,0.08177690953016281
RTD,XGBoost,APEROL,,5289.55615234375,409.98822021484375,0.07750900089740753
RTD,XGBoost,ART OF THE REFILL,,3013.546142578125,286.0850830078125,0.09493303298950195
RTD,XGBoost,ART OF THE REFILL,,2289.57177734375,334.8695068359375,0.14625857770442963
RTD,XGBoost,ART OF THE REFILL,,794.069580078125,207.7024688720703,0.261567085981369
RTD,XGBoost,ART OF THE REFILL,,3072.0458984375,448.8439025878906,0.14610585570335388
RTD,XGBoost,ART OF THE REFILL,,5715.5029296875,697.3975830078125,0.12201858311891556
RTD,XGBoost,ART OF THE REFILL,,4324.07666015625,268.73602294921875,0.06214876472949982
RTD,XGBoost,BACARDI,,23.338533401489258,0.8112251162528992,0.0347590446472168
RTD,XGBoost,BACARDI,,11.322369575500488,1.9874430894851685,0.17553243041038513
RTD,XGBoost,BACARDI,,7.081797122955322,0.9622362852096558,0.13587458431720734
RTD,XGBoost,BACARDI,,86.12800598144531,18.232627868652344,0.211692214012146
RTD,XGBoost,BACARDI,,24.714874267578125,5.562973499298096,0.22508604824543
RTD,XGBoost,BACARDI,,6.952971458435059,0.6122751235961914,0.08805949240922928
RTD,XGBoost,BOLD,,5215.31103515625,307.9952392578125,0.05905596911907196
RTD,XGBoost,BOLD,,8119.18994140625,787.2588500976562,0.09696273505687714
RTD,XGBoost,BOLD,,6841.3466796875,869.3798217773438,0.12707729637622833
RTD,XGBoost,BOLD,,5624.57763671875,531.565673828125,0.09450765699148178
RTD,XGBoost,BOLD,,3263.955078125,624.2771606445312,0.19126401841640472
RTD,XGBoost,BOLD,,4675.2080078125,511.7594299316406,0.10946238785982132
RTD,XGBoost,BOMBAY,,4.816641330718994,1.0852644443511963,0.22531560063362122
RTD,XGBoost,BOMBAY,,7.603257179260254,1.0316275358200073,0.13568231463432312
RTD,XGBoost,BOMBAY,,0.8843898773193359,0.4752202033996582,0.5373424291610718
RTD,XGBoost,BOMBAY,,5.528500556945801,2.311063289642334,0.4180271327495575
RTD,XGBoost,BOMBAY,,5.170676231384277,2.2172558307647705,0.42881351709365845
RTD,XGBoost,BOMBAY,,2.5718634128570557,1.0292637348175049,0.40020155906677246
RTD,XGBoost,BOTTEGA,,107.08531188964844,12.105804443359375,0.11304822564125061
RTD,XGBoost,BOTTEGA,,102.22814178466797,12.273618698120117,0.12006105482578278
RTD,XGBoost,BOTTEGA,,88.40013122558594,15.26484203338623,0.17267894744873047
RTD,XGBoost,BOTTEGA,,706.3682861328125,40.34006881713867,0.05710911750793457
RTD,XGBoost,BOTTEGA,,934.8182373046875,87.92730712890625,0.09405818581581116
RTD,XGBoost,BOTTEGA,,425.031494140625,27.43645668029785,0.06455158442258835
RTD,XGBoost,BREEZER,,686796.1875,21321.294921875,0.031044574454426765
RTD,XGBoost,BREEZER,,503652.4375,21496.630859375,0.04268147796392441
RTD,XGBoost,BREEZER,,508020.34375,38781.78515625,0.07633903622627258
RTD,XGBoost,BREEZER,,801923.375,40503.09375,0.05050743743777275
RTD,XGBoost,BREEZER,,1053818.125,56023.58984375,0.05316248536109924
RTD,XGBoost,BREEZER,,808903.8125,21867.607421875,0.02703363075852394
RTD,XGBoost,BRYGHUSET BRAUNSTEIN,,1.9370685815811157,0.3293744623661041,0.17003758251667023
RTD,XGBoost,BRYGHUSET BRAUNSTEIN,,2.204188108444214,0.4461851119995117,0.20242606103420258
RTD,XGBoost,BRYGHUSET BRAUNSTEIN,,1.5530353784561157,0.2112583965063095,0.13602934777736664
RTD,XGBoost,BRYGHUSET BRAUNSTEIN,,1.4341719150543213,0.29667532444000244,0.20686176419258118
RTD,XGBoost,BRYGHUSET BRAUNSTEIN,,0.604814887046814,0.1677839607000351,0.2774137556552887
RTD,XGBoost,BRYGHUSET BRAUNSTEIN,,2.335153102874756,0.48699694871902466,0.2085503339767456
RTD,XGBoost,BULMERS,,120.8289566040039,10.815384864807129,0.08950987458229065
RTD,XGBoost,BULMERS,,125.38748931884766,8.861990928649902,0.07067683339118958
RTD,XGBoost,BULMERS,,83.9769287109375,3.14492130279541,0.037449825555086136
RTD,XGBoost,BULMERS,,103.81913757324219,3.549514055252075,0.03418939933180809
RTD,XGBoost,BULMERS,,130.72535705566406,7.721039295196533,0.059063058346509933
RTD,XGBoost,BULMERS,,103.62066650390625,6.838732719421387,0.06599776446819305
RTD,XGBoost,BUZZBALLZ,,3545.555419921875,129.8399200439453,0.036620475351810455
RTD,XGBoost,BUZZBALLZ,,3261.2412109375,99.4926986694336,0.030507616698741913
RTD,XGBoost,BUZZBALLZ,,3897.270751953125,280.9627990722656,0.07209219038486481
RTD,XGBoost,BUZZBALLZ,,5941.7060546875,250.93389892578125,0.042232632637023926
RTD,XGBoost,BUZZBALLZ,,11647.052734375,392.63433837890625,0.03371104598045349
RTD,XGBoost,BUZZBALLZ,,10689.4169921875,805.6831665039062,0.07537204027175903
RTD,XGBoost,CHANDON,,125.7020263671875,7.194601058959961,0.057235363870859146
RTD,XGBoost,CHANDON,,99.9580307006836,11.500515937805176,0.1150534451007843
RTD,XGBoost,CHANDON,,146.04591369628906,6.283264636993408,0.043022528290748596
RTD,XGBoost,CHANDON,,225.5356903076172,16.454097747802734,0.07295563071966171
RTD,XGBoost,CHANDON,,874.5494384765625,172.9925537109375,0.19780762493610382
RTD,XGBoost,CHANDON,,450.1482849121094,33.52505874633789,0.07447558641433716
RTD,XGBoost,CLASSIC COCKTAILS,,179.45498657226562,18.23160743713379,0.10159432142972946
RTD,XGBoost,CLASSIC COCKTAILS,,195.20504760742188,11.059270858764648,0.056654635816812515
RTD,XGBoost,CLASSIC COCKTAILS,,169.9830780029297,11.71193790435791,0.06890060752630234
RTD,XGBoost,CLASSIC COCKTAILS,,236.3933868408203,15.677190780639648,0.06631822884082794
RTD,XGBoost,CLASSIC COCKTAILS,,518.8741455078125,29.87522315979004,0.05757701396942139
RTD,XGBoost,CLASSIC COCKTAILS,,6393.1875,833.5214233398438,0.13037650287151337
RTD,XGBoost,COCKY CRANE,,2.5924086570739746,0.8619484901428223,0.3324894309043884
RTD,XGBoost,COCKY CRANE,,3.429302215576172,0.8214777708053589,0.23954662680625916
RTD,XGBoost,COCKY CRANE,,22.8034610748291,12.017409324645996,0.5269993543624878
RTD,XGBoost,COCKY CRANE,,4.966872215270996,2.268224000930786,0.45667049288749695
RTD,XGBoost,COCKY CRANE,,4.6764373779296875,2.18379282951355,0.46697789430618286
RTD,XGBoost,COCKY CRANE,,0.9297305941581726,0.541019856929779,0.5819103717803955
RTD,XGBoost,COPPA,,24.1373233795166,1.19805109500885,0.049634795635938644
RTD,XGBoost,COPPA,,25.903783798217773,2.2704567909240723,0.0876496210694313
RTD,XGBoost,COPPA,,30.525554656982422,2.332458734512329,0.07641003280878067
RTD,XGBoost,COPPA,,53.088966369628906,4.819723606109619,0.09078578650951385
RTD,XGBoost,COPPA,,47.7094612121582,1.5932385921478271,0.03339460492134094
RTD,XGBoost,COPPA,,26.626638412475586,1.6693227291107178,0.06269370764493942
RTD,XGBoost,CULT MODJO,,1.3498666286468506,0.5776937007904053,0.427963525056839
RTD,XGBoost,CULT MODJO,,0.28143489360809326,0.08393984287977219,0.29825669527053833
RTD,XGBoost,CULT MODJO,,0.028245706111192703,0.04010868817567825,1.419992446899414
RTD,XGBoost,CULT MODJO,,3.9505105018615723,1.0612242221832275,0.26862964034080505
RTD,XGBoost,CULT MODJO,,14.390666007995605,2.613581657409668,0.18161645531654358
RTD,XGBoost,CULT MODJO,,3.713608503341675,1.7713146209716797,0.4769793748855591
RTD,XGBoost,FEJØ,,14.413492202758789,0.8862128257751465,0.06148494780063629
RTD,XGBoost,FEJØ,,7.4156365394592285,0.3835485279560089,0.051721591502428055
RTD,XGBoost,FEJØ,,8.019357681274414,0.6481374502182007,0.08082161843776703
RTD,XGBoost,FEJØ,,7.031379699707031,1.5582818984985352,0.22161822021007538
RTD,XGBoost,FEJØ,,8.56795883178711,1.202999234199524,0.1404067426919937
RTD,XGBoost,FEJØ,,6.155290126800537,0.7153502702713013,0.11621715128421783
RTD,XGBoost,FUNKIN,,1817.517333984375,99.86131286621094,0.05494380369782448
RTD,XGBoost,FUNKIN,,812.4688720703125,156.79595947265625,0.19298703968524933
RTD,XGBoost,FUNKIN,,2192.758056640625,233.8024444580078,0.10662482678890228
RTD,XGBoost,FUNKIN,,1982.916015625,239.8655242919922,0.12096605449914932
RTD,XGBoost,FUNKIN,,2066.79248046875,610.9286499023438,0.29559263586997986
RTD,XGBoost,FUNKIN,,2290.17626953125,331.3841247558594,0.14469808340072632
RTD,XGBoost,G&T,,0.04107547551393509,0.06235959380865097,1.518170952796936
RTD,XGBoost,G&T,,0.005495129618793726,0.015186144970357418,2.7635645866394043
RTD,XGBoost,G&T,,0.01836320012807846,0.014021222479641438,0.7635500431060791
RTD,XGBoost,GALIPETTE,,12.152789115905762,2.133402109146118,0.17554835975170135
RTD,XGBoost,GALIPETTE,,4.372224807739258,0.6427250504493713,0.14700183272361755
RTD,XGBoost,GALIPETTE,,11.056374549865723,1.219318151473999,0.11028191447257996
RTD,XGBoost,GALIPETTE,,14.489013671875,1.4430447816848755,0.09959579259157181
RTD,XGBoost,GALIPETTE,,10.106393814086914,1.8681539297103882,0.18484871089458466
RTD,XGBoost,GALIPETTE,,7.492870330810547,0.8466846346855164,0.11299870163202286
RTD,XGBoost,HAPPY JOE,,280.21734619140625,38.390872955322266,0.13700391352176666
RTD,XGBoost,HAPPY JOE,,70.2350845336914,6.41037654876709,0.09127029031515121
RTD,XGBoost,HAPPY JOE,,77.57621002197266,6.290584087371826,0.081089086830616
RTD,XGBoost,HAPPY JOE,,41.382232666015625,3.89766263961792,0.09418686479330063
RTD,XGBoost,HAPPY JOE,,35.42353057861328,3.0246083736419678,0.08538416028022766
RTD,XGBoost,HAPPY JOE,,23.110754013061523,2.3364691734313965,0.10109878331422806
RTD,XGBoost,IMPRESS,,1.7399675846099854,0.2933155298233032,0.16857528686523438
RTD,XGBoost,IMPRESS,,2.8362040519714355,0.3465670645236969,0.12219398468732834
RTD,XGBoost,IMPRESS,,2.2797012329101562,0.44785967469215393,0.19645541906356812
RTD,XGBoost,IMPRESS,,14.208902359008789,1.7460700273513794,0.12288563698530197
RTD,XGBoost,IMPRESS,,6.180298805236816,0.6073779463768005,0.09827646613121033
RTD,XGBoost,IMPRESS,,5.879781246185303,0.25114503502845764,0.04271332919597626
RTD,XGBoost,LA CHOUETTE,,6.412473201751709,1.1728758811950684,0.1829053908586502
RTD,XGBoost,LA CHOUETTE,,12.387845993041992,2.5711264610290527,0.20755234360694885
RTD,XGBoost,LA CHOUETTE,,3.723175048828125,0.3894297480583191,0.10459614545106888
RTD,XGBoost,LA CHOUETTE,,5.86550760269165,1.0331474542617798,0.1761394739151001
RTD,XGBoost,LA CHOUETTE,,3.6575355529785156,0.5733809471130371,0.15676702558994293
RTD,XGBoost,LA CHOUETTE,,1.7678760290145874,0.24056284129619598,0.136074498295784
RTD,XGBoost,LE COQ,,1.3498666286468506,0.5776937007904053,0.427963525056839
RTD,XGBoost,LE COQ,,0.28143489360809326,0.08393984287977219,0.29825669527053833
RTD,XGBoost,LE COQ,,0.028245706111192703,0.04010868817567825,1.419992446899414
RTD,XGBoost,LE COQ,,0.03130120038986206,0.04538977891206741,1.4500970840454102
RTD,XGBoost,LIME DAIQUIRI,,0.03715343028306961,0.041149891912937164,1.107566475868225
RTD,XGBoost,LIME DAIQUIRI,,0.020825844258069992,0.007956692017614841,0.3820585608482361
RTD,XGBoost,LIME DAIQUIRI,,0.013393739238381386,0.018709193915128708,1.39686119556427
RTD,XGBoost,LIME DAIQUIRI,,0.0010607490548864007,0.008574802428483963,8.083724021911621
RTD,XGBoost,MAGNERS,,4586.318359375,406.82733154296875,0.08870455622673035
RTD,XGBoost,MAGNERS,,5419.62646484375,725.8549194335938,0.13393080234527588
RTD,XGBoost,MAGNERS,,7468.70556640625,506.3901062011719,0.0678015872836113
RTD,XGBoost,MAGNERS,,9842.720703125,425.7384033203125,0.04325413703918457
RTD,XGBoost,MAGNERS,,10518.794921875,524.6915283203125,0.049881335347890854
RTD,XGBoost,MAGNERS,,10219.3974609375,929.173828125,0.09092256426811218
RTD,XGBoost,MALFY,,1.068539023399353,0.6860213279724121,0.6420180201530457
RTD,XGBoost,MALFY,,9.283092498779297,1.1369413137435913,0.12247441709041595
RTD,XGBoost,MALFY,,262.588134765625,128.2534942626953,0.4884207546710968
RTD,XGBoost,MALFY,,21.181365966796875,3.2294540405273438,0.15246674418449402
RTD,XGBoost,MALFY,,4.102163791656494,1.2225497961044312,0.29802557826042175
RTD,XGBoost,MALFY,,4.687236785888672,1.6233121156692505,0.3463260233402252
RTD,XGBoost,MIKROPOLIS COCKTAILS,,3869.16650390625,190.45870971679688,0.04922473803162575
RTD,XGBoost,MIKROPOLIS COCKTAILS,,3770.29052734375,407.3092346191406,0.1080312579870224
RTD,XGBoost,MIKROPOLIS COCKTAILS,,5176.75927734375,377.90240478515625,0.07299980521202087
RTD,XGBoost,MIKROPOLIS COCKTAILS,,6914.43994140625,287.28515625,0.041548579931259155
RTD,XGBoost,MIKROPOLIS COCKTAILS,,9664.8388671875,719.65576171875,0.07446122914552689
RTD,XGBoost,MIKROPOLIS COCKTAILS,,8389.828125,80.64539337158203,0.009612281806766987
RTD,XGBoost,MOJITO,,0.0065790824592113495,0.016392303630709648,2.491579055786133
RTD,XGBoost,MOJITO,,0.020150694996118546,0.02650914527475834,1.3155449628829956
RTD,XGBoost,MOKAÏ,,85755.3671875,4716.669921875,0.055001456290483475
RTD,XGBoost,MOKAÏ,,49068.34375,3833.29443359375,0.07812153548002243
RTD,XGBoost,MOKAÏ,,58330.9140625,5988.51025390625,0.10266443341970444
RTD,XGBoost,MOKAÏ,,76868.078125,7243.63232421875,0.09423459321260452
RTD,XGBoost,MOKAÏ,,64200.875,5236.79931640625,0.08156897127628326
RTD,XGBoost,MOKAÏ,,64477.30078125,5739.1494140625,0.08901038765907288
RTD,XGBoost,NOHRLUND,,156.40835571289062,9.70927906036377,0.062076471745967865
RTD,XGBoost,NOHRLUND,,170.7125244140625,9.805368423461914,0.057437896728515625
RTD,XGBoost,NOHRLUND,,148.26779174804688,11.835545539855957,0.07982546836137772
RTD,XGBoost,NOHRLUND,,161.2214813232422,13.759025573730469,0.08534238487482071
RTD,XGBoost,NOHRLUND,,177.74266052246094,14.077433586120605,0.07920120656490326
RTD,XGBoost,NOHRLUND,,105.88287353515625,9.596963882446289,0.09063754975795746
RTD,XGBoost,NORDIC BY NATURE,,22.894229888916016,1.9086207151412964,0.08336688578128815
RTD,XGBoost,NORDIC BY NATURE,,30.08888816833496,2.205782175064087,0.07330886274576187
RTD,XGBoost,NORDIC BY NATURE,,15.593267440795898,2.6594104766845703,0.17054863274097443
RTD,XGBoost,NORDIC BY NATURE,,37.85055923461914,3.118624687194824,0.0823930948972702
RTD,XGBoost,NORDIC BY NATURE,,27.293502807617188,2.1708271503448486,0.07953640818595886
RTD,XGBoost,NORDIC BY NATURE,,21.024362564086914,1.2938209772109985,0.06153912842273712
RTD,XGBoost,NORTH OAK,,748.3330078125,78.22002410888672,0.10452569276094437
RTD,XGBoost,NORTH OAK,,756.3240966796875,204.030517578125,0.2697660028934479
RTD,XGBoost,NORTH OAK,,537.7471923828125,164.43084716796875,0.3057772219181061
RTD,XGBoost,NORTH OAK,,5181.701171875,396.79925537109375,0.07657702267169952
RTD,XGBoost,NORTH OAK,,5569.09765625,469.70159912109375,0.08434069901704788
RTD,XGBoost,NORTH OAK,,4491.3779296875,336.6208801269531,0.07494824379682541
RTD,XGBoost,NYBORG DISTILLERY,,4.63446569442749,1.0416202545166016,0.224755197763443
RTD,XGBoost,NYBORG DISTILLERY,,1.4826444387435913,0.1961655467748642,0.13230788707733154
RTD,XGBoost,NYBORG DISTILLERY,,2.3341095447540283,0.14359380304813385,0.06151973456144333
RTD,XGBoost,NYBORG DISTILLERY,,1.3932294845581055,0.3119446635246277,0.2239004224538803
RTD,XGBoost,NYBORG DISTILLERY,,4.698514938354492,0.35255131125450134,0.07503462582826614
RTD,XGBoost,NYBORG DISTILLERY,,1.8730134963989258,0.11739847809076309,0.06267892569303513
RTD,XGBoost,NØRREBRO,,172.5703887939453,5.362605571746826,0.0310748890042305
RTD,XGBoost,NØRREBRO,,210.55569458007812,11.779050827026367,0.055942684412002563
RTD,XGBoost,NØRREBRO,,205.39169311523438,9.584671974182129,0.04666533321142197
RTD,XGBoost,NØRREBRO,,225.9716033935547,11.493765830993652,0.05086376145482063
RTD,XGBoost,NØRREBRO,,268.35357666015625,28.767417907714844,0.10719968378543854
RTD,XGBoost,NØRREBRO,,168.9228515625,10.67473316192627,0.0631929486989975
RTD,XGBoost,OTHER BRAND,,0.1834510713815689,0.16001322865486145,0.8722392916679382
RTD,XGBoost,OTHER BRAND,,0.04724235087633133,0.11823204159736633,2.5026705265045166
RTD,XGBoost,OTHER BRAND,,0.11407472938299179,0.08801549673080444,0.77156001329422
RTD,XGBoost,PALLINI,,469.8660583496094,48.72576141357422,0.1037013828754425
RTD,XGBoost,PALLINI,,688.4352416992188,56.90301513671875,0.08265557885169983
RTD,XGBoost,PALLINI,,859.6744384765625,73.3958511352539,0.0853763297200203
RTD,XGBoost,PALLINI,,341.4230651855469,24.28330421447754,0.07112379372119904
RTD,XGBoost,PALLINI,,247.1389617919922,22.332504272460938,0.09036415815353394
RTD,XGBoost,PALLINI,,286.52593994140625,39.981441497802734,0.13953864574432373
RTD,XGBoost,PALOMA (ISH),,0.16106292605400085,0.11671174317598343,0.7246344685554504
RTD,XGBoost,PALOMA (ISH),,0.04360692948102951,0.029719967395067215,0.6815423369407654
RTD,XGBoost,PALOMA (ISH),,0.057455867528915405,0.0362505279481411,0.6309282183647156
RTD,XGBoost,PALOMA (ISH),,0.13117142021656036,0.05967776104807854,0.45496007800102234
RTD,XGBoost,PUNCH! CLUB,,7981.26318359375,502.1143493652344,0.06291163712739944
RTD,XGBoost,PUNCH! CLUB,,6111.099609375,421.9141540527344,0.06904062628746033
RTD,XGBoost,PUNCH! CLUB,,6500.66552734375,434.9873962402344,0.06691429018974304
RTD,XGBoost,PUNCH! CLUB,,7367.18359375,505.8702697753906,0.06866535544395447
RTD,XGBoost,PUNCH! CLUB,,10779.5400390625,451.64044189453125,0.041897933930158615
RTD,XGBoost,PUNCH! CLUB,,11201.947265625,494.1997985839844,0.044117312878370285
RTD,XGBoost,RAW CIDER,,29.129810333251953,17.499067306518555,0.6007271409034729
RTD,XGBoost,RAW CIDER,,8.017379760742188,4.410064220428467,0.5500630140304565
RTD,XGBoost,RAW CIDER,,2.0480213165283203,0.6100857257843018,0.297890305519104
RTD,XGBoost,RAW CIDER,,0.31864112615585327,0.3012087047100067,0.9452913403511047
RTD,XGBoost,RAW CIDER,,0.25608566403388977,0.17397333681583405,0.679356038570404
RTD,XGBoost,RAW CIDER,,0.17473170161247253,0.10221521556377411,0.5849838256835938
RTD,XGBoost,READY TO DRINK,,46622.11328125,1987.7166748046875,0.04263463243842125
RTD,XGBoost,READY TO DRINK,,43633.69140625,1836.7628173828125,0.04209505766630173
RTD,XGBoost,READY TO DRINK,,64417.3125,4673.95703125,0.0725574642419815
RTD,XGBoost,READY TO DRINK,,99092.296875,5310.984375,0.053596340119838715
RTD,XGBoost,READY TO DRINK,,108922.015625,1396.9378662109375,0.01282511930912733
RTD,XGBoost,READY TO DRINK,,120665.140625,9633.0625,0.0798330157995224
RTD,XGBoost,REKORDERLIG,,126.59273529052734,10.949117660522461,0.08649088442325592
RTD,XGBoost,REKORDERLIG,,139.23306274414062,11.946599006652832,0.08580289036035538
RTD,XGBoost,REKORDERLIG,,234.70541381835938,13.884700775146484,0.05915798991918564
RTD,XGBoost,REKORDERLIG,,274.00872802734375,17.385778427124023,0.06344972550868988
RTD,XGBoost,REKORDERLIG,,546.2352294921875,56.51116943359375,0.10345573723316193
RTD,XGBoost,REKORDERLIG,,454.16375732421875,23.15826416015625,0.0509909987449646
RTD,XGBoost,SHAKER,,665587.375,33234.34765625,0.04993236064910889
RTD,XGBoost,SHAKER,,582825.75,18634.05859375,0.031971920281648636
RTD,XGBoost,SHAKER,,448581.84375,18929.8125,0.04219923913478851
RTD,XGBoost,SHAKER,,800585.625,79349.4921875,0.0991143137216568
RTD,XGBoost,SHAKER,,1279176.375,28083.61328125,0.021954448893666267
RTD,XGBoost,SHAKER,,728119.3125,14415.7568359375,0.01979861967265606
RTD,XGBoost,SHEPPYS,,139.5162811279297,8.006819725036621,0.05738985911011696
RTD,XGBoost,SHEPPYS,,110.38603210449219,5.127427577972412,0.046449966728687286
RTD,XGBoost,SHEPPYS,,119.32661437988281,5.190549850463867,0.043498676270246506
RTD,XGBoost,SHEPPYS,,111.65767669677734,2.8996965885162354,0.025969522073864937
RTD,XGBoost,SHEPPYS,,165.94117736816406,12.12333869934082,0.07305804640054703
RTD,XGBoost,SHEPPYS,,154.1570587158203,10.963985443115234,0.0711221769452095
RTD,XGBoost,SIR. JAMES 101,,1468.0679931640625,300.24365234375,0.20451617240905762
RTD,XGBoost,SIR. JAMES 101,,874.7869262695312,293.6645812988281,0.3356984257698059
RTD,XGBoost,SIR. JAMES 101,,858.6559448242188,83.87580871582031,0.09768267720937729
RTD,XGBoost,SIR. JAMES 101,,1754.2535400390625,98.183349609375,0.05596873536705971
RTD,XGBoost,SIR. JAMES 101,,2858.358642578125,159.6761016845703,0.05586286634206772
RTD,XGBoost,SIR. JAMES 101,,5746.751953125,1635.447265625,0.2845863699913025
RTD,XGBoost,SJUSS,,38.69922637939453,4.080406665802002,0.1054389700293541
RTD,XGBoost,SJUSS,,66.57305908203125,5.636757850646973,0.08467025309801102
RTD,XGBoost,SJUSS,,27.2266902923584,2.8319404125213623,0.10401339083909988
RTD,XGBoost,SJUSS,,27.349628448486328,6.642302513122559,0.24286627769470215
RTD,XGBoost,SJUSS,,7.33957576751709,1.2773113250732422,0.17403067648410797
RTD,XGBoost,SJUSS,,8.339437484741211,1.889606237411499,0.22658677399158478
RTD,XGBoost,SKÆRSØGAARD,,3.7745044231414795,0.8974288105964661,0.23776069283485413
RTD,XGBoost,SKÆRSØGAARD,,2.8274588584899902,0.6285046339035034,0.22228604555130005
RTD,XGBoost,SKÆRSØGAARD,,3.198822021484375,0.6657092571258545,0.2081107497215271
RTD,XGBoost,SKÆRSØGAARD,,2.4843204021453857,0.42554017901420593,0.17129038274288177
RTD,XGBoost,SKÆRSØGAARD,,2.5524604320526123,0.567499577999115,0.22233432531356812
RTD,XGBoost,SKÆRSØGAARD,,1.8672065734863281,0.487374484539032,0.26101797819137573
RTD,XGBoost,SMIRNOFF,,286.16534423828125,10.786606788635254,0.03769361600279808
RTD,XGBoost,SMIRNOFF,,249.74899291992188,15.261453628540039,0.06110716611146927
RTD,XGBoost,SMIRNOFF,,288.2879333496094,13.964458465576172,0.04843927547335625
RTD,XGBoost,SMIRNOFF,,467.63311767578125,33.4567985534668,0.07154497504234314
RTD,XGBoost,SMIRNOFF,,6622.203125,1091.9320068359375,0.16488954424858093
RTD,XGBoost,SMIRNOFF,,6979.24755859375,1148.63525390625,0.1645786613225937
RTD,XGBoost,SMIRNOFF ICE/TWISTED,,628538.25,29646.435546875,0.047167275100946426
RTD,XGBoost,SMIRNOFF ICE/TWISTED,,300179.15625,33882.36328125,0.11287380754947662
RTD,XGBoost,SMIRNOFF ICE/TWISTED,,423588.65625,22813.005859375,0.0538565069437027
RTD,XGBoost,SMIRNOFF ICE/TWISTED,,783242.5625,38815.84765625,0.0495578870177269
RTD,XGBoost,SMIRNOFF ICE/TWISTED,,1303321.5,76566.2109375,0.05874698609113693
RTD,XGBoost,SMIRNOFF ICE/TWISTED,,849516.0,28107.744140625,0.03308677300810814
RTD,XGBoost,SMÅ,,0.4465416371822357,0.1251818984746933,0.2803364396095276
RTD,XGBoost,SMÅ,,0.7397372126579285,0.34006762504577637,0.4597140848636627
RTD,XGBoost,SMÅ,,0.9224293828010559,0.2980375289916992,0.32310065627098083
RTD,XGBoost,SMÅ,,5.105326175689697,1.717363715171814,0.33638668060302734
RTD,XGBoost,SMÅ,,0.3118293285369873,0.06012975797057152,0.19282907247543335
RTD,XGBoost,SMÅ,,0.09363631904125214,0.11020717024803162,1.176970362663269
RTD,XGBoost,SOMERSBY,,152037.5,8027.36669921875,0.052798595279455185
RTD,XGBoost,SOMERSBY,,107706.5625,7489.5947265625,0.06953703612089157
RTD,XGBoost,SOMERSBY,,147786.796875,12723.666015625,0.08609474450349808
RTD,XGBoost,SOMERSBY,,246063.546875,11121.3486328125,0.04519705846905708
RTD,XGBoost,SOMERSBY,,419132.0,19863.267578125,0.047391436994075775
RTD,XGBoost,SOMERSBY,,278035.90625,17663.837890625,0.06353078037500381
RTD,XGBoost,SPIRIT GARDEN,,186.61607360839844,12.216217994689941,0.06546176970005035
RTD,XGBoost,SPIRIT GARDEN,,176.6265106201172,14.819222450256348,0.08390146493911743
RTD,XGBoost,SPIRIT GARDEN,,175.5919952392578,6.336489677429199,0.03608643636107445
RTD,XGBoost,SPIRIT GARDEN,,173.67239379882812,8.653183937072754,0.049824751913547516
RTD,XGBoost,SPIRIT GARDEN,,278.28900146484375,62.89433288574219,0.22600366175174713
RTD,XGBoost,SPIRIT GARDEN,,277.74395751953125,14.516544342041016,0.05226592347025871
RTD,XGBoost,SPRITZ,,0.015415283851325512,0.039305027574300766,2.549743890762329
RTD,XGBoost,SPRITZ,,0.0010414011776447296,0.027750132605433464,26.64691925048828
RTD,XGBoost,SPRITZ,,0.03508665785193443,0.039695318788290024,1.1313507556915283
RTD,XGBoost,STOWFORD PRESS,,789.3172607421875,68.1208724975586,0.08630353957414627
RTD,XGBoost,STOWFORD PRESS,,1428.927978515625,96.32432556152344,0.06741020083427429
RTD,XGBoost,STOWFORD PRESS,,494.84674072265625,49.830894470214844,0.10069964826107025
RTD,XGBoost,STOWFORD PRESS,,685.218994140625,76.28665924072266,0.11133179068565369
RTD,XGBoost,STOWFORD PRESS,,586.21875,48.42063522338867,0.0825982391834259
RTD,XGBoost,STOWFORD PRESS,,533.7890014648438,41.98170471191406,0.07864850014448166
RTD,XGBoost,STRONGBOW,,15.56646728515625,3.0278422832489014,0.1945105642080307
RTD,XGBoost,STRONGBOW,,64.79448699951172,4.369391918182373,0.06743462383747101
RTD,XGBoost,STRONGBOW,,453.11468505859375,85.4271240234375,0.18853311240673065
RTD,XGBoost,STRONGBOW,,1042.85986328125,301.428955078125,0.2890407145023346
RTD,XGBoost,STRONGBOW,,1283.624755859375,182.7596435546875,0.14237777888774872
RTD,XGBoost,STRONGBOW,,2460.233642578125,448.16534423828125,0.18216373026371002
RTD,XGBoost,TANQUERAY,,3170.211181640625,339.39959716796875,0.10705898702144623
RTD,XGBoost,TANQUERAY,,4113.0888671875,290.2939147949219,0.07057808339595795
RTD,XGBoost,TANQUERAY,,4026.19189453125,187.02725219726562,0.04645264148712158
RTD,XGBoost,TANQUERAY,,5803.77197265625,577.5145263671875,0.09950675815343857
RTD,XGBoost,TANQUERAY,,4655.51806640625,908.04736328125,0.1950475424528122
RTD,XGBoost,TANQUERAY,,4029.624267578125,277.1333312988281,0.06877398490905762
RTD,XGBoost,THATCHERS,,209.9276580810547,10.10843563079834,0.04815199598670006
RTD,XGBoost,THATCHERS,,168.04751586914062,29.364362716674805,0.17473845183849335
RTD,XGBoost,THATCHERS,,207.5247802734375,16.4193172454834,0.07911979407072067
RTD,XGBoost,THATCHERS,,222.35134887695312,13.417440414428711,0.0603434182703495
RTD,XGBoost,THATCHERS,,397.67791748046875,15.934078216552734,0.04006779566407204
RTD,XGBoost,THATCHERS,,345.332275390625,13.535561561584473,0.03919576108455658
RTD,XGBoost,THE COCKTAIL FACTORY,,18.171649932861328,3.4591593742370605,0.19036021828651428
RTD,XGBoost,THE COCKTAIL FACTORY,,39.03755569458008,7.016596794128418,0.17973965406417847
RTD,XGBoost,THE COCKTAIL FACTORY,,22.209243774414062,1.2197670936584473,0.05492159351706505
RTD,XGBoost,THE COCKTAIL FACTORY,,10.171722412109375,0.9736310243606567,0.09571938961744308
RTD,XGBoost,THE COCKTAIL FACTORY,,2.6950602531433105,0.21680058538913727,0.08044368773698807
RTD,XGBoost,THE COCKTAIL FACTORY,,2.601685047149658,0.6339828372001648,0.2436816245317459
RTD,XGBoost,WESTONS,,157.80091857910156,8.358070373535156,0.0529659166932106
RTD,XGBoost,WESTONS,,194.93972778320312,8.311633110046387,0.042636938393116
RTD,XGBoost,WESTONS,,165.00323486328125,5.864567756652832,0.035542137920856476
RTD,XGBoost,WESTONS,,168.79928588867188,12.133049011230469,0.07187855988740921
RTD,XGBoost,WESTONS,,257.5426330566406,9.93055534362793,0.038558878004550934
RTD,XGBoost,WESTONS,,204.49058532714844,10.658244132995605,0.05212095379829407
RTD,XGBoost,ÆBLEROV,,18.792184829711914,1.4778915643692017,0.07864394783973694
RTD,XGBoost,ÆBLEROV,,12.052021980285645,2.244591236114502,0.18624188005924225
RTD,XGBoost,ÆBLEROV,,4.3466105461120605,0.419275164604187,0.0964602530002594
RTD,XGBoost,ÆBLEROV,,5.617632865905762,0.5257406830787659,0.09358758479356766
RTD,XGBoost,ÆBLEROV,,4.88546895980835,0.823771595954895,0.16861668229103088
RTD,XGBoost,ÆBLEROV,,4.086365699768066,0.8876640200614929,0.2172257900238037
