category,model,tuned_for,trial,value,best
CSD,LightGBM,wmape,0,21.196808657455673,21.196808657455673
CSD,LightGBM,wmape,1,22.208146891823567,21.196808657455673
CSD,LightGBM,wmape,2,18.182968135827604,18.182968135827604
CSD,LightGBM,wmape,3,17.580073208284155,17.580073208284155
CSD,LightGBM,wmape,4,19.640672308357573,17.580073208284155
CSD,LightGBM,wmape,5,33.985387247901414,17.580073208284155
CSD,LightGBM,wmape,6,19.999748807915964,17.580073208284155
CSD,LightGBM,wmape,7,21.184936493194662,17.580073208284155
CSD,LightGBM,wmape,8,27.525950165097726,17.580073208284155
CSD,LightGBM,wmape,9,18.089024193919776,17.580073208284155
CSD,LightGBM,wmape,10,18.422697848429742,17.580073208284155
CSD,LightGBM,wmape,11,17.39602102967978,17.39602102967978
CSD,LightGBM,wmape,12,18.305993090681213,17.39602102967978
CSD,LightGBM,wmape,13,17.989726152438678,17.39602102967978
CSD,LightGBM,wmape,14,17.24843881119966,17.24843881119966
CSD,LightGBM,wmape,15,18.357909860131226,17.24843881119966
CSD,LightGBM,wmape,16,18.182421402190865,17.24843881119966
CSD,LightGBM,wmape,17,19.200536272777747,17.24843881119966
CSD,LightGBM,wmape,18,17.414090098674976,17.24843881119966
CSD,LightGBM,wmape,19,17.615433134019753,17.24843881119966
CSD,LightGBM,wmape,20,17.484368830406083,17.24843881119966
CSD,LightGBM,wmape,21,17.314236888620453,17.24843881119966
CSD,LightGBM,wmape,22,19.421187955526687,17.24843881119966
CSD,LightGBM,wmape,23,17.66139258407046,17.24843881119966
CSD,LightGBM,wmape,24,19.859063248592808,17.24843881119966
CSD,LightGBM,wmape,25,18.10139887196196,17.24843881119966
CSD,LightGBM,wmape,26,18.532393223466315,17.24843881119966
CSD,LightGBM,wmape,27,17.51407160057585,17.24843881119966
CSD,LightGBM,wmape,28,20.184170783296565,17.24843881119966
CSD,LightGBM,wmape,29,17.717114401808608,17.24843881119966
CSD,LightGBM,wmape,30,18.49833249959537,17.24843881119966
CSD,LightGBM,wmape,31,17.301842005093505,17.24843881119966
CSD,LightGBM,wmape,32,17.778403499237584,17.24843881119966
CSD,LightGBM,wmape,33,18.076836320693772,17.24843881119966
CSD,LightGBM,wmape,34,18.002871592822082,17.24843881119966
CSD,LightGBM,wmape,35,21.41586429883551,17.24843881119966
CSD,LightGBM,wmape,36,18.61380665829341,17.24843881119966
CSD,LightGBM,wmape,37,17.697717766523834,17.24843881119966
CSD,LightGBM,wmape,38,19.691462614113235,17.24843881119966
CSD,LightGBM,wmape,39,17.217915620359527,17.217915620359527
CSD,LightGBM,wmape,40,18.09181650217458,17.217915620359527
CSD,LightGBM,wmape,41,17.595787279476497,17.217915620359527
CSD,LightGBM,wmape,42,18.109564569399303,17.217915620359527
CSD,LightGBM,wmape,43,18.226079998098143,17.217915620359527
CSD,LightGBM,wmape,44,18.104121666073922,17.217915620359527
CSD,LightGBM,wmape,45,17.89506017102392,17.217915620359527
CSD,LightGBM,wmape,46,30.145910970811315,17.217915620359527
CSD,LightGBM,wmape,47,27.292233569939523,17.217915620359527
CSD,LightGBM,wmape,48,18.446365847811148,17.217915620359527
CSD,LightGBM,wmape,49,18.35527293208702,17.217915620359527
CSD,LightGBM,wmape,50,17.83842116722183,17.217915620359527
CSD,LightGBM,wmape,51,17.308355793962654,17.217915620359527
CSD,LightGBM,wmape,52,17.663379731052636,17.217915620359527
CSD,LightGBM,wmape,53,17.59191889307902,17.217915620359527
CSD,LightGBM,wmape,54,18.43625409819542,17.217915620359527
CSD,LightGBM,wmape,55,17.65603403123966,17.217915620359527
CSD,LightGBM,wmape,56,19.841287367834134,17.217915620359527
CSD,LightGBM,wmape,57,17.365831804559964,17.217915620359527
CSD,LightGBM,wmape,58,17.184613900096217,17.184613900096217
CSD,LightGBM,wmape,59,18.216849620892063,17.184613900096217
CSD,LightGBM,wmape,60,17.418279654637384,17.184613900096217
CSD,LightGBM,wmape,61,17.520286866432276,17.184613900096217
CSD,LightGBM,wmape,62,17.757809774238147,17.184613900096217
CSD,LightGBM,wmape,63,18.086343542661453,17.184613900096217
CSD,LightGBM,wmape,64,18.295240124577816,17.184613900096217
CSD,LightGBM,wmape,65,17.39936510412213,17.184613900096217
CSD,LightGBM,wmape,66,17.681457200439677,17.184613900096217
CSD,LightGBM,wmape,67,17.75876607126989,17.184613900096217
CSD,LightGBM,wmape,68,18.25203916606297,17.184613900096217
CSD,LightGBM,wmape,69,17.43424060201802,17.184613900096217
CSD,LightGBM,wmape,70,17.930887742602692,17.184613900096217
CSD,LightGBM,wmape,71,17.520972998476527,17.184613900096217
CSD,LightGBM,wmape,72,17.65949128665089,17.184613900096217
CSD,LightGBM,wmape,73,17.91905091530562,17.184613900096217
CSD,LightGBM,wmape,74,17.863369291403803,17.184613900096217
CSD,LightGBM,wmape,75,17.821586004134783,17.184613900096217
CSD,LightGBM,wmape,76,17.445619508350735,17.184613900096217
CSD,LightGBM,wmape,77,17.95806437161649,17.184613900096217
CSD,LightGBM,wmape,78,17.654676674179736,17.184613900096217
CSD,LightGBM,wmape,79,18.861348276306877,17.184613900096217
CSD,LightGBM,wmape,80,17.10616051742831,17.10616051742831
CSD,LightGBM,wmape,81,17.076980156718527,17.076980156718527
CSD,LightGBM,wmape,82,17.35944388773771,17.076980156718527
CSD,LightGBM,wmape,83,17.07079762810511,17.07079762810511
CSD,LightGBM,wmape,84,17.55378208373486,17.07079762810511
CSD,LightGBM,wmape,85,17.55724210604334,17.07079762810511
CSD,LightGBM,wmape,86,17.343094675887098,17.07079762810511
CSD,LightGBM,wmape,87,17.355586035292276,17.07079762810511
CSD,LightGBM,wmape,88,17.35021683073898,17.07079762810511
CSD,LightGBM,wmape,89,18.058291232244056,17.07079762810511
CSD,LightGBM,wmape,90,17.454177371650623,17.07079762810511
CSD,LightGBM,wmape,91,17.13678430377878,17.07079762810511
CSD,LightGBM,wmape,92,17.22538794779953,17.07079762810511
CSD,LightGBM,wmape,93,17.09209795785052,17.07079762810511
CSD,LightGBM,wmape,94,17.269122452583254,17.07079762810511
CSD,LightGBM,wmape,95,17.472414369058598,17.07079762810511
CSD,LightGBM,wmape,96,17.45080452096268,17.07079762810511
CSD,LightGBM,wmape,97,17.249763362269974,17.07079762810511
CSD,LightGBM,wmape,98,17.09132204172031,17.07079762810511
CSD,LightGBM,wmape,99,17.02635262586415,17.02635262586415
CSD,LightGBM,medmape,0,38.260533681694554,38.260533681694554
CSD,LightGBM,medmape,1,38.058102482409765,38.058102482409765
CSD,LightGBM,medmape,2,33.40846256515904,33.40846256515904
CSD,LightGBM,medmape,3,32.805470187220656,32.805470187220656
CSD,LightGBM,medmape,4,38.14838400676253,32.805470187220656
CSD,LightGBM,medmape,5,35.66181841725951,32.805470187220656
CSD,LightGBM,medmape,6,32.219021082954924,32.219021082954924
CSD,LightGBM,medmape,7,36.4377133943563,32.219021082954924
CSD,LightGBM,medmape,8,35.194946120900624,32.219021082954924
CSD,LightGBM,medmape,9,36.300937498935134,32.219021082954924
CSD,LightGBM,medmape,10,37.07456812783586,32.219021082954924
CSD,LightGBM,medmape,11,32.999006998257066,32.219021082954924
CSD,LightGBM,medmape,12,33.81847574057714,32.219021082954924
CSD,LightGBM,medmape,13,32.030414278769136,32.030414278769136
CSD,LightGBM,medmape,14,32.28445086828782,32.030414278769136
CSD,LightGBM,medmape,15,32.08808596904016,32.030414278769136
CSD,LightGBM,medmape,16,35.36514543355702,32.030414278769136
CSD,LightGBM,medmape,17,34.44085889925147,32.030414278769136
CSD,LightGBM,medmape,18,31.789278617268298,31.789278617268298
CSD,LightGBM,medmape,19,32.07060167949057,31.789278617268298
CSD,LightGBM,medmape,20,34.570073384600974,31.789278617268298
CSD,LightGBM,medmape,21,31.29612790421919,31.29612790421919
CSD,LightGBM,medmape,22,33.14959192867827,31.29612790421919
CSD,LightGBM,medmape,23,32.10634482106399,31.29612790421919
CSD,LightGBM,medmape,24,32.79693232001368,31.29612790421919
CSD,LightGBM,medmape,25,32.640923226881306,31.29612790421919
CSD,LightGBM,medmape,26,33.37201317664514,31.29612790421919
CSD,LightGBM,medmape,27,33.31384734931965,31.29612790421919
CSD,LightGBM,medmape,28,37.63617057461862,31.29612790421919
CSD,LightGBM,medmape,29,36.0326344756336,31.29612790421919
CSD,LightGBM,medmape,30,32.15038743869125,31.29612790421919
CSD,LightGBM,medmape,31,33.2052545076624,31.29612790421919
CSD,LightGBM,medmape,32,33.22265120977432,31.29612790421919
CSD,LightGBM,medmape,33,31.72471039323584,31.29612790421919
CSD,LightGBM,medmape,34,31.144252576716823,31.144252576716823
CSD,LightGBM,medmape,35,32.104643700819366,31.144252576716823
CSD,LightGBM,medmape,36,31.686821059855397,31.144252576716823
CSD,LightGBM,medmape,37,31.1418235785415,31.1418235785415
CSD,LightGBM,medmape,38,33.99514437713993,31.1418235785415
CSD,LightGBM,medmape,39,32.02361539540671,31.1418235785415
CSD,LightGBM,medmape,40,31.17908022666657,31.1418235785415
CSD,LightGBM,medmape,41,31.254667372397435,31.1418235785415
CSD,LightGBM,medmape,42,31.671525626852755,31.1418235785415
CSD,LightGBM,medmape,43,32.32689744920741,31.1418235785415
CSD,LightGBM,medmape,44,39.05961628781739,31.1418235785415
CSD,LightGBM,medmape,45,31.336184310085997,31.1418235785415
CSD,LightGBM,medmape,46,31.48092682608815,31.1418235785415
CSD,LightGBM,medmape,47,32.736216595531126,31.1418235785415
CSD,LightGBM,medmape,48,33.07084600493933,31.1418235785415
CSD,LightGBM,medmape,49,32.715212467948675,31.1418235785415
CSD,LightGBM,medmape,50,31.87520995441618,31.1418235785415
CSD,LightGBM,medmape,51,32.11563331920655,31.1418235785415
CSD,LightGBM,medmape,52,33.27788010893971,31.1418235785415
CSD,LightGBM,medmape,53,31.682284965069044,31.1418235785415
CSD,LightGBM,medmape,54,31.45490790978493,31.1418235785415
CSD,LightGBM,medmape,55,31.84880017546494,31.1418235785415
CSD,LightGBM,medmape,56,34.691246744767696,31.1418235785415
CSD,LightGBM,medmape,57,33.055920823539694,31.1418235785415
CSD,LightGBM,medmape,58,34.592243810079395,31.1418235785415
CSD,LightGBM,medmape,59,32.308715133016484,31.1418235785415
CSD,LightGBM,medmape,60,32.32024351186444,31.1418235785415
CSD,LightGBM,medmape,61,31.52519224758212,31.1418235785415
CSD,LightGBM,medmape,62,32.88162685585038,31.1418235785415
CSD,LightGBM,medmape,63,32.90446371284017,31.1418235785415
CSD,LightGBM,medmape,64,32.6346233480829,31.1418235785415
CSD,LightGBM,medmape,65,32.87894215452173,31.1418235785415
CSD,LightGBM,medmape,66,33.09274679393117,31.1418235785415
CSD,LightGBM,medmape,67,32.90213892914044,31.1418235785415
CSD,LightGBM,medmape,68,34.81024889701742,31.1418235785415
CSD,LightGBM,medmape,69,32.66623423409311,31.1418235785415
CSD,LightGBM,medmape,70,37.43149186646766,31.1418235785415
CSD,LightGBM,medmape,71,32.25661701477724,31.1418235785415
CSD,LightGBM,medmape,72,33.384111491042454,31.1418235785415
CSD,LightGBM,medmape,73,31.44517990229639,31.1418235785415
CSD,LightGBM,medmape,74,32.695321767703724,31.1418235785415
CSD,LightGBM,medmape,75,32.271972806503314,31.1418235785415
CSD,LightGBM,medmape,76,32.501343061582084,31.1418235785415
CSD,LightGBM,medmape,77,32.464866454306375,31.1418235785415
CSD,LightGBM,medmape,78,32.22082704122096,31.1418235785415
CSD,LightGBM,medmape,79,36.03022262991652,31.1418235785415
CSD,LightGBM,medmape,80,33.29667484637985,31.1418235785415
CSD,LightGBM,medmape,81,31.175059609806606,31.1418235785415
CSD,LightGBM,medmape,82,31.527401376367116,31.1418235785415
CSD,LightGBM,medmape,83,31.904223820150364,31.1418235785415
CSD,LightGBM,medmape,84,33.888025802204815,31.1418235785415
CSD,LightGBM,medmape,85,32.508978308064115,31.1418235785415
CSD,LightGBM,medmape,86,33.2129915378579,31.1418235785415
CSD,LightGBM,medmape,87,32.10715416227223,31.1418235785415
CSD,LightGBM,medmape,88,33.75874895490382,31.1418235785415
CSD,LightGBM,medmape,89,33.57706435577559,31.1418235785415
CSD,LightGBM,medmape,90,31.274923806113318,31.1418235785415
CSD,LightGBM,medmape,91,31.737434271310597,31.1418235785415
CSD,LightGBM,medmape,92,32.28640907646625,31.1418235785415
CSD,LightGBM,medmape,93,30.984917666593415,30.984917666593415
CSD,LightGBM,medmape,94,32.248670712531585,30.984917666593415
CSD,LightGBM,medmape,95,31.692804069255846,30.984917666593415
CSD,LightGBM,medmape,96,32.072144967759684,30.984917666593415
CSD,LightGBM,medmape,97,31.895496785526543,30.984917666593415
CSD,LightGBM,medmape,98,31.354613746303396,30.984917666593415
CSD,LightGBM,medmape,99,33.49915835926728,30.984917666593415
CSD,XGBoost,wmape,0,16.693011996191892,16.693011996191892
CSD,XGBoost,wmape,1,17.379987513273036,16.693011996191892
CSD,XGBoost,wmape,2,17.961043957580408,16.693011996191892
CSD,XGBoost,wmape,3,17.38739180899028,16.693011996191892
CSD,XGBoost,wmape,4,18.220913315159343,16.693011996191892
CSD,XGBoost,wmape,5,18.056142797979533,16.693011996191892
CSD,XGBoost,wmape,6,17.413544266101137,16.693011996191892
CSD,XGBoost,wmape,7,17.708900093018478,16.693011996191892
CSD,XGBoost,wmape,8,17.31808050568959,16.693011996191892
CSD,XGBoost,wmape,9,18.780018261892252,16.693011996191892
CSD,XGBoost,wmape,10,16.899655760777406,16.693011996191892
CSD,XGBoost,wmape,11,16.60898800819211,16.60898800819211
CSD,XGBoost,wmape,12,17.12420540256381,16.60898800819211
CSD,XGBoost,wmape,13,17.386195397360133,16.60898800819211
CSD,XGBoost,wmape,14,16.688636218166508,16.60898800819211
CSD,XGBoost,wmape,15,16.23799887932215,16.23799887932215
CSD,XGBoost,wmape,16,16.953405994445507,16.23799887932215
CSD,XGBoost,wmape,17,16.940138973908653,16.23799887932215
CSD,XGBoost,wmape,18,16.557531467695377,16.23799887932215
CSD,XGBoost,wmape,19,17.5741204657945,16.23799887932215
CSD,XGBoost,wmape,20,16.500867259899948,16.23799887932215
CSD,XGBoost,wmape,21,16.67305976167476,16.23799887932215
CSD,XGBoost,wmape,22,17.00633502289972,16.23799887932215
CSD,XGBoost,wmape,23,17.09602852599753,16.23799887932215
CSD,XGBoost,wmape,24,16.931123882413065,16.23799887932215
CSD,XGBoost,wmape,25,17.03326322161695,16.23799887932215
CSD,XGBoost,wmape,26,16.796376410946504,16.23799887932215
CSD,XGBoost,wmape,27,16.555034306854264,16.23799887932215
CSD,XGBoost,wmape,28,16.380565006131686,16.23799887932215
CSD,XGBoost,wmape,29,16.788188449817447,16.23799887932215
CSD,XGBoost,wmape,30,16.423632852385694,16.23799887932215
CSD,XGBoost,wmape,31,16.863382550535476,16.23799887932215
CSD,XGBoost,wmape,32,16.63375852713979,16.23799887932215
CSD,XGBoost,wmape,33,16.654486647376928,16.23799887932215
CSD,XGBoost,wmape,34,17.422437619441897,16.23799887932215
CSD,XGBoost,wmape,35,16.677035140270284,16.23799887932215
CSD,XGBoost,wmape,36,16.89420115257798,16.23799887932215
CSD,XGBoost,wmape,37,17.53184914449739,16.23799887932215
CSD,XGBoost,wmape,38,17.040645535573578,16.23799887932215
CSD,XGBoost,wmape,39,17.70019016038965,16.23799887932215
CSD,XGBoost,wmape,40,18.26692464833719,16.23799887932215
CSD,XGBoost,wmape,41,16.66835569382792,16.23799887932215
CSD,XGBoost,wmape,42,16.971873716152032,16.23799887932215
CSD,XGBoost,wmape,43,17.3815670826017,16.23799887932215
CSD,XGBoost,wmape,44,16.778823012249227,16.23799887932215
CSD,XGBoost,wmape,45,16.999253422184726,16.23799887932215
CSD,XGBoost,wmape,46,17.520399283247073,16.23799887932215
CSD,XGBoost,wmape,47,16.776253544755562,16.23799887932215
CSD,XGBoost,wmape,48,17.21538663685767,16.23799887932215
CSD,XGBoost,wmape,49,17.36864578282967,16.23799887932215
CSD,XGBoost,wmape,50,16.978992782675284,16.23799887932215
CSD,XGBoost,wmape,51,17.1372718409417,16.23799887932215
CSD,XGBoost,wmape,52,16.975727957627146,16.23799887932215
CSD,XGBoost,wmape,53,17.20451576226395,16.23799887932215
CSD,XGBoost,wmape,54,16.759265442481762,16.23799887932215
CSD,XGBoost,wmape,55,16.665170626471653,16.23799887932215
CSD,XGBoost,wmape,56,17.03243937895155,16.23799887932215
CSD,XGBoost,wmape,57,16.549045560061433,16.23799887932215
CSD,XGBoost,wmape,58,16.37461150479678,16.23799887932215
CSD,XGBoost,wmape,59,16.721620961064026,16.23799887932215
CSD,XGBoost,wmape,60,16.76700010746164,16.23799887932215
CSD,XGBoost,wmape,61,16.51954066683799,16.23799887932215
CSD,XGBoost,wmape,62,16.38110530812852,16.23799887932215
CSD,XGBoost,wmape,63,16.776171321728945,16.23799887932215
CSD,XGBoost,wmape,64,16.73084227013348,16.23799887932215
CSD,XGBoost,wmape,65,16.726080834782714,16.23799887932215
CSD,XGBoost,wmape,66,16.73625272564381,16.23799887932215
CSD,XGBoost,wmape,67,16.868943382396612,16.23799887932215
CSD,XGBoost,wmape,68,16.722940471060205,16.23799887932215
CSD,XGBoost,wmape,69,17.534093525984794,16.23799887932215
CSD,XGBoost,wmape,70,17.260172062404294,16.23799887932215
CSD,XGBoost,wmape,71,16.539839425634877,16.23799887932215
CSD,XGBoost,wmape,72,16.35590417505992,16.23799887932215
CSD,XGBoost,wmape,73,16.735771952210495,16.23799887932215
CSD,XGBoost,wmape,74,16.902474894104238,16.23799887932215
CSD,XGBoost,wmape,75,16.31437135033116,16.23799887932215
CSD,XGBoost,wmape,76,17.22829192675143,16.23799887932215
CSD,XGBoost,wmape,77,16.792146309152148,16.23799887932215
CSD,XGBoost,wmape,78,17.041079714033216,16.23799887932215
CSD,XGBoost,wmape,79,16.306865891694112,16.23799887932215
CSD,XGBoost,wmape,80,16.30661617399955,16.23799887932215
CSD,XGBoost,wmape,81,16.50067890974262,16.23799887932215
CSD,XGBoost,wmape,82,16.430542089627796,16.23799887932215
CSD,XGBoost,wmape,83,16.204799061185252,16.204799061185252
CSD,XGBoost,wmape,84,16.550519993485317,16.204799061185252
CSD,XGBoost,wmape,85,17.103970640795687,16.204799061185252
CSD,XGBoost,wmape,86,16.67922710553444,16.204799061185252
CSD,XGBoost,wmape,87,16.322239321908686,16.204799061185252
CSD,XGBoost,wmape,88,16.292175867829393,16.204799061185252
CSD,XGBoost,wmape,89,16.051457332521892,16.051457332521892
CSD,XGBoost,wmape,90,17.09034334269999,16.051457332521892
CSD,XGBoost,wmape,91,16.46669268192977,16.051457332521892
CSD,XGBoost,wmape,92,17.30768137168233,16.051457332521892
CSD,XGBoost,wmape,93,16.756362894294508,16.051457332521892
CSD,XGBoost,wmape,94,16.11451713831685,16.051457332521892
CSD,XGBoost,wmape,95,16.750959558433728,16.051457332521892
CSD,XGBoost,wmape,96,17.317002148956416,16.051457332521892
CSD,XGBoost,wmape,97,16.540894629340084,16.051457332521892
CSD,XGBoost,wmape,98,16.754579216520266,16.051457332521892
CSD,XGBoost,wmape,99,16.45591159734159,16.051457332521892
CSD,XGBoost,medmape,0,35.104171854560335,35.104171854560335
CSD,XGBoost,medmape,1,33.85551758491174,33.85551758491174
CSD,XGBoost,medmape,2,32.26417934032365,32.26417934032365
CSD,XGBoost,medmape,3,31.640349454404216,31.640349454404216
CSD,XGBoost,medmape,4,33.161196523722104,31.640349454404216
CSD,XGBoost,medmape,5,31.461022864689806,31.461022864689806
CSD,XGBoost,medmape,6,30.46877683753844,30.46877683753844
CSD,XGBoost,medmape,7,33.58956250699785,30.46877683753844
CSD,XGBoost,medmape,8,32.108956405576784,30.46877683753844
CSD,XGBoost,medmape,9,35.71346316320417,30.46877683753844
CSD,XGBoost,medmape,10,32.00368270468502,30.46877683753844
CSD,XGBoost,medmape,11,32.70456922176031,30.46877683753844
CSD,XGBoost,medmape,12,32.06066682583303,30.46877683753844
CSD,XGBoost,medmape,13,30.22140139395934,30.22140139395934
CSD,XGBoost,medmape,14,31.758771218639872,30.22140139395934
CSD,XGBoost,medmape,15,31.99986157567477,30.22140139395934
CSD,XGBoost,medmape,16,32.221962613670264,30.22140139395934
CSD,XGBoost,medmape,17,32.25457012330917,30.22140139395934
CSD,XGBoost,medmape,18,30.872363304626035,30.22140139395934
CSD,XGBoost,medmape,19,31.967802619870866,30.22140139395934
CSD,XGBoost,medmape,20,30.78045269494769,30.22140139395934
CSD,XGBoost,medmape,21,31.602830709990982,30.22140139395934
CSD,XGBoost,medmape,22,31.431496066585368,30.22140139395934
CSD,XGBoost,medmape,23,32.392144543542194,30.22140139395934
CSD,XGBoost,medmape,24,31.88516547743831,30.22140139395934
CSD,XGBoost,medmape,25,31.828362804407696,30.22140139395934
CSD,XGBoost,medmape,26,32.72449693756889,30.22140139395934
CSD,XGBoost,medmape,27,32.54434777279354,30.22140139395934
CSD,XGBoost,medmape,28,32.05191435267799,30.22140139395934
CSD,XGBoost,medmape,29,33.35405013797649,30.22140139395934
CSD,XGBoost,medmape,30,31.1425672207259,30.22140139395934
CSD,XGBoost,medmape,31,31.25744618676909,30.22140139395934
CSD,XGBoost,medmape,32,30.44582534507815,30.22140139395934
CSD,XGBoost,medmape,33,31.022815297134343,30.22140139395934
CSD,XGBoost,medmape,34,32.458818406366404,30.22140139395934
CSD,XGBoost,medmape,35,30.708320259252304,30.22140139395934
CSD,XGBoost,medmape,36,30.998681911327566,30.22140139395934
CSD,XGBoost,medmape,37,30.572603340596004,30.22140139395934
CSD,XGBoost,medmape,38,30.287533023840517,30.22140139395934
CSD,XGBoost,medmape,39,31.05111734649885,30.22140139395934
CSD,XGBoost,medmape,40,30.88649882047651,30.22140139395934
CSD,XGBoost,medmape,41,30.238930871223314,30.22140139395934
CSD,XGBoost,medmape,42,31.275312450781467,30.22140139395934
CSD,XGBoost,medmape,43,29.651754136988675,29.651754136988675
CSD,XGBoost,medmape,44,30.186974174925545,29.651754136988675
CSD,XGBoost,medmape,45,30.54652981219482,29.651754136988675
CSD,XGBoost,medmape,46,33.9364159632937,29.651754136988675
CSD,XGBoost,medmape,47,30.745070430122155,29.651754136988675
CSD,XGBoost,medmape,48,30.153513803465863,29.651754136988675
CSD,XGBoost,medmape,49,31.60013657592686,29.651754136988675
CSD,XGBoost,medmape,50,30.13958802586766,29.651754136988675
CSD,XGBoost,medmape,51,30.096083003612648,29.651754136988675
CSD,XGBoost,medmape,52,30.61625463507238,29.651754136988675
CSD,XGBoost,medmape,53,31.562552963643398,29.651754136988675
CSD,XGBoost,medmape,54,30.488106149854012,29.651754136988675
CSD,XGBoost,medmape,55,29.610599621410934,29.610599621410934
CSD,XGBoost,medmape,56,29.59376141195473,29.59376141195473
CSD,XGBoost,medmape,57,31.296622679635934,29.59376141195473
CSD,XGBoost,medmape,58,30.325436995558587,29.59376141195473
CSD,XGBoost,medmape,59,30.735454411399942,29.59376141195473
CSD,XGBoost,medmape,60,30.074997689022496,29.59376141195473
CSD,XGBoost,medmape,61,30.544666040908915,29.59376141195473
CSD,XGBoost,medmape,62,30.29863472654517,29.59376141195473
CSD,XGBoost,medmape,63,30.46247298055822,29.59376141195473
CSD,XGBoost,medmape,64,31.760980654465467,29.59376141195473
CSD,XGBoost,medmape,65,31.80321963677423,29.59376141195473
CSD,XGBoost,medmape,66,30.70673511632984,29.59376141195473
CSD,XGBoost,medmape,67,31.08208930622674,29.59376141195473
CSD,XGBoost,medmape,68,31.275331418126406,29.59376141195473
CSD,XGBoost,medmape,69,29.552933579293235,29.552933579293235
CSD,XGBoost,medmape,70,31.285760132442995,29.552933579293235
CSD,XGBoost,medmape,71,30.121708640081238,29.552933579293235
CSD,XGBoost,medmape,72,30.65606747815695,29.552933579293235
CSD,XGBoost,medmape,73,29.62274150199518,29.552933579293235
CSD,XGBoost,medmape,74,30.20115030493111,29.552933579293235
CSD,XGBoost,medmape,75,30.48365924427031,29.552933579293235
CSD,XGBoost,medmape,76,35.0903504963397,29.552933579293235
CSD,XGBoost,medmape,77,30.612309998272693,29.552933579293235
CSD,XGBoost,medmape,78,30.869849954537592,29.552933579293235
CSD,XGBoost,medmape,79,32.03621568571545,29.552933579293235
CSD,XGBoost,medmape,80,29.963965992078233,29.552933579293235
CSD,XGBoost,medmape,81,29.45927652437946,29.45927652437946
CSD,XGBoost,medmape,82,30.008873290870156,29.45927652437946
CSD,XGBoost,medmape,83,30.113749336579023,29.45927652437946
CSD,XGBoost,medmape,84,31.101377550661375,29.45927652437946
CSD,XGBoost,medmape,85,30.064030263158248,29.45927652437946
CSD,XGBoost,medmape,86,31.32239455832486,29.45927652437946
CSD,XGBoost,medmape,87,30.55496000418568,29.45927652437946
CSD,XGBoost,medmape,88,30.720996043678376,29.45927652437946
CSD,XGBoost,medmape,89,29.951801993694627,29.45927652437946
CSD,XGBoost,medmape,90,30.49485507897723,29.45927652437946
CSD,XGBoost,medmape,91,30.446704255882153,29.45927652437946
CSD,XGBoost,medmape,92,30.519999004845076,29.45927652437946
CSD,XGBoost,medmape,93,30.045284561580647,29.45927652437946
CSD,XGBoost,medmape,94,30.544927586642594,29.45927652437946
CSD,XGBoost,medmape,95,29.736253274968625,29.45927652437946
CSD,XGBoost,medmape,96,30.711374690244167,29.45927652437946
CSD,XGBoost,medmape,97,30.500399682520207,29.45927652437946
CSD,XGBoost,medmape,98,29.9465635173442,29.45927652437946
CSD,XGBoost,medmape,99,31.3159223566352,29.45927652437946
danskvand,LightGBM,wmape,0,50.5977084265123,50.5977084265123
danskvand,LightGBM,wmape,1,52.29335166278021,50.5977084265123
danskvand,LightGBM,wmape,2,25.407951694252343,25.407951694252343
danskvand,LightGBM,wmape,3,22.583153863346304,22.583153863346304
danskvand,LightGBM,wmape,4,46.2014885986667,22.583153863346304
danskvand,LightGBM,wmape,5,56.542586988794326,22.583153863346304
danskvand,LightGBM,wmape,6,42.174087708535055,22.583153863346304
danskvand,LightGBM,wmape,7,50.17440808445154,22.583153863346304
danskvand,LightGBM,wmape,8,50.65739720890188,22.583153863346304
danskvand,LightGBM,wmape,9,26.250246921426328,22.583153863346304
danskvand,LightGBM,wmape,10,18.37086260724488,18.37086260724488
danskvand,LightGBM,wmape,11,20.080616617583672,18.37086260724488
danskvand,LightGBM,wmape,12,20.35362420905264,18.37086260724488
danskvand,LightGBM,wmape,13,20.260041845829463,18.37086260724488
danskvand,LightGBM,wmape,14,33.859625735579755,18.37086260724488
danskvand,LightGBM,wmape,15,33.62907515956769,18.37086260724488
danskvand,LightGBM,wmape,16,24.01096717811385,18.37086260724488
danskvand,LightGBM,wmape,17,34.1117579838188,18.37086260724488
danskvand,LightGBM,wmape,18,21.701010796626413,18.37086260724488
danskvand,LightGBM,wmape,19,25.48460415311858,18.37086260724488
danskvand,LightGBM,wmape,20,30.895389691597057,18.37086260724488
danskvand,LightGBM,wmape,21,18.593328806238777,18.37086260724488
danskvand,LightGBM,wmape,22,20.224013558376097,18.37086260724488
danskvand,LightGBM,wmape,23,24.32960634892974,18.37086260724488
danskvand,LightGBM,wmape,24,23.324342391843636,18.37086260724488
danskvand,LightGBM,wmape,25,39.5057010483461,18.37086260724488
danskvand,LightGBM,wmape,26,25.50450537545811,18.37086260724488
danskvand,LightGBM,wmape,27,21.628683192588042,18.37086260724488
danskvand,LightGBM,wmape,28,29.049317073485877,18.37086260724488
danskvand,LightGBM,wmape,29,22.386405114082443,18.37086260724488
danskvand,LightGBM,wmape,30,20.151875775339192,18.37086260724488
danskvand,LightGBM,wmape,31,18.70854780575583,18.37086260724488
danskvand,LightGBM,wmape,32,22.128253980914266,18.37086260724488
danskvand,LightGBM,wmape,33,24.280309249044663,18.37086260724488
danskvand,LightGBM,wmape,34,24.96762599478471,18.37086260724488
danskvand,LightGBM,wmape,35,22.45396540856694,18.37086260724488
danskvand,LightGBM,wmape,36,30.37172120356093,18.37086260724488
danskvand,LightGBM,wmape,37,19.52057220152827,18.37086260724488
danskvand,LightGBM,wmape,38,25.37377811740351,18.37086260724488
danskvand,LightGBM,wmape,39,23.600578764027155,18.37086260724488
danskvand,LightGBM,wmape,40,25.540598664800598,18.37086260724488
danskvand,LightGBM,wmape,41,18.66810409753603,18.37086260724488
danskvand,LightGBM,wmape,42,20.666287853540915,18.37086260724488
danskvand,LightGBM,wmape,43,23.93060121915738,18.37086260724488
danskvand,LightGBM,wmape,44,21.326847316516627,18.37086260724488
danskvand,LightGBM,wmape,45,20.658307843383177,18.37086260724488
danskvand,LightGBM,wmape,46,57.38256189125116,18.37086260724488
danskvand,LightGBM,wmape,47,55.02295291162781,18.37086260724488
danskvand,LightGBM,wmape,48,48.58124996230556,18.37086260724488
danskvand,LightGBM,wmape,49,26.170538828037813,18.37086260724488
danskvand,LightGBM,wmape,50,29.34087641435285,18.37086260724488
danskvand,LightGBM,wmape,51,19.928921708229574,18.37086260724488
danskvand,LightGBM,wmape,52,18.06317428642704,18.06317428642704
danskvand,LightGBM,wmape,53,24.092278100782664,18.06317428642704
danskvand,LightGBM,wmape,54,21.069028781397332,18.06317428642704
danskvand,LightGBM,wmape,55,20.393871013191013,18.06317428642704
danskvand,LightGBM,wmape,56,23.87431718376551,18.06317428642704
danskvand,LightGBM,wmape,57,20.32850188701824,18.06317428642704
danskvand,LightGBM,wmape,58,21.786545155102807,18.06317428642704
danskvand,LightGBM,wmape,59,29.635894372889396,18.06317428642704
danskvand,LightGBM,wmape,60,23.65805693036549,18.06317428642704
danskvand,LightGBM,wmape,61,18.877633790067573,18.06317428642704
danskvand,LightGBM,wmape,62,20.765096160716116,18.06317428642704
danskvand,LightGBM,wmape,63,18.59698660892141,18.06317428642704
danskvand,LightGBM,wmape,64,23.655509404073147,18.06317428642704
danskvand,LightGBM,wmape,65,22.856033845869174,18.06317428642704
danskvand,LightGBM,wmape,66,20.723370625949087,18.06317428642704
danskvand,LightGBM,wmape,67,25.2710900453974,18.06317428642704
danskvand,LightGBM,wmape,68,24.512376523963415,18.06317428642704
danskvand,LightGBM,wmape,69,18.43622227517418,18.06317428642704
danskvand,LightGBM,wmape,70,22.730407925172116,18.06317428642704
danskvand,LightGBM,wmape,71,17.93008754633229,17.93008754633229
danskvand,LightGBM,wmape,72,20.430384224365877,17.93008754633229
danskvand,LightGBM,wmape,73,17.891284873175834,17.891284873175834
danskvand,LightGBM,wmape,74,21.71525769506645,17.891284873175834
danskvand,LightGBM,wmape,75,22.65733250657457,17.891284873175834
danskvand,LightGBM,wmape,76,18.42652486880585,17.891284873175834
danskvand,LightGBM,wmape,77,21.6435437727083,17.891284873175834
danskvand,LightGBM,wmape,78,19.516265528813978,17.891284873175834
danskvand,LightGBM,wmape,79,24.567318979573614,17.891284873175834
danskvand,LightGBM,wmape,80,26.097614318269336,17.891284873175834
danskvand,LightGBM,wmape,81,18.55240028957763,17.891284873175834
danskvand,LightGBM,wmape,82,18.100902131370038,17.891284873175834
danskvand,LightGBM,wmape,83,21.64555864949485,17.891284873175834
danskvand,LightGBM,wmape,84,23.867820965846704,17.891284873175834
danskvand,LightGBM,wmape,85,50.024352736873446,17.891284873175834
danskvand,LightGBM,wmape,86,18.057788533676387,17.891284873175834
danskvand,LightGBM,wmape,87,18.333239419301933,17.891284873175834
danskvand,LightGBM,wmape,88,21.63267244713138,17.891284873175834
danskvand,LightGBM,wmape,89,19.590255910473005,17.891284873175834
danskvand,LightGBM,wmape,90,43.09839840668464,17.891284873175834
danskvand,LightGBM,wmape,91,18.070384287946016,17.891284873175834
danskvand,LightGBM,wmape,92,22.06460999048102,17.891284873175834
danskvand,LightGBM,wmape,93,18.186788962225513,17.891284873175834
danskvand,LightGBM,wmape,94,21.692913178888332,17.891284873175834
danskvand,LightGBM,wmape,95,20.511544347083237,17.891284873175834
danskvand,LightGBM,wmape,96,22.97679886092501,17.891284873175834
danskvand,LightGBM,wmape,97,19.835307013392274,17.891284873175834
danskvand,LightGBM,wmape,98,22.148018297519172,17.891284873175834
danskvand,LightGBM,wmape,99,18.154791965733327,17.891284873175834
danskvand,LightGBM,medmape,0,49.18709395453604,49.18709395453604
danskvand,LightGBM,medmape,1,49.574616067018596,49.18709395453604
danskvand,LightGBM,medmape,2,38.09448552109912,38.09448552109912
danskvand,LightGBM,medmape,3,34.08267533493607,34.08267533493607
danskvand,LightGBM,medmape,4,47.70731194883551,34.08267533493607
danskvand,LightGBM,medmape,5,47.71947576912672,34.08267533493607
danskvand,LightGBM,medmape,6,41.48046548765924,34.08267533493607
danskvand,LightGBM,medmape,7,44.966426909375514,34.08267533493607
danskvand,LightGBM,medmape,8,42.99675234395745,34.08267533493607
danskvand,LightGBM,medmape,9,39.203557669392964,34.08267533493607
danskvand,LightGBM,medmape,10,37.565024109447194,34.08267533493607
danskvand,LightGBM,medmape,11,36.09479496469423,34.08267533493607
danskvand,LightGBM,medmape,12,32.714552318683154,32.714552318683154
danskvand,LightGBM,medmape,13,38.76507679672198,32.714552318683154
danskvand,LightGBM,medmape,14,41.59831716276397,32.714552318683154
danskvand,LightGBM,medmape,15,35.37335440715442,32.714552318683154
danskvand,LightGBM,medmape,16,40.24243777316144,32.714552318683154
danskvand,LightGBM,medmape,17,37.73313177271788,32.714552318683154
danskvand,LightGBM,medmape,18,42.73120320551635,32.714552318683154
danskvand,LightGBM,medmape,19,35.22158692552239,32.714552318683154
danskvand,LightGBM,medmape,20,35.05720334179073,32.714552318683154
danskvand,LightGBM,medmape,21,35.03722233180612,32.714552318683154
danskvand,LightGBM,medmape,22,35.200797578451784,32.714552318683154
danskvand,LightGBM,medmape,23,41.38382935260617,32.714552318683154
danskvand,LightGBM,medmape,24,33.87628819194707,32.714552318683154
danskvand,LightGBM,medmape,25,36.63471250988698,32.714552318683154
danskvand,LightGBM,medmape,26,35.15477958169562,32.714552318683154
danskvand,LightGBM,medmape,27,41.54363535555814,32.714552318683154
danskvand,LightGBM,medmape,28,38.05194924729461,32.714552318683154
danskvand,LightGBM,medmape,29,34.117964180657694,32.714552318683154
danskvand,LightGBM,medmape,30,36.224925429603786,32.714552318683154
danskvand,LightGBM,medmape,31,35.03847435066344,32.714552318683154
danskvand,LightGBM,medmape,32,34.725767044362186,32.714552318683154
danskvand,LightGBM,medmape,33,38.567078957831534,32.714552318683154
danskvand,LightGBM,medmape,34,36.93623637371529,32.714552318683154
danskvand,LightGBM,medmape,35,36.323066589957506,32.714552318683154
danskvand,LightGBM,medmape,36,39.45132886461124,32.714552318683154
danskvand,LightGBM,medmape,37,47.1150976212942,32.714552318683154
danskvand,LightGBM,medmape,38,49.26356357308292,32.714552318683154
danskvand,LightGBM,medmape,39,34.86120299497788,32.714552318683154
danskvand,LightGBM,medmape,40,36.35735191757446,32.714552318683154
danskvand,LightGBM,medmape,41,33.89166929701719,32.714552318683154
danskvand,LightGBM,medmape,42,36.016690661837416,32.714552318683154
danskvand,LightGBM,medmape,43,34.24801412265481,32.714552318683154
danskvand,LightGBM,medmape,44,38.06610075567501,32.714552318683154
danskvand,LightGBM,medmape,45,38.47152726382711,32.714552318683154
danskvand,LightGBM,medmape,46,35.89954363013739,32.714552318683154
danskvand,LightGBM,medmape,47,45.611599211357635,32.714552318683154
danskvand,LightGBM,medmape,48,46.04426421597158,32.714552318683154
danskvand,LightGBM,medmape,49,37.893885289019735,32.714552318683154
danskvand,LightGBM,medmape,50,37.45202174336866,32.714552318683154
danskvand,LightGBM,medmape,51,34.10641000898385,32.714552318683154
danskvand,LightGBM,medmape,52,34.535441139545085,32.714552318683154
danskvand,LightGBM,medmape,53,34.36597320360336,32.714552318683154
danskvand,LightGBM,medmape,54,33.705885948454885,32.714552318683154
danskvand,LightGBM,medmape,55,35.342645740489935,32.714552318683154
danskvand,LightGBM,medmape,56,37.0016142123844,32.714552318683154
danskvand,LightGBM,medmape,57,36.66542318711674,32.714552318683154
danskvand,LightGBM,medmape,58,36.01366021727887,32.714552318683154
danskvand,LightGBM,medmape,59,37.04010020813874,32.714552318683154
danskvand,LightGBM,medmape,60,33.736025045618604,32.714552318683154
danskvand,LightGBM,medmape,61,33.77331172163851,32.714552318683154
danskvand,LightGBM,medmape,62,36.788522346175625,32.714552318683154
danskvand,LightGBM,medmape,63,33.4112058273643,32.714552318683154
danskvand,LightGBM,medmape,64,34.0894111275087,32.714552318683154
danskvand,LightGBM,medmape,65,33.38442096709543,32.714552318683154
danskvand,LightGBM,medmape,66,32.6024274725262,32.6024274725262
danskvand,LightGBM,medmape,67,35.893605937403606,32.6024274725262
danskvand,LightGBM,medmape,68,36.666859337202375,32.6024274725262
danskvand,LightGBM,medmape,69,38.41305939826774,32.6024274725262
danskvand,LightGBM,medmape,70,33.240379577602866,32.6024274725262
danskvand,LightGBM,medmape,71,34.611680895362774,32.6024274725262
danskvand,LightGBM,medmape,72,34.59995698509312,32.6024274725262
danskvand,LightGBM,medmape,73,35.524657276686526,32.6024274725262
danskvand,LightGBM,medmape,74,33.021624010661604,32.6024274725262
danskvand,LightGBM,medmape,75,34.16576897271751,32.6024274725262
danskvand,LightGBM,medmape,76,35.112441180286154,32.6024274725262
danskvand,LightGBM,medmape,77,34.40844797174215,32.6024274725262
danskvand,LightGBM,medmape,78,33.944113376777835,32.6024274725262
danskvand,LightGBM,medmape,79,34.09106823108225,32.6024274725262
danskvand,LightGBM,medmape,80,35.300196405684126,32.6024274725262
danskvand,LightGBM,medmape,81,34.0340329073532,32.6024274725262
danskvand,LightGBM,medmape,82,32.24028774338846,32.24028774338846
danskvand,LightGBM,medmape,83,32.51972857745106,32.24028774338846
danskvand,LightGBM,medmape,84,32.535861065953156,32.24028774338846
danskvand,LightGBM,medmape,85,34.74739548978422,32.24028774338846
danskvand,LightGBM,medmape,86,33.27081645166646,32.24028774338846
danskvand,LightGBM,medmape,87,34.99794780254679,32.24028774338846
danskvand,LightGBM,medmape,88,35.18067555725959,32.24028774338846
danskvand,LightGBM,medmape,89,36.43684151650761,32.24028774338846
danskvand,LightGBM,medmape,90,36.66509423862293,32.24028774338846
danskvand,LightGBM,medmape,91,36.63066293060907,32.24028774338846
danskvand,LightGBM,medmape,92,33.26290896499425,32.24028774338846
danskvand,LightGBM,medmape,93,33.13331816948723,32.24028774338846
danskvand,LightGBM,medmape,94,33.27710577189731,32.24028774338846
danskvand,LightGBM,medmape,95,35.07278734579972,32.24028774338846
danskvand,LightGBM,medmape,96,32.94334240102589,32.24028774338846
danskvand,LightGBM,medmape,97,35.42205661330697,32.24028774338846
danskvand,LightGBM,medmape,98,35.86699189085117,32.24028774338846
danskvand,LightGBM,medmape,99,32.85809929554784,32.24028774338846
danskvand,XGBoost,wmape,0,20.194128334026143,20.194128334026143
danskvand,XGBoost,wmape,1,22.72195706381372,20.194128334026143
danskvand,XGBoost,wmape,2,21.878222693251807,20.194128334026143
danskvand,XGBoost,wmape,3,18.61026547093649,18.61026547093649
danskvand,XGBoost,wmape,4,20.839964455668717,18.61026547093649
danskvand,XGBoost,wmape,5,25.29968741269882,18.61026547093649
danskvand,XGBoost,wmape,6,22.646037327029703,18.61026547093649
danskvand,XGBoost,wmape,7,22.330185654301854,18.61026547093649
danskvand,XGBoost,wmape,8,21.482468470416734,18.61026547093649
danskvand,XGBoost,wmape,9,19.698960888493836,18.61026547093649
danskvand,XGBoost,wmape,10,19.09535252942478,18.61026547093649
danskvand,XGBoost,wmape,11,19.333242683625535,18.61026547093649
danskvand,XGBoost,wmape,12,17.844090371189157,17.844090371189157
danskvand,XGBoost,wmape,13,18.22688555783166,17.844090371189157
danskvand,XGBoost,wmape,14,19.44286061675405,17.844090371189157
danskvand,XGBoost,wmape,15,18.01800077653608,17.844090371189157
danskvand,XGBoost,wmape,16,18.05718549038919,17.844090371189157
danskvand,XGBoost,wmape,17,19.33438900901293,17.844090371189157
danskvand,XGBoost,wmape,18,18.273340101677395,17.844090371189157
danskvand,XGBoost,wmape,19,20.443412873955758,17.844090371189157
danskvand,XGBoost,wmape,20,19.15331887704167,17.844090371189157
danskvand,XGBoost,wmape,21,17.55471497267043,17.55471497267043
danskvand,XGBoost,wmape,22,20.73885813979951,17.55471497267043
danskvand,XGBoost,wmape,23,19.607815772245903,17.55471497267043
danskvand,XGBoost,wmape,24,18.438407042724826,17.55471497267043
danskvand,XGBoost,wmape,25,18.9368518504777,17.55471497267043
danskvand,XGBoost,wmape,26,21.97208466775103,17.55471497267043
danskvand,XGBoost,wmape,27,19.15931133339879,17.55471497267043
danskvand,XGBoost,wmape,28,21.09569037148858,17.55471497267043
danskvand,XGBoost,wmape,29,19.6206833675768,17.55471497267043
danskvand,XGBoost,wmape,30,18.13152889204308,17.55471497267043
danskvand,XGBoost,wmape,31,18.059064344273025,17.55471497267043
danskvand,XGBoost,wmape,32,19.11371025716956,17.55471497267043
danskvand,XGBoost,wmape,33,18.48614855463921,17.55471497267043
danskvand,XGBoost,wmape,34,20.41358492532888,17.55471497267043
danskvand,XGBoost,wmape,35,18.863056508485812,17.55471497267043
danskvand,XGBoost,wmape,36,18.978046409168368,17.55471497267043
danskvand,XGBoost,wmape,37,18.835043206170756,17.55471497267043
danskvand,XGBoost,wmape,38,18.824704319612522,17.55471497267043
danskvand,XGBoost,wmape,39,21.907632812050334,17.55471497267043
danskvand,XGBoost,wmape,40,19.227077272181987,17.55471497267043
danskvand,XGBoost,wmape,41,18.452984765391566,17.55471497267043
danskvand,XGBoost,wmape,42,18.17927253659702,17.55471497267043
danskvand,XGBoost,wmape,43,18.76422591026465,17.55471497267043
danskvand,XGBoost,wmape,44,19.9334126550328,17.55471497267043
danskvand,XGBoost,wmape,45,19.239602401461596,17.55471497267043
danskvand,XGBoost,wmape,46,18.054874124746718,17.55471497267043
danskvand,XGBoost,wmape,47,18.38577572633678,17.55471497267043
danskvand,XGBoost,wmape,48,19.78523020866276,17.55471497267043
danskvand,XGBoost,wmape,49,19.20591924693162,17.55471497267043
danskvand,XGBoost,wmape,50,18.80807337680864,17.55471497267043
danskvand,XGBoost,wmape,51,19.146373547875704,17.55471497267043
danskvand,XGBoost,wmape,52,19.71275142728033,17.55471497267043
danskvand,XGBoost,wmape,53,18.365552539126117,17.55471497267043
danskvand,XGBoost,wmape,54,19.010222504115585,17.55471497267043
danskvand,XGBoost,wmape,55,19.744370807197228,17.55471497267043
danskvand,XGBoost,wmape,56,19.973751234577595,17.55471497267043
danskvand,XGBoost,wmape,57,18.45837120789081,17.55471497267043
danskvand,XGBoost,wmape,58,20.409765557127425,17.55471497267043
danskvand,XGBoost,wmape,59,21.711074179363166,17.55471497267043
danskvand,XGBoost,wmape,60,21.537650873673403,17.55471497267043
danskvand,XGBoost,wmape,61,18.713053196011263,17.55471497267043
danskvand,XGBoost,wmape,62,18.080998467069012,17.55471497267043
danskvand,XGBoost,wmape,63,18.308572574884803,17.55471497267043
danskvand,XGBoost,wmape,64,18.29354523103672,17.55471497267043
danskvand,XGBoost,wmape,65,18.913400412960428,17.55471497267043
danskvand,XGBoost,wmape,66,18.94276663066458,17.55471497267043
danskvand,XGBoost,wmape,67,20.772923658704247,17.55471497267043
danskvand,XGBoost,wmape,68,18.502169041541226,17.55471497267043
danskvand,XGBoost,wmape,69,17.998780211845293,17.55471497267043
danskvand,XGBoost,wmape,70,18.530176584150098,17.55471497267043
danskvand,XGBoost,wmape,71,18.95065259630825,17.55471497267043
danskvand,XGBoost,wmape,72,17.76079974866849,17.55471497267043
danskvand,XGBoost,wmape,73,18.610257088165127,17.55471497267043
danskvand,XGBoost,wmape,74,17.067187196792997,17.067187196792997
danskvand,XGBoost,wmape,75,18.171223694333992,17.067187196792997
danskvand,XGBoost,wmape,76,18.323399889093366,17.067187196792997
danskvand,XGBoost,wmape,77,18.77084808567215,17.067187196792997
danskvand,XGBoost,wmape,78,18.56825330903989,17.067187196792997
danskvand,XGBoost,wmape,79,19.033797591779248,17.067187196792997
danskvand,XGBoost,wmape,80,18.903421459880917,17.067187196792997
danskvand,XGBoost,wmape,81,18.25479285924183,17.067187196792997
danskvand,XGBoost,wmape,82,19.02321037167534,17.067187196792997
danskvand,XGBoost,wmape,83,20.3996013614752,17.067187196792997
danskvand,XGBoost,wmape,84,18.499365351077753,17.067187196792997
danskvand,XGBoost,wmape,85,18.35967389674528,17.067187196792997
danskvand,XGBoost,wmape,86,19.078884811717863,17.067187196792997
danskvand,XGBoost,wmape,87,17.784280537258162,17.067187196792997
danskvand,XGBoost,wmape,88,18.718018685271158,17.067187196792997
danskvand,XGBoost,wmape,89,19.184486666176397,17.067187196792997
danskvand,XGBoost,wmape,90,19.213005354239478,17.067187196792997
danskvand,XGBoost,wmape,91,18.087847277305485,17.067187196792997
danskvand,XGBoost,wmape,92,17.823664332987725,17.067187196792997
danskvand,XGBoost,wmape,93,18.269109075957076,17.067187196792997
danskvand,XGBoost,wmape,94,18.954052768374865,17.067187196792997
danskvand,XGBoost,wmape,95,18.133631715288217,17.067187196792997
danskvand,XGBoost,wmape,96,18.38033141938746,17.067187196792997
danskvand,XGBoost,wmape,97,18.76037316867437,17.067187196792997
danskvand,XGBoost,wmape,98,18.491277718126565,17.067187196792997
danskvand,XGBoost,wmape,99,18.587019507002008,17.067187196792997
danskvand,XGBoost,medmape,0,35.10423337714989,35.10423337714989
danskvand,XGBoost,medmape,1,33.74956760569191,33.74956760569191
danskvand,XGBoost,medmape,2,34.07385328337785,33.74956760569191
danskvand,XGBoost,medmape,3,33.14667945832465,33.14667945832465
danskvand,XGBoost,medmape,4,33.421870303863685,33.14667945832465
danskvand,XGBoost,medmape,5,35.28110496916966,33.14667945832465
danskvand,XGBoost,medmape,6,34.900926600682915,33.14667945832465
danskvand,XGBoost,medmape,7,32.86823717912124,32.86823717912124
danskvand,XGBoost,medmape,8,32.379864714267484,32.379864714267484
danskvand,XGBoost,medmape,9,32.575025382637364,32.379864714267484
danskvand,XGBoost,medmape,10,32.72398394497199,32.379864714267484
danskvand,XGBoost,medmape,11,34.188156519003115,32.379864714267484
danskvand,XGBoost,medmape,12,33.01496033760806,32.379864714267484
danskvand,XGBoost,medmape,13,34.344996187537134,32.379864714267484
danskvand,XGBoost,medmape,14,32.09375556100809,32.09375556100809
danskvand,XGBoost,medmape,15,33.592008277730706,32.09375556100809
danskvand,XGBoost,medmape,16,31.378645453570932,31.378645453570932
danskvand,XGBoost,medmape,17,33.21847564953331,31.378645453570932
danskvand,XGBoost,medmape,18,35.13377678169961,31.378645453570932
danskvand,XGBoost,medmape,19,32.87773813301391,31.378645453570932
danskvand,XGBoost,medmape,20,33.67216893193734,31.378645453570932
danskvand,XGBoost,medmape,21,32.70437231604335,31.378645453570932
danskvand,XGBoost,medmape,22,33.63647687424848,31.378645453570932
danskvand,XGBoost,medmape,23,31.916088155779995,31.378645453570932
danskvand,XGBoost,medmape,24,32.17197279150712,31.378645453570932
danskvand,XGBoost,medmape,25,34.49340474528227,31.378645453570932
danskvand,XGBoost,medmape,26,33.81117342852713,31.378645453570932
danskvand,XGBoost,medmape,27,35.5235829903591,31.378645453570932
danskvand,XGBoost,medmape,28,35.719504919191394,31.378645453570932
danskvand,XGBoost,medmape,29,34.75290251262125,31.378645453570932
danskvand,XGBoost,medmape,30,33.48448275931573,31.378645453570932
danskvand,XGBoost,medmape,31,31.98930419896382,31.378645453570932
danskvand,XGBoost,medmape,32,33.8222147199283,31.378645453570932
danskvand,XGBoost,medmape,33,33.26825473936552,31.378645453570932
danskvand,XGBoost,medmape,34,33.116478352822774,31.378645453570932
danskvand,XGBoost,medmape,35,30.64444188818115,30.64444188818115
danskvand,XGBoost,medmape,36,35.5536951584587,30.64444188818115
danskvand,XGBoost,medmape,37,32.85344564401113,30.64444188818115
danskvand,XGBoost,medmape,38,35.09754017667385,30.64444188818115
danskvand,XGBoost,medmape,39,35.8958802880389,30.64444188818115
danskvand,XGBoost,medmape,40,36.37952421545265,30.64444188818115
danskvand,XGBoost,medmape,41,32.78683842599635,30.64444188818115
danskvand,XGBoost,medmape,42,33.18870302827334,30.64444188818115
danskvand,XGBoost,medmape,43,33.179689232444794,30.64444188818115
danskvand,XGBoost,medmape,44,33.177337274418825,30.64444188818115
danskvand,XGBoost,medmape,45,32.27959589059272,30.64444188818115
danskvand,XGBoost,medmape,46,32.58421491282834,30.64444188818115
danskvand,XGBoost,medmape,47,33.88940210418531,30.64444188818115
danskvand,XGBoost,medmape,48,33.74411900283496,30.64444188818115
danskvand,XGBoost,medmape,49,32.7907127605732,30.64444188818115
danskvand,XGBoost,medmape,50,34.72264867388634,30.64444188818115
danskvand,XGBoost,medmape,51,33.74482500365254,30.64444188818115
danskvand,XGBoost,medmape,52,34.020118205472606,30.64444188818115
danskvand,XGBoost,medmape,53,32.18085971416399,30.64444188818115
danskvand,XGBoost,medmape,54,30.571916251667712,30.571916251667712
danskvand,XGBoost,medmape,55,32.81042727968156,30.571916251667712
danskvand,XGBoost,medmape,56,35.578577083989344,30.571916251667712
danskvand,XGBoost,medmape,57,33.114447819833615,30.571916251667712
danskvand,XGBoost,medmape,58,36.30750634323279,30.571916251667712
danskvand,XGBoost,medmape,59,32.40355864213225,30.571916251667712
danskvand,XGBoost,medmape,60,32.76188489723474,30.571916251667712
danskvand,XGBoost,medmape,61,31.90267409108492,30.571916251667712
danskvand,XGBoost,medmape,62,30.202879090481094,30.202879090481094
danskvand,XGBoost,medmape,63,30.649130960158654,30.202879090481094
danskvand,XGBoost,medmape,64,32.14781229348662,30.202879090481094
danskvand,XGBoost,medmape,65,30.60106144187972,30.202879090481094
danskvand,XGBoost,medmape,66,32.47166708962179,30.202879090481094
danskvand,XGBoost,medmape,67,31.774333945692497,30.202879090481094
danskvand,XGBoost,medmape,68,32.903794959975166,30.202879090481094
danskvand,XGBoost,medmape,69,35.71470468304092,30.202879090481094
danskvand,XGBoost,medmape,70,35.00691428483833,30.202879090481094
danskvand,XGBoost,medmape,71,32.66819605095364,30.202879090481094
danskvand,XGBoost,medmape,72,33.39254860014769,30.202879090481094
danskvand,XGBoost,medmape,73,32.40577415070604,30.202879090481094
danskvand,XGBoost,medmape,74,31.775816555723996,30.202879090481094
danskvand,XGBoost,medmape,75,32.5772361979835,30.202879090481094
danskvand,XGBoost,medmape,76,33.46256323535054,30.202879090481094
danskvand,XGBoost,medmape,77,32.93572804529831,30.202879090481094
danskvand,XGBoost,medmape,78,31.110086830361467,30.202879090481094
danskvand,XGBoost,medmape,79,32.44873759610893,30.202879090481094
danskvand,XGBoost,medmape,80,30.655748457401174,30.202879090481094
danskvand,XGBoost,medmape,81,32.52219489100477,30.202879090481094
danskvand,XGBoost,medmape,82,34.08450122743169,30.202879090481094
danskvand,XGBoost,medmape,83,32.969221220071226,30.202879090481094
danskvand,XGBoost,medmape,84,30.13588487520019,30.13588487520019
danskvand,XGBoost,medmape,85,29.964755170060364,29.964755170060364
danskvand,XGBoost,medmape,86,31.762399923395083,29.964755170060364
danskvand,XGBoost,medmape,87,29.413397015001017,29.413397015001017
danskvand,XGBoost,medmape,88,31.032876414267683,29.413397015001017
danskvand,XGBoost,medmape,89,32.45611536202847,29.413397015001017
danskvand,XGBoost,medmape,90,34.12584878969373,29.413397015001017
danskvand,XGBoost,medmape,91,32.56665381714632,29.413397015001017
danskvand,XGBoost,medmape,92,32.51071145845674,29.413397015001017
danskvand,XGBoost,medmape,93,31.056254573206168,29.413397015001017
danskvand,XGBoost,medmape,94,31.791437894573686,29.413397015001017
danskvand,XGBoost,medmape,95,32.81779031913019,29.413397015001017
danskvand,XGBoost,medmape,96,31.108224334987764,29.413397015001017
danskvand,XGBoost,medmape,97,32.69298249348812,29.413397015001017
danskvand,XGBoost,medmape,98,31.26159263110305,29.413397015001017
danskvand,XGBoost,medmape,99,32.02062517101636,29.413397015001017
energidrikke,LightGBM,wmape,0,22.664215535464237,22.664215535464237
energidrikke,LightGBM,wmape,1,27.55548750780918,22.664215535464237
energidrikke,LightGBM,wmape,2,11.609757753810452,11.609757753810452
energidrikke,LightGBM,wmape,3,10.785458199601976,10.785458199601976
energidrikke,LightGBM,wmape,4,17.519111658875193,10.785458199601976
energidrikke,LightGBM,wmape,5,45.00220366494942,10.785458199601976
energidrikke,LightGBM,wmape,6,18.04961285747691,10.785458199601976
energidrikke,LightGBM,wmape,7,26.77420133420982,10.785458199601976
energidrikke,LightGBM,wmape,8,33.11524070367522,10.785458199601976
energidrikke,LightGBM,wmape,9,11.711001295861955,10.785458199601976
energidrikke,LightGBM,wmape,10,11.410408172846298,10.785458199601976
energidrikke,LightGBM,wmape,11,11.34291299780875,10.785458199601976
energidrikke,LightGBM,wmape,12,11.349031323819819,10.785458199601976
energidrikke,LightGBM,wmape,13,12.044054999509205,10.785458199601976
energidrikke,LightGBM,wmape,14,12.949162937021235,10.785458199601976
energidrikke,LightGBM,wmape,15,10.922923306838767,10.785458199601976
energidrikke,LightGBM,wmape,16,12.740930330602833,10.785458199601976
energidrikke,LightGBM,wmape,17,11.024869677490214,10.785458199601976
energidrikke,LightGBM,wmape,18,14.296564725763167,10.785458199601976
energidrikke,LightGBM,wmape,19,12.229157839357809,10.785458199601976
energidrikke,LightGBM,wmape,20,12.74383166061741,10.785458199601976
energidrikke,LightGBM,wmape,21,11.218127741938545,10.785458199601976
energidrikke,LightGBM,wmape,22,11.20943733761946,10.785458199601976
energidrikke,LightGBM,wmape,23,11.276275629501429,10.785458199601976
energidrikke,LightGBM,wmape,24,11.714906176555228,10.785458199601976
energidrikke,LightGBM,wmape,25,12.959058406005347,10.785458199601976
energidrikke,LightGBM,wmape,26,14.735013761657306,10.785458199601976
energidrikke,LightGBM,wmape,27,11.140177528635943,10.785458199601976
energidrikke,LightGBM,wmape,28,11.599568441621132,10.785458199601976
energidrikke,LightGBM,wmape,29,11.661005363981005,10.785458199601976
energidrikke,LightGBM,wmape,30,31.622345114447334,10.785458199601976
energidrikke,LightGBM,wmape,31,11.12395310789207,10.785458199601976
energidrikke,LightGBM,wmape,32,11.279570555976045,10.785458199601976
energidrikke,LightGBM,wmape,33,11.187425647258776,10.785458199601976
energidrikke,LightGBM,wmape,34,11.105155716240766,10.785458199601976
energidrikke,LightGBM,wmape,35,11.577394189710722,10.785458199601976
energidrikke,LightGBM,wmape,36,11.05239076262647,10.785458199601976
energidrikke,LightGBM,wmape,37,45.44862100289504,10.785458199601976
energidrikke,LightGBM,wmape,38,12.480550579527563,10.785458199601976
energidrikke,LightGBM,wmape,39,13.417513272168353,10.785458199601976
energidrikke,LightGBM,wmape,40,10.873195351743082,10.785458199601976
energidrikke,LightGBM,wmape,41,10.951284926230922,10.785458199601976
energidrikke,LightGBM,wmape,42,11.252058360572441,10.785458199601976
energidrikke,LightGBM,wmape,43,11.163297628612604,10.785458199601976
energidrikke,LightGBM,wmape,44,12.253353986861063,10.785458199601976
energidrikke,LightGBM,wmape,45,11.136709218487653,10.785458199601976
energidrikke,LightGBM,wmape,46,12.993121168827585,10.785458199601976
energidrikke,LightGBM,wmape,47,36.60840211514417,10.785458199601976
energidrikke,LightGBM,wmape,48,11.07952898407028,10.785458199601976
energidrikke,LightGBM,wmape,49,12.520463225378917,10.785458199601976
energidrikke,LightGBM,wmape,50,11.984602859307616,10.785458199601976
energidrikke,LightGBM,wmape,51,11.069774572529024,10.785458199601976
energidrikke,LightGBM,wmape,52,11.129325586656982,10.785458199601976
energidrikke,LightGBM,wmape,53,11.460043858385953,10.785458199601976
energidrikke,LightGBM,wmape,54,11.220613258341753,10.785458199601976
energidrikke,LightGBM,wmape,55,11.597607530858207,10.785458199601976
energidrikke,LightGBM,wmape,56,13.192969213922817,10.785458199601976
energidrikke,LightGBM,wmape,57,11.082594675071494,10.785458199601976
energidrikke,LightGBM,wmape,58,11.363819666682021,10.785458199601976
energidrikke,LightGBM,wmape,59,12.261637233778973,10.785458199601976
energidrikke,LightGBM,wmape,60,12.806022885233745,10.785458199601976
energidrikke,LightGBM,wmape,61,11.14940458501297,10.785458199601976
energidrikke,LightGBM,wmape,62,11.332808028360853,10.785458199601976
energidrikke,LightGBM,wmape,63,11.255006290079216,10.785458199601976
energidrikke,LightGBM,wmape,64,12.194909936903388,10.785458199601976
energidrikke,LightGBM,wmape,65,11.433819909640993,10.785458199601976
energidrikke,LightGBM,wmape,66,23.850447968093043,10.785458199601976
energidrikke,LightGBM,wmape,67,12.485406478387915,10.785458199601976
energidrikke,LightGBM,wmape,68,11.19228729390887,10.785458199601976
energidrikke,LightGBM,wmape,69,11.134032557749947,10.785458199601976
energidrikke,LightGBM,wmape,70,12.226152983908278,10.785458199601976
energidrikke,LightGBM,wmape,71,11.049761008805103,10.785458199601976
energidrikke,LightGBM,wmape,72,11.280571358557404,10.785458199601976
energidrikke,LightGBM,wmape,73,10.866146228750175,10.785458199601976
energidrikke,LightGBM,wmape,74,10.66530200692429,10.66530200692429
energidrikke,LightGBM,wmape,75,10.664261984060602,10.664261984060602
energidrikke,LightGBM,wmape,76,11.17948697266688,10.664261984060602
energidrikke,LightGBM,wmape,77,11.590978143892565,10.664261984060602
energidrikke,LightGBM,wmape,78,11.33195341184691,10.664261984060602
energidrikke,LightGBM,wmape,79,11.376680022809039,10.664261984060602
energidrikke,LightGBM,wmape,80,11.41621016514233,10.664261984060602
energidrikke,LightGBM,wmape,81,11.247960258945445,10.664261984060602
energidrikke,LightGBM,wmape,82,11.549738857731384,10.664261984060602
energidrikke,LightGBM,wmape,83,11.429939008207565,10.664261984060602
energidrikke,LightGBM,wmape,84,11.13097089305038,10.664261984060602
energidrikke,LightGBM,wmape,85,11.551256895316797,10.664261984060602
energidrikke,LightGBM,wmape,86,10.93277391850326,10.664261984060602
energidrikke,LightGBM,wmape,87,11.231802588071437,10.664261984060602
energidrikke,LightGBM,wmape,88,11.1651896073917,10.664261984060602
energidrikke,LightGBM,wmape,89,12.04292204923376,10.664261984060602
energidrikke,LightGBM,wmape,90,11.542762416213183,10.664261984060602
energidrikke,LightGBM,wmape,91,11.065983729201525,10.664261984060602
energidrikke,LightGBM,wmape,92,10.912452664839558,10.664261984060602
energidrikke,LightGBM,wmape,93,11.242944139526877,10.664261984060602
energidrikke,LightGBM,wmape,94,11.216981908303275,10.664261984060602
energidrikke,LightGBM,wmape,95,11.331619109064565,10.664261984060602
energidrikke,LightGBM,wmape,96,10.604147240289313,10.604147240289313
energidrikke,LightGBM,wmape,97,10.644899153080912,10.604147240289313
energidrikke,LightGBM,wmape,98,11.067168229055268,10.604147240289313
energidrikke,LightGBM,wmape,99,10.981662417696286,10.604147240289313
energidrikke,LightGBM,medmape,0,43.89366862629371,43.89366862629371
energidrikke,LightGBM,medmape,1,41.57788854084487,41.57788854084487
energidrikke,LightGBM,medmape,2,37.07666435838882,37.07666435838882
energidrikke,LightGBM,medmape,3,36.707818055490236,36.707818055490236
energidrikke,LightGBM,medmape,4,42.42477022363408,36.707818055490236
energidrikke,LightGBM,medmape,5,45.37435067431005,36.707818055490236
energidrikke,LightGBM,medmape,6,38.89752924097321,36.707818055490236
energidrikke,LightGBM,medmape,7,44.084391821643095,36.707818055490236
energidrikke,LightGBM,medmape,8,41.45482828234942,36.707818055490236
energidrikke,LightGBM,medmape,9,38.683809311554015,36.707818055490236
energidrikke,LightGBM,medmape,10,37.54835382720044,36.707818055490236
energidrikke,LightGBM,medmape,11,39.84831329244031,36.707818055490236
energidrikke,LightGBM,medmape,12,37.532296255011474,36.707818055490236
energidrikke,LightGBM,medmape,13,36.86060898631942,36.707818055490236
energidrikke,LightGBM,medmape,14,39.3642796511495,36.707818055490236
energidrikke,LightGBM,medmape,15,40.28662319413723,36.707818055490236
energidrikke,LightGBM,medmape,16,40.18424636775875,36.707818055490236
energidrikke,LightGBM,medmape,17,37.49270989046154,36.707818055490236
energidrikke,LightGBM,medmape,18,40.22657761650142,36.707818055490236
energidrikke,LightGBM,medmape,19,37.7264899417992,36.707818055490236
energidrikke,LightGBM,medmape,20,41.340509153213524,36.707818055490236
energidrikke,LightGBM,medmape,21,37.714615676888236,36.707818055490236
energidrikke,LightGBM,medmape,22,38.40627989107261,36.707818055490236
energidrikke,LightGBM,medmape,23,38.36720730866732,36.707818055490236
energidrikke,LightGBM,medmape,24,37.604114363040836,36.707818055490236
energidrikke,LightGBM,medmape,25,37.3928815499001,36.707818055490236
energidrikke,LightGBM,medmape,26,37.22505815156129,36.707818055490236
energidrikke,LightGBM,medmape,27,36.725044853477314,36.707818055490236
energidrikke,LightGBM,medmape,28,43.24659319112338,36.707818055490236
energidrikke,LightGBM,medmape,29,36.84106792071568,36.707818055490236
energidrikke,LightGBM,medmape,30,39.43275150349169,36.707818055490236
energidrikke,LightGBM,medmape,31,39.22442409747919,36.707818055490236
energidrikke,LightGBM,medmape,32,39.76229181386442,36.707818055490236
energidrikke,LightGBM,medmape,33,37.94221232684656,36.707818055490236
energidrikke,LightGBM,medmape,34,39.69451938046217,36.707818055490236
energidrikke,LightGBM,medmape,35,40.11519748086309,36.707818055490236
energidrikke,LightGBM,medmape,36,39.77371381043498,36.707818055490236
energidrikke,LightGBM,medmape,37,42.69163515034317,36.707818055490236
energidrikke,LightGBM,medmape,38,44.66083720735797,36.707818055490236
energidrikke,LightGBM,medmape,39,38.99894264323577,36.707818055490236
energidrikke,LightGBM,medmape,40,39.326649047402455,36.707818055490236
energidrikke,LightGBM,medmape,41,44.69584782450677,36.707818055490236
energidrikke,LightGBM,medmape,42,36.31160616932401,36.31160616932401
energidrikke,LightGBM,medmape,43,39.180780358406324,36.31160616932401
energidrikke,LightGBM,medmape,44,38.91741689597946,36.31160616932401
energidrikke,LightGBM,medmape,45,38.14946649228689,36.31160616932401
energidrikke,LightGBM,medmape,46,37.667390933174104,36.31160616932401
energidrikke,LightGBM,medmape,47,39.664599991569006,36.31160616932401
energidrikke,LightGBM,medmape,48,36.72390627154351,36.31160616932401
energidrikke,LightGBM,medmape,49,38.141363358012676,36.31160616932401
energidrikke,LightGBM,medmape,50,38.75832867257617,36.31160616932401
energidrikke,LightGBM,medmape,51,40.53209259130271,36.31160616932401
energidrikke,LightGBM,medmape,52,37.891849109801825,36.31160616932401
energidrikke,LightGBM,medmape,53,36.69835890928825,36.31160616932401
energidrikke,LightGBM,medmape,54,40.64124693407011,36.31160616932401
energidrikke,LightGBM,medmape,55,36.913658621337234,36.31160616932401
energidrikke,LightGBM,medmape,56,37.759838564639914,36.31160616932401
energidrikke,LightGBM,medmape,57,39.73623633920545,36.31160616932401
energidrikke,LightGBM,medmape,58,39.17034758080247,36.31160616932401
energidrikke,LightGBM,medmape,59,42.7127686541917,36.31160616932401
energidrikke,LightGBM,medmape,60,40.29096707890181,36.31160616932401
energidrikke,LightGBM,medmape,61,36.74571075273663,36.31160616932401
energidrikke,LightGBM,medmape,62,40.837446244217034,36.31160616932401
energidrikke,LightGBM,medmape,63,37.820593790957005,36.31160616932401
energidrikke,LightGBM,medmape,64,37.66416699949233,36.31160616932401
energidrikke,LightGBM,medmape,65,40.217830447582465,36.31160616932401
energidrikke,LightGBM,medmape,66,38.63160911324645,36.31160616932401
energidrikke,LightGBM,medmape,67,40.69964238459666,36.31160616932401
energidrikke,LightGBM,medmape,68,38.39422046418428,36.31160616932401
energidrikke,LightGBM,medmape,69,38.83520237164463,36.31160616932401
energidrikke,LightGBM,medmape,70,34.531666623302755,34.531666623302755
energidrikke,LightGBM,medmape,71,34.64690393030718,34.531666623302755
energidrikke,LightGBM,medmape,72,34.99978774722077,34.531666623302755
energidrikke,LightGBM,medmape,73,41.6205632131923,34.531666623302755
energidrikke,LightGBM,medmape,74,34.23703884315718,34.23703884315718
energidrikke,LightGBM,medmape,75,34.9869225894394,34.23703884315718
energidrikke,LightGBM,medmape,76,35.395223295083106,34.23703884315718
energidrikke,LightGBM,medmape,77,34.612372032898946,34.23703884315718
energidrikke,LightGBM,medmape,78,35.689751824233916,34.23703884315718
energidrikke,LightGBM,medmape,79,35.89214450916955,34.23703884315718
energidrikke,LightGBM,medmape,80,34.66744493996407,34.23703884315718
energidrikke,LightGBM,medmape,81,35.19896954314547,34.23703884315718
energidrikke,LightGBM,medmape,82,34.599278048628115,34.23703884315718
energidrikke,LightGBM,medmape,83,35.148266692770115,34.23703884315718
energidrikke,LightGBM,medmape,84,35.899568151249824,34.23703884315718
energidrikke,LightGBM,medmape,85,34.445325308509936,34.23703884315718
energidrikke,LightGBM,medmape,86,37.482681908167095,34.23703884315718
energidrikke,LightGBM,medmape,87,35.580858382048035,34.23703884315718
energidrikke,LightGBM,medmape,88,34.3016160829021,34.23703884315718
energidrikke,LightGBM,medmape,89,35.865064373058736,34.23703884315718
energidrikke,LightGBM,medmape,90,38.335019083557206,34.23703884315718
energidrikke,LightGBM,medmape,91,35.020874212309884,34.23703884315718
energidrikke,LightGBM,medmape,92,34.36926417691213,34.23703884315718
energidrikke,LightGBM,medmape,93,34.840500584945225,34.23703884315718
energidrikke,LightGBM,medmape,94,37.214622077977324,34.23703884315718
energidrikke,LightGBM,medmape,95,35.60143467284563,34.23703884315718
energidrikke,LightGBM,medmape,96,34.22892885238315,34.22892885238315
energidrikke,LightGBM,medmape,97,36.42771100855994,34.22892885238315
energidrikke,LightGBM,medmape,98,35.151715043013525,34.22892885238315
energidrikke,LightGBM,medmape,99,34.579074547056464,34.22892885238315
energidrikke,XGBoost,wmape,0,12.121483970508216,12.121483970508216
energidrikke,XGBoost,wmape,1,13.000819511719294,12.121483970508216
energidrikke,XGBoost,wmape,2,15.19070020241027,12.121483970508216
energidrikke,XGBoost,wmape,3,12.558589077210877,12.121483970508216
energidrikke,XGBoost,wmape,4,12.953395082380897,12.121483970508216
energidrikke,XGBoost,wmape,5,15.456667275491581,12.121483970508216
energidrikke,XGBoost,wmape,6,14.8069092768207,12.121483970508216
energidrikke,XGBoost,wmape,7,14.387393979280155,12.121483970508216
energidrikke,XGBoost,wmape,8,11.939931325149477,11.939931325149477
energidrikke,XGBoost,wmape,9,14.257011033106217,11.939931325149477
energidrikke,XGBoost,wmape,10,12.022258601852856,11.939931325149477
energidrikke,XGBoost,wmape,11,12.086580599014017,11.939931325149477
energidrikke,XGBoost,wmape,12,12.026772026702396,11.939931325149477
energidrikke,XGBoost,wmape,13,11.808491219019023,11.808491219019023
energidrikke,XGBoost,wmape,14,12.023303225474258,11.808491219019023
energidrikke,XGBoost,wmape,15,11.961802703164322,11.808491219019023
energidrikke,XGBoost,wmape,16,11.553536919552986,11.553536919552986
energidrikke,XGBoost,wmape,17,11.62758362692908,11.553536919552986
energidrikke,XGBoost,wmape,18,12.170607508972141,11.553536919552986
energidrikke,XGBoost,wmape,19,11.488594615041256,11.488594615041256
energidrikke,XGBoost,wmape,20,13.209556487164194,11.488594615041256
energidrikke,XGBoost,wmape,21,11.66619766699906,11.488594615041256
energidrikke,XGBoost,wmape,22,11.395137099914406,11.395137099914406
energidrikke,XGBoost,wmape,23,11.113257237260358,11.113257237260358
energidrikke,XGBoost,wmape,24,11.354810736428405,11.113257237260358
energidrikke,XGBoost,wmape,25,11.180089641570566,11.113257237260358
energidrikke,XGBoost,wmape,26,11.740426333835844,11.113257237260358
energidrikke,XGBoost,wmape,27,11.7894078075595,11.113257237260358
energidrikke,XGBoost,wmape,28,11.173777263255428,11.113257237260358
energidrikke,XGBoost,wmape,29,11.700333324821164,11.113257237260358
energidrikke,XGBoost,wmape,30,11.357855911494683,11.113257237260358
energidrikke,XGBoost,wmape,31,11.171743837111105,11.113257237260358
energidrikke,XGBoost,wmape,32,11.03060047951107,11.03060047951107
energidrikke,XGBoost,wmape,33,11.765645177915712,11.03060047951107
energidrikke,XGBoost,wmape,34,12.11092466405296,11.03060047951107
energidrikke,XGBoost,wmape,35,11.344447203863346,11.03060047951107
energidrikke,XGBoost,wmape,36,11.365798426759511,11.03060047951107
energidrikke,XGBoost,wmape,37,12.143327424756894,11.03060047951107
energidrikke,XGBoost,wmape,38,12.024182230607225,11.03060047951107
energidrikke,XGBoost,wmape,39,11.711683988277711,11.03060047951107
energidrikke,XGBoost,wmape,40,13.568422210918262,11.03060047951107
energidrikke,XGBoost,wmape,41,11.095387448715453,11.03060047951107
energidrikke,XGBoost,wmape,42,11.302707064296762,11.03060047951107
energidrikke,XGBoost,wmape,43,11.277279115731686,11.03060047951107
energidrikke,XGBoost,wmape,44,11.021323937793015,11.021323937793015
energidrikke,XGBoost,wmape,45,11.519719594535216,11.021323937793015
energidrikke,XGBoost,wmape,46,11.380937361624337,11.021323937793015
energidrikke,XGBoost,wmape,47,10.998094301500023,10.998094301500023
energidrikke,XGBoost,wmape,48,12.190228443160152,10.998094301500023
energidrikke,XGBoost,wmape,49,11.775426884978442,10.998094301500023
energidrikke,XGBoost,wmape,50,11.461120268548655,10.998094301500023
energidrikke,XGBoost,wmape,51,11.444209549345622,10.998094301500023
energidrikke,XGBoost,wmape,52,11.171085506660695,10.998094301500023
energidrikke,XGBoost,wmape,53,11.001190579136178,10.998094301500023
energidrikke,XGBoost,wmape,54,11.623358450010722,10.998094301500023
energidrikke,XGBoost,wmape,55,11.06657028116244,10.998094301500023
energidrikke,XGBoost,wmape,56,11.439360582496182,10.998094301500023
energidrikke,XGBoost,wmape,57,11.588182119668419,10.998094301500023
energidrikke,XGBoost,wmape,58,11.915307884890705,10.998094301500023
energidrikke,XGBoost,wmape,59,12.542631404090157,10.998094301500023
energidrikke,XGBoost,wmape,60,11.969651105074515,10.998094301500023
energidrikke,XGBoost,wmape,61,11.569868248694833,10.998094301500023
energidrikke,XGBoost,wmape,62,11.366751770729799,10.998094301500023
energidrikke,XGBoost,wmape,63,11.745168439752216,10.998094301500023
energidrikke,XGBoost,wmape,64,10.944899288661203,10.944899288661203
energidrikke,XGBoost,wmape,65,10.935050079169367,10.935050079169367
energidrikke,XGBoost,wmape,66,10.563933383569584,10.563933383569584
energidrikke,XGBoost,wmape,67,11.087757027157066,10.563933383569584
energidrikke,XGBoost,wmape,68,11.031485430594755,10.563933383569584
energidrikke,XGBoost,wmape,69,11.292449105623025,10.563933383569584
energidrikke,XGBoost,wmape,70,12.030225121753775,10.563933383569584
energidrikke,XGBoost,wmape,71,11.372872843323352,10.563933383569584
energidrikke,XGBoost,wmape,72,11.17265013115529,10.563933383569584
energidrikke,XGBoost,wmape,73,11.333154810567779,10.563933383569584
energidrikke,XGBoost,wmape,74,11.921958415603982,10.563933383569584
energidrikke,XGBoost,wmape,75,11.732512251827632,10.563933383569584
energidrikke,XGBoost,wmape,76,10.777848166925821,10.563933383569584
energidrikke,XGBoost,wmape,77,11.706422293123325,10.563933383569584
energidrikke,XGBoost,wmape,78,11.56121262752645,10.563933383569584
energidrikke,XGBoost,wmape,79,11.069469809399111,10.563933383569584
energidrikke,XGBoost,wmape,80,11.298180504581058,10.563933383569584
energidrikke,XGBoost,wmape,81,11.387596624696187,10.563933383569584
energidrikke,XGBoost,wmape,82,10.911242580262916,10.563933383569584
energidrikke,XGBoost,wmape,83,11.16069664061013,10.563933383569584
energidrikke,XGBoost,wmape,84,13.938991497118598,10.563933383569584
energidrikke,XGBoost,wmape,85,11.639899999777114,10.563933383569584
energidrikke,XGBoost,wmape,86,11.443418959662154,10.563933383569584
energidrikke,XGBoost,wmape,87,11.610913260571376,10.563933383569584
energidrikke,XGBoost,wmape,88,11.246308383483168,10.563933383569584
energidrikke,XGBoost,wmape,89,11.214266486134502,10.563933383569584
energidrikke,XGBoost,wmape,90,11.791957665307265,10.563933383569584
energidrikke,XGBoost,wmape,91,11.156023641543284,10.563933383569584
energidrikke,XGBoost,wmape,92,11.334632859175256,10.563933383569584
energidrikke,XGBoost,wmape,93,11.353085113049861,10.563933383569584
energidrikke,XGBoost,wmape,94,11.415195336112358,10.563933383569584
energidrikke,XGBoost,wmape,95,11.675026333888212,10.563933383569584
energidrikke,XGBoost,wmape,96,11.287726951252083,10.563933383569584
energidrikke,XGBoost,wmape,97,14.635190309227864,10.563933383569584
energidrikke,XGBoost,wmape,98,11.032091098018856,10.563933383569584
energidrikke,XGBoost,wmape,99,11.061996596189433,10.563933383569584
energidrikke,XGBoost,medmape,0,38.18658937704686,38.18658937704686
energidrikke,XGBoost,medmape,1,38.12494513110992,38.12494513110992
energidrikke,XGBoost,medmape,2,35.014581282134785,35.014581282134785
energidrikke,XGBoost,medmape,3,34.30121517947752,34.30121517947752
energidrikke,XGBoost,medmape,4,36.35047404536451,34.30121517947752
energidrikke,XGBoost,medmape,5,34.85759964926605,34.30121517947752
energidrikke,XGBoost,medmape,6,35.21055745025696,34.30121517947752
energidrikke,XGBoost,medmape,7,38.74562506914046,34.30121517947752
energidrikke,XGBoost,medmape,8,36.85067282913712,34.30121517947752
energidrikke,XGBoost,medmape,9,37.98798794120039,34.30121517947752
energidrikke,XGBoost,medmape,10,35.085574119201546,34.30121517947752
energidrikke,XGBoost,medmape,11,37.86153255912792,34.30121517947752
energidrikke,XGBoost,medmape,12,37.57740632811098,34.30121517947752
energidrikke,XGBoost,medmape,13,34.50542177307272,34.30121517947752
energidrikke,XGBoost,medmape,14,36.23790165742409,34.30121517947752
energidrikke,XGBoost,medmape,15,35.89385317934087,34.30121517947752
energidrikke,XGBoost,medmape,16,36.01976016778359,34.30121517947752
energidrikke,XGBoost,medmape,17,36.965209810112384,34.30121517947752
energidrikke,XGBoost,medmape,18,35.1957125831907,34.30121517947752
energidrikke,XGBoost,medmape,19,34.9089574025873,34.30121517947752
energidrikke,XGBoost,medmape,20,33.53018998363545,33.53018998363545
energidrikke,XGBoost,medmape,21,35.02351201455188,33.53018998363545
energidrikke,XGBoost,medmape,22,34.28695911998763,33.53018998363545
energidrikke,XGBoost,medmape,23,34.10707646715019,33.53018998363545
energidrikke,XGBoost,medmape,24,34.44388059488707,33.53018998363545
energidrikke,XGBoost,medmape,25,35.49443690150749,33.53018998363545
energidrikke,XGBoost,medmape,26,35.37511217832847,33.53018998363545
energidrikke,XGBoost,medmape,27,34.573904213737286,33.53018998363545
energidrikke,XGBoost,medmape,28,34.77867877699068,33.53018998363545
energidrikke,XGBoost,medmape,29,35.51381912447593,33.53018998363545
energidrikke,XGBoost,medmape,30,34.49555209984271,33.53018998363545
energidrikke,XGBoost,medmape,31,35.546779090775516,33.53018998363545
energidrikke,XGBoost,medmape,32,32.901494792399816,32.901494792399816
energidrikke,XGBoost,medmape,33,33.86740212431698,32.901494792399816
energidrikke,XGBoost,medmape,34,33.344499332696344,32.901494792399816
energidrikke,XGBoost,medmape,35,35.646562588414255,32.901494792399816
energidrikke,XGBoost,medmape,36,33.969780882982334,32.901494792399816
energidrikke,XGBoost,medmape,37,35.83079573176463,32.901494792399816
energidrikke,XGBoost,medmape,38,35.51896165670158,32.901494792399816
energidrikke,XGBoost,medmape,39,33.47456224252757,32.901494792399816
energidrikke,XGBoost,medmape,40,34.742864121942446,32.901494792399816
energidrikke,XGBoost,medmape,41,32.813853719791226,32.813853719791226
energidrikke,XGBoost,medmape,42,32.553260193538236,32.553260193538236
energidrikke,XGBoost,medmape,43,33.86369926258622,32.553260193538236
energidrikke,XGBoost,medmape,44,36.61134866991155,32.553260193538236
energidrikke,XGBoost,medmape,45,33.3891173884071,32.553260193538236
energidrikke,XGBoost,medmape,46,33.49943984348439,32.553260193538236
energidrikke,XGBoost,medmape,47,35.37522386701336,32.553260193538236
energidrikke,XGBoost,medmape,48,35.30620666681177,32.553260193538236
energidrikke,XGBoost,medmape,49,36.51040859525044,32.553260193538236
energidrikke,XGBoost,medmape,50,33.48856480594159,32.553260193538236
energidrikke,XGBoost,medmape,51,32.15217769335995,32.15217769335995
energidrikke,XGBoost,medmape,52,33.570213640069724,32.15217769335995
energidrikke,XGBoost,medmape,53,33.38424282138375,32.15217769335995
energidrikke,XGBoost,medmape,54,35.26951281991452,32.15217769335995
energidrikke,XGBoost,medmape,55,34.23309337695817,32.15217769335995
energidrikke,XGBoost,medmape,56,36.69150992805951,32.15217769335995
energidrikke,XGBoost,medmape,57,33.98791051236614,32.15217769335995
energidrikke,XGBoost,medmape,58,33.37589675710179,32.15217769335995
energidrikke,XGBoost,medmape,59,35.15659234051894,32.15217769335995
energidrikke,XGBoost,medmape,60,34.71009794176274,32.15217769335995
energidrikke,XGBoost,medmape,61,33.52682178880087,32.15217769335995
energidrikke,XGBoost,medmape,62,35.042293821511414,32.15217769335995
energidrikke,XGBoost,medmape,63,35.01072644078616,32.15217769335995
energidrikke,XGBoost,medmape,64,33.88385166749902,32.15217769335995
energidrikke,XGBoost,medmape,65,34.01745455673557,32.15217769335995
energidrikke,XGBoost,medmape,66,33.02085024249199,32.15217769335995
energidrikke,XGBoost,medmape,67,33.335427144830234,32.15217769335995
energidrikke,XGBoost,medmape,68,36.0251427555688,32.15217769335995
energidrikke,XGBoost,medmape,69,35.403178165918064,32.15217769335995
energidrikke,XGBoost,medmape,70,33.06027460033428,32.15217769335995
energidrikke,XGBoost,medmape,71,37.47560367009752,32.15217769335995
energidrikke,XGBoost,medmape,72,33.96456079061427,32.15217769335995
energidrikke,XGBoost,medmape,73,34.93248647346178,32.15217769335995
energidrikke,XGBoost,medmape,74,34.97174457647268,32.15217769335995
energidrikke,XGBoost,medmape,75,36.88347855131887,32.15217769335995
energidrikke,XGBoost,medmape,76,38.350516534429424,32.15217769335995
energidrikke,XGBoost,medmape,77,33.19788511479695,32.15217769335995
energidrikke,XGBoost,medmape,78,35.17641765510043,32.15217769335995
energidrikke,XGBoost,medmape,79,34.002024979780025,32.15217769335995
energidrikke,XGBoost,medmape,80,33.95916250801108,32.15217769335995
energidrikke,XGBoost,medmape,81,35.272358072770785,32.15217769335995
energidrikke,XGBoost,medmape,82,36.41938423263674,32.15217769335995
energidrikke,XGBoost,medmape,83,34.275105910931856,32.15217769335995
energidrikke,XGBoost,medmape,84,36.96197198505348,32.15217769335995
energidrikke,XGBoost,medmape,85,34.60964100653215,32.15217769335995
energidrikke,XGBoost,medmape,86,34.079222014351565,32.15217769335995
energidrikke,XGBoost,medmape,87,35.12660523563356,32.15217769335995
energidrikke,XGBoost,medmape,88,37.452791318304165,32.15217769335995
energidrikke,XGBoost,medmape,89,35.46534669959881,32.15217769335995
energidrikke,XGBoost,medmape,90,33.27628557855163,32.15217769335995
energidrikke,XGBoost,medmape,91,34.82790562486856,32.15217769335995
energidrikke,XGBoost,medmape,92,34.60052866745579,32.15217769335995
energidrikke,XGBoost,medmape,93,32.50954627290506,32.15217769335995
energidrikke,XGBoost,medmape,94,35.903582204287034,32.15217769335995
energidrikke,XGBoost,medmape,95,34.07464593592877,32.15217769335995
energidrikke,XGBoost,medmape,96,33.4153338448827,32.15217769335995
energidrikke,XGBoost,medmape,97,34.721956497025914,32.15217769335995
energidrikke,XGBoost,medmape,98,34.43263888424184,32.15217769335995
energidrikke,XGBoost,medmape,99,34.252482883555324,32.15217769335995
RTD,LightGBM,wmape,0,35.809327653506415,35.809327653506415
RTD,LightGBM,wmape,1,41.60449872856528,35.809327653506415
RTD,LightGBM,wmape,2,31.456094980818076,31.456094980818076
RTD,LightGBM,wmape,3,30.586222699956586,30.586222699956586
RTD,LightGBM,wmape,4,34.337176215903206,30.586222699956586
RTD,LightGBM,wmape,5,52.33263331524502,30.586222699956586
RTD,LightGBM,wmape,6,39.17591542954044,30.586222699956586
RTD,LightGBM,wmape,7,39.925295492278494,30.586222699956586
RTD,LightGBM,wmape,8,44.94998079839613,30.586222699956586
RTD,LightGBM,wmape,9,31.86361820478065,30.586222699956586
RTD,LightGBM,wmape,10,28.904776143405215,28.904776143405215
RTD,LightGBM,wmape,11,29.819775076721093,28.904776143405215
RTD,LightGBM,wmape,12,30.432203912784885,28.904776143405215
RTD,LightGBM,wmape,13,30.161700058050297,28.904776143405215
RTD,LightGBM,wmape,14,31.288773638309287,28.904776143405215
RTD,LightGBM,wmape,15,31.513569847419735,28.904776143405215
RTD,LightGBM,wmape,16,29.5603233526394,28.904776143405215
RTD,LightGBM,wmape,17,31.551056387810867,28.904776143405215
RTD,LightGBM,wmape,18,31.229133350110885,28.904776143405215
RTD,LightGBM,wmape,19,30.724804893260284,28.904776143405215
RTD,LightGBM,wmape,20,29.354969899437954,28.904776143405215
RTD,LightGBM,wmape,21,32.19345742697428,28.904776143405215
RTD,LightGBM,wmape,22,28.568168365392214,28.568168365392214
RTD,LightGBM,wmape,23,33.27821002245295,28.568168365392214
RTD,LightGBM,wmape,24,29.098634451379038,28.568168365392214
RTD,LightGBM,wmape,25,31.430639440784716,28.568168365392214
RTD,LightGBM,wmape,26,30.54851186330977,28.568168365392214
RTD,LightGBM,wmape,27,31.05249064751194,28.568168365392214
RTD,LightGBM,wmape,28,28.738009833292356,28.568168365392214
RTD,LightGBM,wmape,29,31.15903279740784,28.568168365392214
RTD,LightGBM,wmape,30,32.266051013413346,28.568168365392214
RTD,LightGBM,wmape,31,29.684084418894514,28.568168365392214
RTD,LightGBM,wmape,32,29.070969343470765,28.568168365392214
RTD,LightGBM,wmape,33,29.902205187584723,28.568168365392214
RTD,LightGBM,wmape,34,28.910844676756028,28.568168365392214
RTD,LightGBM,wmape,35,31.854896365090646,28.568168365392214
RTD,LightGBM,wmape,36,30.379974049419943,28.568168365392214
RTD,LightGBM,wmape,37,30.228165179222003,28.568168365392214
RTD,LightGBM,wmape,38,30.760211751569205,28.568168365392214
RTD,LightGBM,wmape,39,29.46274928700261,28.568168365392214
RTD,LightGBM,wmape,40,34.45581374668464,28.568168365392214
RTD,LightGBM,wmape,41,28.788991211993267,28.568168365392214
RTD,LightGBM,wmape,42,31.03553704310813,28.568168365392214
RTD,LightGBM,wmape,43,29.318263450373742,28.568168365392214
RTD,LightGBM,wmape,44,31.515344679198048,28.568168365392214
RTD,LightGBM,wmape,45,30.114804297644774,28.568168365392214
RTD,LightGBM,wmape,46,52.53489383446884,28.568168365392214
RTD,LightGBM,wmape,47,44.76213582742177,28.568168365392214
RTD,LightGBM,wmape,48,29.542574426662362,28.568168365392214
RTD,LightGBM,wmape,49,31.228734417360133,28.568168365392214
RTD,LightGBM,wmape,50,29.43451265083959,28.568168365392214
RTD,LightGBM,wmape,51,29.43885618292125,28.568168365392214
RTD,LightGBM,wmape,52,31.56200244454932,28.568168365392214
RTD,LightGBM,wmape,53,29.61455761332826,28.568168365392214
RTD,LightGBM,wmape,54,29.471504377896057,28.568168365392214
RTD,LightGBM,wmape,55,39.32707963648237,28.568168365392214
RTD,LightGBM,wmape,56,29.413278495895856,28.568168365392214
RTD,LightGBM,wmape,57,29.03990479519284,28.568168365392214
RTD,LightGBM,wmape,58,31.14652332708972,28.568168365392214
RTD,LightGBM,wmape,59,31.966002922980753,28.568168365392214
RTD,LightGBM,wmape,60,31.920743813101492,28.568168365392214
RTD,LightGBM,wmape,61,28.90404485276699,28.568168365392214
RTD,LightGBM,wmape,62,32.22473381941182,28.568168365392214
RTD,LightGBM,wmape,63,29.14416947165195,28.568168365392214
RTD,LightGBM,wmape,64,29.962498289467014,28.568168365392214
RTD,LightGBM,wmape,65,31.65807501000225,28.568168365392214
RTD,LightGBM,wmape,66,29.094530229934424,28.568168365392214
RTD,LightGBM,wmape,67,30.906066111508373,28.568168365392214
RTD,LightGBM,wmape,68,28.792673680858496,28.568168365392214
RTD,LightGBM,wmape,69,28.149004932925923,28.149004932925923
RTD,LightGBM,wmape,70,28.681289525941107,28.149004932925923
RTD,LightGBM,wmape,71,29.158352021018032,28.149004932925923
RTD,LightGBM,wmape,72,28.491113829602238,28.149004932925923
RTD,LightGBM,wmape,73,28.99105340069402,28.149004932925923
RTD,LightGBM,wmape,74,30.363217781936708,28.149004932925923
RTD,LightGBM,wmape,75,31.622228832085966,28.149004932925923
RTD,LightGBM,wmape,76,28.792242372630227,28.149004932925923
RTD,LightGBM,wmape,77,29.030442621630346,28.149004932925923
RTD,LightGBM,wmape,78,27.922907667606417,27.922907667606417
RTD,LightGBM,wmape,79,30.715445346828723,27.922907667606417
RTD,LightGBM,wmape,80,28.418000803758737,27.922907667606417
RTD,LightGBM,wmape,81,28.199825730606356,27.922907667606417
RTD,LightGBM,wmape,82,28.10331021875531,27.922907667606417
RTD,LightGBM,wmape,83,31.960095644938367,27.922907667606417
RTD,LightGBM,wmape,84,29.083619828081197,27.922907667606417
RTD,LightGBM,wmape,85,30.173769835092756,27.922907667606417
RTD,LightGBM,wmape,86,30.181904095253604,27.922907667606417
RTD,LightGBM,wmape,87,28.508875584382423,27.922907667606417
RTD,LightGBM,wmape,88,31.874240328117725,27.922907667606417
RTD,LightGBM,wmape,89,28.413246474520502,27.922907667606417
RTD,LightGBM,wmape,90,28.909880973609095,27.922907667606417
RTD,LightGBM,wmape,91,28.321790383741064,27.922907667606417
RTD,LightGBM,wmape,92,28.3391788151768,27.922907667606417
RTD,LightGBM,wmape,93,28.639135098380635,27.922907667606417
RTD,LightGBM,wmape,94,30.633247388756573,27.922907667606417
RTD,LightGBM,wmape,95,32.96551027361188,27.922907667606417
RTD,LightGBM,wmape,96,28.559537269516998,27.922907667606417
RTD,LightGBM,wmape,97,28.71169688429446,27.922907667606417
RTD,LightGBM,wmape,98,28.157353157405552,27.922907667606417
RTD,LightGBM,wmape,99,29.674981718978938,27.922907667606417
RTD,LightGBM,medmape,0,40.06162157059198,40.06162157059198
RTD,LightGBM,medmape,1,40.28804766690858,40.06162157059198
RTD,LightGBM,medmape,2,35.97109401387095,35.97109401387095
RTD,LightGBM,medmape,3,35.501762304565695,35.501762304565695
RTD,LightGBM,medmape,4,38.05954694898387,35.501762304565695
RTD,LightGBM,medmape,5,38.69880050238991,35.501762304565695
RTD,LightGBM,medmape,6,35.88543899961996,35.501762304565695
RTD,LightGBM,medmape,7,39.18758910345413,35.501762304565695
RTD,LightGBM,medmape,8,37.89749557543464,35.501762304565695
RTD,LightGBM,medmape,9,36.49721606044091,35.501762304565695
RTD,LightGBM,medmape,10,33.54332579939052,33.54332579939052
RTD,LightGBM,medmape,11,35.45012513423907,33.54332579939052
RTD,LightGBM,medmape,12,33.9929691095888,33.54332579939052
RTD,LightGBM,medmape,13,34.76165430975094,33.54332579939052
RTD,LightGBM,medmape,14,36.27199884577103,33.54332579939052
RTD,LightGBM,medmape,15,36.492915011252066,33.54332579939052
RTD,LightGBM,medmape,16,35.57389752563257,33.54332579939052
RTD,LightGBM,medmape,17,36.71377856998507,33.54332579939052
RTD,LightGBM,medmape,18,34.60873548350975,33.54332579939052
RTD,LightGBM,medmape,19,37.23308949727898,33.54332579939052
RTD,LightGBM,medmape,20,35.51808152354637,33.54332579939052
RTD,LightGBM,medmape,21,34.505061959103585,33.54332579939052
RTD,LightGBM,medmape,22,34.60901631618559,33.54332579939052
RTD,LightGBM,medmape,23,36.40224198160705,33.54332579939052
RTD,LightGBM,medmape,24,36.338237237493495,33.54332579939052
RTD,LightGBM,medmape,25,37.374980033360146,33.54332579939052
RTD,LightGBM,medmape,26,36.759471281839865,33.54332579939052
RTD,LightGBM,medmape,27,35.25332326035726,33.54332579939052
RTD,LightGBM,medmape,28,34.36943157927313,33.54332579939052
RTD,LightGBM,medmape,29,35.69913476858636,33.54332579939052
RTD,LightGBM,medmape,30,37.62664108007971,33.54332579939052
RTD,LightGBM,medmape,31,35.087358002470125,33.54332579939052
RTD,LightGBM,medmape,32,33.55592241056478,33.54332579939052
RTD,LightGBM,medmape,33,35.34948603668634,33.54332579939052
RTD,LightGBM,medmape,34,36.282618386783675,33.54332579939052
RTD,LightGBM,medmape,35,35.86007771845621,33.54332579939052
RTD,LightGBM,medmape,36,36.30645930159688,33.54332579939052
RTD,LightGBM,medmape,37,34.08270310612896,33.54332579939052
RTD,LightGBM,medmape,38,33.84707393192659,33.54332579939052
RTD,LightGBM,medmape,39,37.919162651782564,33.54332579939052
RTD,LightGBM,medmape,40,34.69877017952343,33.54332579939052
RTD,LightGBM,medmape,41,34.452485272524996,33.54332579939052
RTD,LightGBM,medmape,42,35.54595504064078,33.54332579939052
RTD,LightGBM,medmape,43,34.61320035245889,33.54332579939052
RTD,LightGBM,medmape,44,33.00527841203922,33.00527841203922
RTD,LightGBM,medmape,45,36.179157246065145,33.00527841203922
RTD,LightGBM,medmape,46,38.96852208353148,33.00527841203922
RTD,LightGBM,medmape,47,37.442448036092514,33.00527841203922
RTD,LightGBM,medmape,48,33.30742209825154,33.00527841203922
RTD,LightGBM,medmape,49,34.70199717495935,33.00527841203922
RTD,LightGBM,medmape,50,34.47453739919509,33.00527841203922
RTD,LightGBM,medmape,51,34.33485714640585,33.00527841203922
RTD,LightGBM,medmape,52,33.78806986070014,33.00527841203922
RTD,LightGBM,medmape,53,32.98551343158235,32.98551343158235
RTD,LightGBM,medmape,54,38.10458124664657,32.98551343158235
RTD,LightGBM,medmape,55,34.1746233901352,32.98551343158235
RTD,LightGBM,medmape,56,34.51575331560206,32.98551343158235
RTD,LightGBM,medmape,57,33.07309212092109,32.98551343158235
RTD,LightGBM,medmape,58,33.61346125470375,32.98551343158235
RTD,LightGBM,medmape,59,34.964673867786175,32.98551343158235
RTD,LightGBM,medmape,60,35.86785351437664,32.98551343158235
RTD,LightGBM,medmape,61,34.12062990929383,32.98551343158235
RTD,LightGBM,medmape,62,34.14855950605543,32.98551343158235
RTD,LightGBM,medmape,63,37.58722953463125,32.98551343158235
RTD,LightGBM,medmape,64,34.0321431230921,32.98551343158235
RTD,LightGBM,medmape,65,33.418078446183685,32.98551343158235
RTD,LightGBM,medmape,66,35.16517649932633,32.98551343158235
RTD,LightGBM,medmape,67,34.483925685207524,32.98551343158235
RTD,LightGBM,medmape,68,34.58448947686445,32.98551343158235
RTD,LightGBM,medmape,69,35.35633713327351,32.98551343158235
RTD,LightGBM,medmape,70,33.636769218556296,32.98551343158235
RTD,LightGBM,medmape,71,33.73494395589272,32.98551343158235
RTD,LightGBM,medmape,72,33.24768242647605,32.98551343158235
RTD,LightGBM,medmape,73,32.69192192659611,32.69192192659611
RTD,LightGBM,medmape,74,33.46519833846642,32.69192192659611
RTD,LightGBM,medmape,75,34.13125841379305,32.69192192659611
RTD,LightGBM,medmape,76,34.202210962336565,32.69192192659611
RTD,LightGBM,medmape,77,33.61942117257256,32.69192192659611
RTD,LightGBM,medmape,78,34.520669236126,32.69192192659611
RTD,LightGBM,medmape,79,35.08631566266649,32.69192192659611
RTD,LightGBM,medmape,80,33.587540657286894,32.69192192659611
RTD,LightGBM,medmape,81,33.5733699009088,32.69192192659611
RTD,LightGBM,medmape,82,34.48144690416647,32.69192192659611
RTD,LightGBM,medmape,83,33.23621405570122,32.69192192659611
RTD,LightGBM,medmape,84,35.117452306748454,32.69192192659611
RTD,LightGBM,medmape,85,33.45971524841573,32.69192192659611
RTD,LightGBM,medmape,86,34.67445880756931,32.69192192659611
RTD,LightGBM,medmape,87,35.286591963683335,32.69192192659611
RTD,LightGBM,medmape,88,34.236401742019396,32.69192192659611
RTD,LightGBM,medmape,89,34.5940245060644,32.69192192659611
RTD,LightGBM,medmape,90,35.39340781355113,32.69192192659611
RTD,LightGBM,medmape,91,34.00367039493811,32.69192192659611
RTD,LightGBM,medmape,92,33.82771981372046,32.69192192659611
RTD,LightGBM,medmape,93,34.738746075041504,32.69192192659611
RTD,LightGBM,medmape,94,35.13435186534837,32.69192192659611
RTD,LightGBM,medmape,95,34.95965907639527,32.69192192659611
RTD,LightGBM,medmape,96,34.181619420679304,32.69192192659611
RTD,LightGBM,medmape,97,34.22308893954667,32.69192192659611
RTD,LightGBM,medmape,98,34.17433665515355,32.69192192659611
RTD,LightGBM,medmape,99,34.01403088699995,32.69192192659611
RTD,XGBoost,wmape,0,31.1277706782481,31.1277706782481
RTD,XGBoost,wmape,1,30.62610804575415,30.62610804575415
RTD,XGBoost,wmape,2,29.94293461820949,29.94293461820949
RTD,XGBoost,wmape,3,28.65748190340222,28.65748190340222
RTD,XGBoost,wmape,4,29.596185767618707,28.65748190340222
RTD,XGBoost,wmape,5,31.554086587171017,28.65748190340222
RTD,XGBoost,wmape,6,30.259452200548104,28.65748190340222
RTD,XGBoost,wmape,7,29.47075762557032,28.65748190340222
RTD,XGBoost,wmape,8,29.835416967507545,28.65748190340222
RTD,XGBoost,wmape,9,31.240281964947307,28.65748190340222
RTD,XGBoost,wmape,10,28.60736432918352,28.60736432918352
RTD,XGBoost,wmape,11,29.347214378333344,28.60736432918352
RTD,XGBoost,wmape,12,29.262262815843368,28.60736432918352
RTD,XGBoost,wmape,13,28.773814788522493,28.60736432918352
RTD,XGBoost,wmape,14,29.443708610973086,28.60736432918352
RTD,XGBoost,wmape,15,29.43567827727678,28.60736432918352
RTD,XGBoost,wmape,16,28.436036931360167,28.436036931360167
RTD,XGBoost,wmape,17,29.407818491890314,28.436036931360167
RTD,XGBoost,wmape,18,29.776636187344387,28.436036931360167
RTD,XGBoost,wmape,19,30.825041463869617,28.436036931360167
RTD,XGBoost,wmape,20,29.230654598924794,28.436036931360167
RTD,XGBoost,wmape,21,28.199158079905143,28.199158079905143
RTD,XGBoost,wmape,22,28.735084333767357,28.199158079905143
RTD,XGBoost,wmape,23,29.298735398465638,28.199158079905143
RTD,XGBoost,wmape,24,28.988193734835402,28.199158079905143
RTD,XGBoost,wmape,25,29.642990491484287,28.199158079905143
RTD,XGBoost,wmape,26,29.14941064643415,28.199158079905143
RTD,XGBoost,wmape,27,29.15365875524784,28.199158079905143
RTD,XGBoost,wmape,28,29.50832113918927,28.199158079905143
RTD,XGBoost,wmape,29,30.904485906864593,28.199158079905143
RTD,XGBoost,wmape,30,28.90508817474292,28.199158079905143
RTD,XGBoost,wmape,31,28.673225665278686,28.199158079905143
RTD,XGBoost,wmape,32,32.77635393186169,28.199158079905143
RTD,XGBoost,wmape,33,29.375558115827616,28.199158079905143
RTD,XGBoost,wmape,34,29.843258503260444,28.199158079905143
RTD,XGBoost,wmape,35,29.081688962277795,28.199158079905143
RTD,XGBoost,wmape,36,29.555768559920054,28.199158079905143
RTD,XGBoost,wmape,37,30.288842164189266,28.199158079905143
RTD,XGBoost,wmape,38,29.550128357893406,28.199158079905143
RTD,XGBoost,wmape,39,30.02920716469611,28.199158079905143
RTD,XGBoost,wmape,40,29.740752306576148,28.199158079905143
RTD,XGBoost,wmape,41,28.63637392836775,28.199158079905143
RTD,XGBoost,wmape,42,29.14361732899391,28.199158079905143
RTD,XGBoost,wmape,43,29.335264876471133,28.199158079905143
RTD,XGBoost,wmape,44,29.519330138424195,28.199158079905143
RTD,XGBoost,wmape,45,41.203737507701256,28.199158079905143
RTD,XGBoost,wmape,46,28.629855325066202,28.199158079905143
RTD,XGBoost,wmape,47,29.457289070592232,28.199158079905143
RTD,XGBoost,wmape,48,29.089791404661938,28.199158079905143
RTD,XGBoost,wmape,49,30.34883781428681,28.199158079905143
RTD,XGBoost,wmape,50,28.819547516470166,28.199158079905143
RTD,XGBoost,wmape,51,29.33458263723756,28.199158079905143
RTD,XGBoost,wmape,52,30.065330997049962,28.199158079905143
RTD,XGBoost,wmape,53,29.44692595201151,28.199158079905143
RTD,XGBoost,wmape,54,29.328158383920027,28.199158079905143
RTD,XGBoost,wmape,55,28.757754155979505,28.199158079905143
RTD,XGBoost,wmape,56,36.505190391586694,28.199158079905143
RTD,XGBoost,wmape,57,32.132554569814296,28.199158079905143
RTD,XGBoost,wmape,58,29.146701843025635,28.199158079905143
RTD,XGBoost,wmape,59,28.970774671779168,28.199158079905143
RTD,XGBoost,wmape,60,30.19726556989208,28.199158079905143
RTD,XGBoost,wmape,61,29.25967703451837,28.199158079905143
RTD,XGBoost,wmape,62,28.18979664856569,28.18979664856569
RTD,XGBoost,wmape,63,29.2100099404953,28.18979664856569
RTD,XGBoost,wmape,64,28.733312039394086,28.18979664856569
RTD,XGBoost,wmape,65,29.954148611950686,28.18979664856569
RTD,XGBoost,wmape,66,29.17811461062569,28.18979664856569
RTD,XGBoost,wmape,67,29.699933909660118,28.18979664856569
RTD,XGBoost,wmape,68,28.889003380425997,28.18979664856569
RTD,XGBoost,wmape,69,28.736202022207586,28.18979664856569
RTD,XGBoost,wmape,70,29.422457609653186,28.18979664856569
RTD,XGBoost,wmape,71,29.47950401430999,28.18979664856569
RTD,XGBoost,wmape,72,28.618475140172094,28.18979664856569
RTD,XGBoost,wmape,73,29.22804735510442,28.18979664856569
RTD,XGBoost,wmape,74,29.360088303267144,28.18979664856569
RTD,XGBoost,wmape,75,29.308504648921343,28.18979664856569
RTD,XGBoost,wmape,76,28.953475298447543,28.18979664856569
RTD,XGBoost,wmape,77,29.27277542918509,28.18979664856569
RTD,XGBoost,wmape,78,29.40041127174668,28.18979664856569
RTD,XGBoost,wmape,79,30.236102369752693,28.18979664856569
RTD,XGBoost,wmape,80,28.43223591259668,28.18979664856569
RTD,XGBoost,wmape,81,29.333689490990757,28.18979664856569
RTD,XGBoost,wmape,82,29.02978805752644,28.18979664856569
RTD,XGBoost,wmape,83,29.270528152388593,28.18979664856569
RTD,XGBoost,wmape,84,29.135150824362242,28.18979664856569
RTD,XGBoost,wmape,85,28.8262028285436,28.18979664856569
RTD,XGBoost,wmape,86,29.24099273191166,28.18979664856569
RTD,XGBoost,wmape,87,29.032152278956286,28.18979664856569
RTD,XGBoost,wmape,88,30.65160055030177,28.18979664856569
RTD,XGBoost,wmape,89,27.969958067274366,27.969958067274366
RTD,XGBoost,wmape,90,29.97988860765594,27.969958067274366
RTD,XGBoost,wmape,91,28.272988587980684,27.969958067274366
RTD,XGBoost,wmape,92,28.628970150133533,27.969958067274366
RTD,XGBoost,wmape,93,29.168939677258212,27.969958067274366
RTD,XGBoost,wmape,94,29.1415584040859,27.969958067274366
RTD,XGBoost,wmape,95,29.353163728570188,27.969958067274366
RTD,XGBoost,wmape,96,28.751877834357046,27.969958067274366
RTD,XGBoost,wmape,97,28.723294640115355,27.969958067274366
RTD,XGBoost,wmape,98,28.837658476722773,27.969958067274366
RTD,XGBoost,wmape,99,29.576418202016225,27.969958067274366
RTD,XGBoost,medmape,0,36.033425982722335,36.033425982722335
RTD,XGBoost,medmape,1,37.89441290520761,36.033425982722335
RTD,XGBoost,medmape,2,33.7436571200153,33.7436571200153
RTD,XGBoost,medmape,3,32.96898505629842,32.96898505629842
RTD,XGBoost,medmape,4,36.50900164333582,32.96898505629842
RTD,XGBoost,medmape,5,34.268870075492536,32.96898505629842
RTD,XGBoost,medmape,6,33.951476205964404,32.96898505629842
RTD,XGBoost,medmape,7,35.37872047140734,32.96898505629842
RTD,XGBoost,medmape,8,33.91496493904998,32.96898505629842
RTD,XGBoost,medmape,9,34.94944426007923,32.96898505629842
RTD,XGBoost,medmape,10,33.89522277398293,32.96898505629842
RTD,XGBoost,medmape,11,34.16612737362277,32.96898505629842
RTD,XGBoost,medmape,12,34.758969382277925,32.96898505629842
RTD,XGBoost,medmape,13,33.898497645034546,32.96898505629842
RTD,XGBoost,medmape,14,33.15173506887995,32.96898505629842
RTD,XGBoost,medmape,15,33.65066489667254,32.96898505629842
RTD,XGBoost,medmape,16,34.39148329361371,32.96898505629842
RTD,XGBoost,medmape,17,33.386172374222454,32.96898505629842
RTD,XGBoost,medmape,18,34.63261693307937,32.96898505629842
RTD,XGBoost,medmape,19,32.67434754431211,32.67434754431211
RTD,XGBoost,medmape,20,33.97333259111312,32.67434754431211
RTD,XGBoost,medmape,21,33.825540587409165,32.67434754431211
RTD,XGBoost,medmape,22,33.697060042590266,32.67434754431211
RTD,XGBoost,medmape,23,36.96797991206788,32.67434754431211
RTD,XGBoost,medmape,24,33.48212203371283,32.67434754431211
RTD,XGBoost,medmape,25,34.26351761668181,32.67434754431211
RTD,XGBoost,medmape,26,32.89732245275778,32.67434754431211
RTD,XGBoost,medmape,27,32.837927534205924,32.67434754431211
RTD,XGBoost,medmape,28,33.26699758595536,32.67434754431211
RTD,XGBoost,medmape,29,33.9385873313799,32.67434754431211
RTD,XGBoost,medmape,30,33.83825748378319,32.67434754431211
RTD,XGBoost,medmape,31,32.8862525595645,32.67434754431211
RTD,XGBoost,medmape,32,33.42524149053355,32.67434754431211
RTD,XGBoost,medmape,33,33.33368328800091,32.67434754431211
RTD,XGBoost,medmape,34,32.74850617801876,32.67434754431211
RTD,XGBoost,medmape,35,33.697499829158595,32.67434754431211
RTD,XGBoost,medmape,36,33.25940217108705,32.67434754431211
RTD,XGBoost,medmape,37,33.74053611258175,32.67434754431211
RTD,XGBoost,medmape,38,33.65502380764492,32.67434754431211
RTD,XGBoost,medmape,39,33.707593027023876,32.67434754431211
RTD,XGBoost,medmape,40,34.951506186756276,32.67434754431211
RTD,XGBoost,medmape,41,33.74219774469287,32.67434754431211
RTD,XGBoost,medmape,42,33.44431799153436,32.67434754431211
RTD,XGBoost,medmape,43,33.856800253544456,32.67434754431211
RTD,XGBoost,medmape,44,32.99271002152527,32.67434754431211
RTD,XGBoost,medmape,45,34.29737046960874,32.67434754431211
RTD,XGBoost,medmape,46,37.84136904520504,32.67434754431211
RTD,XGBoost,medmape,47,35.0539188151222,32.67434754431211
RTD,XGBoost,medmape,48,34.23485880413301,32.67434754431211
RTD,XGBoost,medmape,49,33.57295753338123,32.67434754431211
RTD,XGBoost,medmape,50,34.264228406820564,32.67434754431211
RTD,XGBoost,medmape,51,34.14264441829141,32.67434754431211
RTD,XGBoost,medmape,52,34.74156224503551,32.67434754431211
RTD,XGBoost,medmape,53,32.065031341532304,32.065031341532304
RTD,XGBoost,medmape,54,31.61542764739667,31.61542764739667
RTD,XGBoost,medmape,55,33.464519271022894,31.61542764739667
RTD,XGBoost,medmape,56,33.12588321958399,31.61542764739667
RTD,XGBoost,medmape,57,33.1401620370218,31.61542764739667
RTD,XGBoost,medmape,58,34.57758137642192,31.61542764739667
RTD,XGBoost,medmape,59,33.44514207827233,31.61542764739667
RTD,XGBoost,medmape,60,34.99898006867259,31.61542764739667
RTD,XGBoost,medmape,61,31.88652144740196,31.61542764739667
RTD,XGBoost,medmape,62,32.78898592726314,31.61542764739667
RTD,XGBoost,medmape,63,32.61805777530743,31.61542764739667
RTD,XGBoost,medmape,64,33.090531548291146,31.61542764739667
RTD,XGBoost,medmape,65,32.65905929149601,31.61542764739667
RTD,XGBoost,medmape,66,33.86084453591191,31.61542764739667
RTD,XGBoost,medmape,67,33.440697056795166,31.61542764739667
RTD,XGBoost,medmape,68,33.60098574767315,31.61542764739667
RTD,XGBoost,medmape,69,33.438231244108685,31.61542764739667
RTD,XGBoost,medmape,70,33.379642300467076,31.61542764739667
RTD,XGBoost,medmape,71,32.817760038492544,31.61542764739667
RTD,XGBoost,medmape,72,33.68237499270625,31.61542764739667
RTD,XGBoost,medmape,73,33.27073731949743,31.61542764739667
RTD,XGBoost,medmape,74,33.06132829271708,31.61542764739667
RTD,XGBoost,medmape,75,33.87626125616076,31.61542764739667
RTD,XGBoost,medmape,76,33.81464756584986,31.61542764739667
RTD,XGBoost,medmape,77,32.59530795681167,31.61542764739667
RTD,XGBoost,medmape,78,32.65695739981606,31.61542764739667
RTD,XGBoost,medmape,79,33.21301212370717,31.61542764739667
RTD,XGBoost,medmape,80,33.76595489764563,31.61542764739667
RTD,XGBoost,medmape,81,33.14203390742115,31.61542764739667
RTD,XGBoost,medmape,82,33.133789418236944,31.61542764739667
RTD,XGBoost,medmape,83,32.69504013656844,31.61542764739667
RTD,XGBoost,medmape,84,34.30963468182237,31.61542764739667
RTD,XGBoost,medmape,85,33.88977206563524,31.61542764739667
RTD,XGBoost,medmape,86,33.57446517190661,31.61542764739667
RTD,XGBoost,medmape,87,33.171782202448235,31.61542764739667
RTD,XGBoost,medmape,88,33.56921492868932,31.61542764739667
RTD,XGBoost,medmape,89,32.9111433126382,31.61542764739667
RTD,XGBoost,medmape,90,34.21044375412424,31.61542764739667
RTD,XGBoost,medmape,91,33.3608608057653,31.61542764739667
RTD,XGBoost,medmape,92,33.2675058046881,31.61542764739667
RTD,XGBoost,medmape,93,33.39694049151406,31.61542764739667
RTD,XGBoost,medmape,94,33.58506822812307,31.61542764739667
RTD,XGBoost,medmape,95,33.49354662373877,31.61542764739667
RTD,XGBoost,medmape,96,33.42143666098061,31.61542764739667
RTD,XGBoost,medmape,97,33.158258828425886,31.61542764739667
RTD,XGBoost,medmape,98,33.746029048321894,31.61542764739667
RTD,XGBoost,medmape,99,32.965056577368486,31.61542764739667
