category,model,brand,ym,mean_forecast,std_forecast,cv
CSD,LightGBM,1724,,134.56504356706841,13.739171580896215,0.10210059920984227
CSD,LightGBM,1724,,164.3121079201172,29.704535023117913,0.18078116944102024
CSD,LightGBM,1724,,209.5346510651494,38.60749371899865,0.18425350424257342
CSD,LightGBM,1724,,123.8526336729494,6.438272033318746,0.0519833276240207
CSD,LightGBM,1724,,163.99931731080764,6.723809579683441,0.04099900956868397
CSD,LightGBM,1724,,115.34296521846038,3.5246996770410526,0.030558427818855247
CSD,LightGBM,1724,,93.99628929954531,10.448446481568745,0.111158073998771
CSD,LightGBM,7-UP,,8717.193414882297,1288.9532712006255,0.14786333282453956
CSD,LightGBM,7-UP,,10123.443351292191,1131.6278462711948,0.1117828990594144
CSD,LightGBM,7-UP,,13359.421239627021,1447.5202543392477,0.10835201827797598
CSD,LightGBM,7-UP,,12625.10477483497,777.0624313013726,0.06154898871415743
CSD,LightGBM,7-UP,,22341.581028346416,2716.49237850434,0.12158908427553651
CSD,LightGBM,7-UP,,46942.59193187606,5810.438140376582,0.12377753126220203
CSD,LightGBM,7-UP,,43648.57519109047,3094.760254681025,0.07090174744839611
CSD,LightGBM,ABBOTT'S,,4.966890747877798,1.1187290385725295,0.2252372953946145
CSD,LightGBM,ABBOTT'S,,0.06559208372630373,0.2703872452959157,4.122254240681867
CSD,LightGBM,ABBOTT'S,,2.601348462910845,0.8691762402889868,0.33412526337067505
CSD,LightGBM,ABBOTT'S,,1.0323731355497965,0.37258959575957473,0.36090593887950206
CSD,LightGBM,ABBOTT'S,,1.4596193064382952,0.5393197763035632,0.36949345211087253
CSD,LightGBM,ABBOTT'S,,0.2592992587730935,0.007484109661045585,0.02886282705341147
CSD,LightGBM,ALBANI,,8250.944399929413,412.47870284125736,0.04999169584087685
CSD,LightGBM,ALBANI,,9904.38615680437,475.58623466335246,0.04801773952812027
CSD,LightGBM,ALBANI,,9874.498539616246,753.8043430620692,0.07633849354859132
CSD,LightGBM,ALBANI,,9349.971927871502,495.9927635010774,0.05304751365322964
CSD,LightGBM,ALBANI,,5104.732724646902,513.8548849214789,0.10066244652544909
CSD,LightGBM,ALBANI,,7197.0777792015015,1044.689612374876,0.14515469256062172
CSD,LightGBM,ALBANI,,5854.349767368239,220.28898742124545,0.03762825867513448
CSD,LightGBM,AYYO,,257.07286573112503,41.17876336013132,0.16018323537576534
CSD,LightGBM,AYYO,,274.62262293683233,50.97377699036474,0.18561390334579078
CSD,LightGBM,AYYO,,425.916243639787,96.25610665838363,0.22599773569516862
CSD,LightGBM,AYYO,,537.9425411433655,81.48422822803751,0.1514738508221483
CSD,LightGBM,AYYO,,423.4521601312505,40.040705587116705,0.09455780217228305
CSD,LightGBM,AYYO,,524.8196608557661,48.63237312992811,0.09266492236710153
CSD,LightGBM,AYYO,,413.8875354584978,84.5117423610415,0.20419011233914253
CSD,LightGBM,BORNHOLMS MOSTERI,,30.95081606575393,5.832233654356605,0.18843553727198106
CSD,LightGBM,BORNHOLMS MOSTERI,,28.488549234977786,4.860827693641428,0.17062391115632458
CSD,LightGBM,BORNHOLMS MOSTERI,,9.691807887958026,1.0685825070751505,0.11025626172417774
CSD,LightGBM,BORNHOLMS MOSTERI,,16.364320738589953,2.7009537639985672,0.16505138264793615
CSD,LightGBM,BORNHOLMS MOSTERI,,59.57592153079154,11.161033047344716,0.18734134127620986
CSD,LightGBM,BORNHOLMS MOSTERI,,80.96828149219448,13.155152194122742,0.16247290854741592
CSD,LightGBM,BORNHOLMS MOSTERI,,69.95464567676277,9.003340614473093,0.12870254044419788
CSD,LightGBM,BOYLAN,,47.58076137660801,5.648252933162774,0.11870875475186507
CSD,LightGBM,BOYLAN,,38.03922693324129,2.5306181238011964,0.06652653925492288
CSD,LightGBM,BOYLAN,,46.7557640420569,9.457056721465273,0.2022650450746272
CSD,LightGBM,BOYLAN,,30.2606253898637,3.8001817629762025,0.12558173249945906
CSD,LightGBM,BOYLAN,,42.8584747104786,5.727348970548513,0.13363398975904794
CSD,LightGBM,BOYLAN,,24.99359977552627,5.854831052603598,0.2342532130300273
CSD,LightGBM,BOYLAN,,34.280966881482556,7.298342554542517,0.21289780360555816
CSD,LightGBM,BRAIN LICKER,,0.6971515998580113,0.34117805758512965,0.48938861741781453
CSD,LightGBM,BRAIN LICKER,,1.559273417547161,0.7073051323609442,0.4536119992820639
CSD,LightGBM,BRAIN LICKER,,2.6321685377563298,1.0007672485547925,0.3802063713624699
CSD,LightGBM,BRAIN LICKER,,1.1922006367047229,0.31460204545685944,0.2638834737804105
CSD,LightGBM,BRAIN LICKER,,1.1829870707979462,0.5733112735206044,0.48463021082208074
CSD,LightGBM,BRAIN LICKER,,2.9662476144224748,0.8719969219568824,0.293973071471533
CSD,LightGBM,BRAIN LICKER,,6.324538749968715,1.3845724497196936,0.21892069990503932
CSD,LightGBM,BRITVIC,,2.464626421901381,0.9488054026838035,0.3849692571062475
CSD,LightGBM,BRITVIC,,0.5615822351911405,0.18618556937906783,0.3315374983606766
CSD,LightGBM,BRITVIC,,5.846995658470534,0.9916998486834375,0.16960844621917298
CSD,LightGBM,BRITVIC,,8.867094670657357,2.047414508321002,0.230900264896937
CSD,LightGBM,BRITVIC,,3.7252543762201293,1.3630735319108147,0.365900793409408
CSD,LightGBM,BRITVIC,,7.9894547622763525,1.189193099375832,0.14884533860693736
CSD,LightGBM,BRITVIC,,6.916260575338194,2.0520063844835734,0.2966930412946787
CSD,LightGBM,BUNDABERG,,139.33672528893175,17.426296300489028,0.12506606757373886
CSD,LightGBM,BUNDABERG,,141.85528793221488,3.5443553034512054,0.02498571153121105
CSD,LightGBM,BUNDABERG,,141.90867863656885,20.215234655027842,0.14245241974805142
CSD,LightGBM,BUNDABERG,,140.92096007181885,12.084971850250149,0.08575709279933356
CSD,LightGBM,BUNDABERG,,185.82018991347104,32.4125875575366,0.17442984840683798
CSD,LightGBM,BUNDABERG,,86.92770631392541,13.08224638230174,0.15049570427013587
CSD,LightGBM,BUNDABERG,,76.17666012367792,15.991684953777694,0.20992893266538754
CSD,LightGBM,CANDY CAN,,265.42306021203404,92.55824654798077,0.34871968725716723
CSD,LightGBM,CANDY CAN,,20.243736615888935,3.254807320843737,0.16078095573961868
CSD,LightGBM,CANDY CAN,,49.05221664008992,9.57672255297686,0.19523526578307357
CSD,LightGBM,CANDY CAN,,62.08151126616821,7.066949459535506,0.11383339927465158
CSD,LightGBM,CANDY CAN,,113.86715779817243,28.712271785425866,0.25215586601641427
CSD,LightGBM,CANDY CAN,,6.8039203378465185,3.3093038062664246,0.4863819154169931
CSD,LightGBM,CANDY CAN,,5.895600038617241,1.4290187528710852,0.24238733012937702
CSD,LightGBM,CARIBIA,,75931.01583745466,4418.800763397668,0.058194938058737204
CSD,LightGBM,CARIBIA,,106867.44386653567,5533.5680329149545,0.051779736023495636
CSD,LightGBM,CARIBIA,,101831.18244033858,1046.4717379130877,0.010276535269795186
CSD,LightGBM,CARIBIA,,115485.7180074011,5882.308615822321,0.0509353772684285
CSD,LightGBM,CARIBIA,,98143.71647354224,3554.565249840684,0.03621796053340746
CSD,LightGBM,CARIBIA,,130955.44234473938,5416.532387554151,0.04136164401090841
CSD,LightGBM,CARIBIA,,110916.50186983985,7577.2081565944545,0.06831452515051623
CSD,LightGBM,CARLSBERG SPORT,,10.8080322063175,2.329243675500515,0.21551043067201703
CSD,LightGBM,CARLSBERG SPORT,,21.297582554489956,4.321197249186665,0.20289613800678377
CSD,LightGBM,CARLSBERG SPORT,,1.9118379376667611,0.6551502243217661,0.3426808368084391
CSD,LightGBM,CARLSBERG SPORT,,1.161592858788143,0.4651223087578326,0.4004176723702327
CSD,LightGBM,CARLSBERG SPORT,,2.569746384594399,0.6564738574676092,0.25546250844175233
CSD,LightGBM,CARLSBERG SPORT,,0.9190839520492226,0.3224955623281966,0.35088803542826413
CSD,LightGBM,CARLSBERG SPORT,,0.8121162950222246,0.145372192678737,0.17900415687972213
CSD,LightGBM,CHUPA CHUPS,,222.64508309654698,18.898835093435384,0.08488323582353788
CSD,LightGBM,CHUPA CHUPS,,314.3821989393408,71.70250284859769,0.2280743092023238
CSD,LightGBM,CHUPA CHUPS,,170.9706445127717,33.609651768892824,0.19658141820002406
CSD,LightGBM,CHUPA CHUPS,,184.60440849886646,35.0270952894697,0.1897413803619147
CSD,LightGBM,CHUPA CHUPS,,186.87568208450165,51.217230956415534,0.2740711385511148
CSD,LightGBM,CHUPA CHUPS,,59.4921902316187,8.572583588211444,0.14409594864193312
CSD,LightGBM,CHUPA CHUPS,,34.6524420843855,9.742011083920623,0.2811349070347456
CSD,LightGBM,COCA COLA,,2997265.646101418,118845.33366988541,0.039651251407918774
CSD,LightGBM,COCA COLA,,3992054.7687263764,45759.4081351263,0.011462620326154836
CSD,LightGBM,COCA COLA,,4726799.339983938,139097.07478498766,0.029427328045928923
CSD,LightGBM,COCA COLA,,4057468.432026738,86301.93632666515,0.021269897171709268
CSD,LightGBM,COCA COLA,,4663860.353619972,108701.13532260718,0.023307116225775512
CSD,LightGBM,COCA COLA,,6382683.404873377,158652.52489271286,0.024856712268005763
CSD,LightGBM,COCA COLA,,4563543.629515001,46890.66690972514,0.010275056122276745
CSD,LightGBM,D&G,,1.0665496714919525,0.3538265344672693,0.3317487632548008
CSD,LightGBM,D&G,,0.6957004184772877,0.34084569019761685,0.48993170213069853
CSD,LightGBM,D&G,,0.5667671208089685,0.10647866845949609,0.1878702284414717
CSD,LightGBM,D&G,,1.3754030286346912,0.08210175942916645,0.059692873812169554
CSD,LightGBM,D&G,,0.3696696699427842,0.1792306744689458,0.48484008573569565
CSD,LightGBM,DEPANNEUR FRIZZANTE,,2.590223611003123,0.41513538578081643,0.16027009560770925
CSD,LightGBM,DEPANNEUR FRIZZANTE,,8.082044252963012,1.512741569061997,0.18717313611681854
CSD,LightGBM,DEPANNEUR FRIZZANTE,,4.217105936319866,0.9922334601197339,0.23528777201779863
CSD,LightGBM,DEPANNEUR FRIZZANTE,,3.2960929932407894,0.8632348831225432,0.2618963982183622
CSD,LightGBM,DEPANNEUR FRIZZANTE,,6.434470843452388,2.1169051565514874,0.328994443840804
CSD,LightGBM,DEPANNEUR FRIZZANTE,,6.480579668857912,1.5103184413429427,0.2330529857692668
CSD,LightGBM,DEPANNEUR FRIZZANTE,,10.585744050224246,5.637043071896389,0.5325126930285996
CSD,LightGBM,DOCTOR POLIDORIS,,1.1035167233418295,0.11151812748871333,0.1010570344153897
CSD,LightGBM,DOCTOR POLIDORIS,,0.9627413351734321,0.21757994361930452,0.22600041742272217
CSD,LightGBM,DOCTOR POLIDORIS,,1.4322862682739113,0.21839370448410217,0.15247908837895557
CSD,LightGBM,DOCTOR POLIDORIS,,1.0060169640721661,0.20490303768475035,0.20367751738036471
CSD,LightGBM,DOCTOR POLIDORIS,,2.0268786860928922,0.4680175927071823,0.23090557709171794
CSD,LightGBM,DOCTOR POLIDORIS,,5.004220862941281,1.3660246887030758,0.27297450015029534
CSD,LightGBM,DOCTOR POLIDORIS,,4.907287721541056,1.0027164291898438,0.2043321048383437
CSD,LightGBM,DOUBLE DUTCH,,2142.889374064774,279.72917693622423,0.13053831911332664
CSD,LightGBM,DOUBLE DUTCH,,1982.7657122401492,270.01799269568636,0.13618250054900194
CSD,LightGBM,DOUBLE DUTCH,,834.4625987753416,141.56981629090507,0.16965387843466337
CSD,LightGBM,DOUBLE DUTCH,,4426.2014050316775,773.993412900052,0.17486628873692492
CSD,LightGBM,DOUBLE DUTCH,,1525.5296857259677,101.90904608853147,0.0668024011869917
CSD,LightGBM,DOUBLE DUTCH,,2895.322494461036,768.291832693831,0.26535621995947933
CSD,LightGBM,DOUBLE DUTCH,,411.48622586991576,58.90038619544099,0.14314060226662684
CSD,LightGBM,DR PEPPER,,12850.907191322574,1128.1418767005985,0.08778694452500312
CSD,LightGBM,DR PEPPER,,19511.057712557114,1175.925029110238,0.06026967099551066
CSD,LightGBM,DR PEPPER,,14788.478806723277,1084.7737736563288,0.07335262726029393
CSD,LightGBM,DR PEPPER,,15028.650975095234,975.7536647553081,0.06492623099520248
CSD,LightGBM,DR PEPPER,,12364.63162329129,959.7036116927118,0.07761683816644528
CSD,LightGBM,DR PEPPER,,16686.42860355536,1212.4815742222254,0.07266273706788781
CSD,LightGBM,DR PEPPER,,21492.947239140918,485.2185659628013,0.022575711025762314
CSD,LightGBM,EAGLE,,0.992655729459651,0.09563105373802552,0.09633859040946853
CSD,LightGBM,EAGLE,,1.4674647930723466,0.020473747334000484,0.013951780942652653
CSD,LightGBM,EAGLE,,0.014429954055975669,0.011674340184934396,0.8090351597550561
CSD,LightGBM,EAGLE,,1.782927948653986,0.050417829643863134,0.028278108311626315
CSD,LightGBM,EAGLE,,0.866821242339064,0.019223044848335934,0.02217648104292383
CSD,LightGBM,EAGLE,,0.2592992587730935,0.007484109661045585,0.02886282705341147
CSD,LightGBM,EASIS,,1.438245497796191,0.2974261123583708,0.2067978747815403
CSD,LightGBM,EASIS,,0.624857351037614,0.3187190856943897,0.5100669539457879
CSD,LightGBM,EASIS,,5.275808527852514,1.5829004281263077,0.30002992333207695
CSD,LightGBM,EASIS,,0.05562653700807446,0.0755405247210695,1.3579943815324045
CSD,LightGBM,EASIS,,47123.44875959579,6882.763261757141,0.1460581396932583
CSD,LightGBM,EASIS,,24057.84013651225,2518.593524587801,0.1046890955420959
CSD,LightGBM,EAST IMPERIAL,,3.868232496615802,0.3469677023933398,0.08969670326095734
CSD,LightGBM,EAST IMPERIAL,,0.2371513110024716,0.17544456970484704,0.7398001257645105
CSD,LightGBM,EAST IMPERIAL,,0.20661732495375773,0.20679192088084988,1.0008450207509523
CSD,LightGBM,EAST IMPERIAL,,0.7974745991853162,0.25772648927510783,0.32317830503742184
CSD,LightGBM,EBELTOFT,,2857.5059231798505,232.65990055757916,0.08142061882366065
CSD,LightGBM,EBELTOFT,,3062.820639429659,196.45641099601497,0.06414231655190816
CSD,LightGBM,EBELTOFT,,3269.400328003159,272.63727480810326,0.08339060606096564
CSD,LightGBM,EBELTOFT,,4356.46746395345,284.1030884436712,0.06521409623609367
CSD,LightGBM,EBELTOFT,,3735.0460090958904,392.7955588496416,0.10516485148859576
CSD,LightGBM,EBELTOFT,,6669.507209625148,501.99518666483533,0.07526720803905532
CSD,LightGBM,EBELTOFT,,4240.542925272401,210.50638290720855,0.049641375318394215
CSD,LightGBM,EFFERVE,,573.4572172225866,57.86242019261321,0.10090102357218045
CSD,LightGBM,EFFERVE,,634.6018402293859,132.32727663101898,0.2085201590073981
CSD,LightGBM,EFFERVE,,466.0270708395742,53.208425223924934,0.11417453738914123
CSD,LightGBM,EFFERVE,,582.4441731056758,63.83715121637199,0.10960218019863287
CSD,LightGBM,EFFERVE,,432.7300323481207,85.4029057834725,0.1973583976135217
CSD,LightGBM,EFFERVE,,2254.135938244026,594.8149736738087,0.2638771529179248
CSD,LightGBM,EFFERVE,,1033.3881811234328,150.61768864710874,0.14575131726721213
CSD,LightGBM,EGO,,84276.2771454007,4767.861142668065,0.05657417845406413
CSD,LightGBM,EGO,,94850.38434061108,2894.906374956864,0.030520765889162377
CSD,LightGBM,EGO,,117069.63488108749,6148.375479082606,0.05251896006447588
CSD,LightGBM,EGO,,104281.81338195031,3137.211049497587,0.030083970998921974
CSD,LightGBM,EGO,,117846.21038461008,5852.895748961785,0.04966554062162812
CSD,LightGBM,EGO,,131976.87982940505,3828.1767016730755,0.02900641920479878
CSD,LightGBM,EGO,,113598.05487744082,3732.236234858091,0.03285475476569333
CSD,LightGBM,FANTA,,854298.7601848899,78326.77119087492,0.09168545576950528
CSD,LightGBM,FANTA,,660749.1073002557,28328.08515734888,0.042872680181278114
CSD,LightGBM,FANTA,,696682.152698512,63612.006778566,0.09130707099668446
CSD,LightGBM,FANTA,,543882.2551813904,24699.31883622113,0.04541298893449584
CSD,LightGBM,FANTA,,893817.756344523,83983.84070759668,0.09396081036817647
CSD,LightGBM,FANTA,,882021.3754251103,41874.194151226686,0.04747526003102188
CSD,LightGBM,FANTA,,667677.8252027081,37512.08809900168,0.05618291739374892
CSD,LightGBM,FAXE KONDI,,2011832.519022464,54035.01410222451,0.026858604576329128
CSD,LightGBM,FAXE KONDI,,2459689.0763511974,96091.12115621255,0.03906636903016946
CSD,LightGBM,FAXE KONDI,,3591405.5962321013,142772.69322761887,0.0397539875132477
CSD,LightGBM,FAXE KONDI,,2683749.093122215,96338.73810511453,0.03589707337098199
CSD,LightGBM,FAXE KONDI,,3212634.512228935,58474.76568535664,0.01820149956765131
CSD,LightGBM,FAXE KONDI,,4212980.055720847,139093.8823457995,0.03301555680448156
CSD,LightGBM,FAXE KONDI,,2874060.0305887526,65998.37928039696,0.022963465821163504
CSD,LightGBM,FENTIMANS,,4388.474509906497,562.4139113057026,0.1281570418231017
CSD,LightGBM,FENTIMANS,,8402.172545311903,842.674159750227,0.10029241308789921
CSD,LightGBM,FENTIMANS,,6274.664352627065,680.2265557124485,0.10840843708678258
CSD,LightGBM,FENTIMANS,,6740.154466095902,666.1469744550304,0.0988325976512646
CSD,LightGBM,FENTIMANS,,5046.333810985604,380.652438545522,0.07543148210228613
CSD,LightGBM,FENTIMANS,,11609.613156526137,1098.2127336782403,0.09459511862037363
CSD,LightGBM,FENTIMANS,,8001.615601722589,531.7650652035301,0.06645721210214742
CSD,LightGBM,FEVER TREE,,180674.95536401277,7197.043281891904,0.03983420539604809
CSD,LightGBM,FEVER TREE,,219157.87509428113,15507.160309035373,0.07075794243015102
CSD,LightGBM,FEVER TREE,,195344.76245686185,7570.413026905865,0.03875411314689149
CSD,LightGBM,FEVER TREE,,144967.11118724232,7443.581030355331,0.05134668801353886
CSD,LightGBM,FEVER TREE,,140809.94184851498,8044.030016201058,0.057126861289772575
CSD,LightGBM,FEVER TREE,,246328.18896226623,11805.287372351337,0.047925036196972685
CSD,LightGBM,FEVER TREE,,189844.24424396997,4850.943656245961,0.025552229279134663
CSD,LightGBM,FINGERS CROSSED,,245.41962912001935,29.283645364167615,0.1193207139509074
CSD,LightGBM,FINGERS CROSSED,,129.7730878051689,25.760601341349364,0.19850495797729883
CSD,LightGBM,FINGERS CROSSED,,67.94115354902513,16.05497730779249,0.23630710503329186
CSD,LightGBM,FINGERS CROSSED,,38.10268331243431,6.314358862086614,0.16571953240957196
CSD,LightGBM,FINGERS CROSSED,,40.85208550439836,10.854094184238418,0.2656925356496134
CSD,LightGBM,FINGERS CROSSED,,41.097645336008455,7.36638680689919,0.17924109147063458
CSD,LightGBM,FINGERS CROSSED,,96.65284432786481,22.26209041235441,0.2303304219049899
CSD,LightGBM,FRANKLIN & SONS,,422.91418711967754,44.952422253703034,0.10629206496915712
CSD,LightGBM,FRANKLIN & SONS,,314.4619995729551,47.752228734581394,0.15185373367665966
CSD,LightGBM,FRANKLIN & SONS,,497.2448395234754,54.50503401501618,0.10961407677402944
CSD,LightGBM,FRANKLIN & SONS,,366.8264754908273,60.58528201583695,0.1651606033473228
CSD,LightGBM,FRANKLIN & SONS,,349.0784266424165,48.622636631855315,0.1392885750618517
CSD,LightGBM,FRANKLIN & SONS,,304.8350565335817,26.572704535836106,0.08717076322522231
CSD,LightGBM,FRANKLIN & SONS,,259.34793477277066,24.28799189615897,0.0936502228847091
CSD,LightGBM,FREM,,29130.456316920743,2009.980764385649,0.06899928866607317
CSD,LightGBM,FREM,,34356.19901521669,3780.4248566124284,0.11003617876756512
CSD,LightGBM,FREM,,50206.96385206901,3006.972995736409,0.05989155218778465
CSD,LightGBM,FREM,,41005.5968220888,2167.991736255865,0.05287062996941959
CSD,LightGBM,FREM,,46416.64519410648,831.7177650623439,0.017918523874016365
CSD,LightGBM,FREM,,74693.43113283181,1372.107086067954,0.01836984946678716
CSD,LightGBM,FREM,,46831.10493672028,2241.027391027761,0.0478533956022586
CSD,LightGBM,FRESH,,20838.471363220597,1180.3952626615885,0.056645002509395095
CSD,LightGBM,FRESH,,15573.148404194992,466.15094198260834,0.029932992987920137
CSD,LightGBM,FRESH,,19750.436066209128,2303.0145768648667,0.1166057584320924
CSD,LightGBM,FRESH,,19402.101350577595,825.0368890524401,0.04252306872048573
CSD,LightGBM,FRESH,,28091.220003689996,1847.58716412317,0.06577098338486101
CSD,LightGBM,FRESH,,38231.31609433473,6929.9702099255455,0.18126423356250757
CSD,LightGBM,FRESH,,47070.93901498258,1214.7185526747508,0.025806125352377366
CSD,LightGBM,FRESH MOJITO,,4512.8554234500125,1210.199572230275,0.2681671488835543
CSD,LightGBM,FRESH MOJITO,,3244.281134761409,285.8058777250767,0.08809528701528373
CSD,LightGBM,FRESH MOJITO,,5988.698774684961,268.798242765441,0.04488424829475269
CSD,LightGBM,FRESH MOJITO,,4557.228217473072,372.33301058445034,0.08170163810468647
CSD,LightGBM,FRESH MOJITO,,4369.152809634367,425.966489120672,0.09749406983005454
CSD,LightGBM,FRESH MOJITO,,17384.47885785558,1633.4964041993398,0.09396292046230689
CSD,LightGBM,FRESH MOJITO,,16290.206036672982,593.7820911747053,0.03645025052709376
CSD,LightGBM,FUGLSANG,,323.27910606150374,45.742162203068,0.14149433522117438
CSD,LightGBM,FUGLSANG,,293.2430997502497,25.292003072450633,0.08624926927177967
CSD,LightGBM,FUGLSANG,,81.93639896089456,17.049850213984296,0.2080863990876827
CSD,LightGBM,FUGLSANG,,98.38556602727337,14.13359299679604,0.14365514747232414
CSD,LightGBM,FUGLSANG,,188.16737799115558,21.20387372534025,0.11268623685842558
CSD,LightGBM,FUGLSANG,,184.79164331054713,10.472358399777956,0.05667116873991367
CSD,LightGBM,FUGLSANG,,168.6404739534019,29.33403321289901,0.17394420523868118
CSD,LightGBM,GALVANINA,,926.1153345029176,243.5379683244731,0.26296721288519587
CSD,LightGBM,GALVANINA,,324.1185905403848,66.94529688554583,0.20654568679300894
CSD,LightGBM,GALVANINA,,8.5423259774461,2.707368664683784,0.31693577040163556
CSD,LightGBM,GALVANINA,,227.55354926132705,47.12658267583373,0.2071010662273284
CSD,LightGBM,GALVANINA,,3.2371741500008837,0.9559300073108571,0.295297677238216
CSD,LightGBM,GALVANINA,,3.1814113899276064,0.5096685824266366,0.1602020361278188
CSD,LightGBM,GALVANINA,,128.5858456413368,32.56411538495895,0.2532480555891798
CSD,LightGBM,GAZOZ,,12.98273172761202,2.7983488291879235,0.2155439154023587
CSD,LightGBM,GAZOZ,,14.307396907661666,1.166432870806299,0.08152656128395164
CSD,LightGBM,GAZOZ,,2.321999910462723,0.5367599597116407,0.23116278226069198
CSD,LightGBM,GAZOZ,,0.21831593776154543,0.14410929176070142,0.6600951503508834
CSD,LightGBM,GAZOZ,,0.6807414587113496,0.1380743916078222,0.20282941466382612
CSD,LightGBM,GAZOZ,,1.1838316181170416,0.436566632752865,0.36877426322440315
CSD,LightGBM,GAZOZ,,90.2235782898131,24.24800417384532,0.2687546274872485
CSD,LightGBM,GUARANA ANARCTICA,,16544.48830850985,1126.3872009787294,0.06808232324715409
CSD,LightGBM,GUARANA ANARCTICA,,11061.90891933392,848.7189677561098,0.07672445813332682
CSD,LightGBM,GUARANA ANARCTICA,,24284.022138970628,2489.0185072904637,0.10249613894463244
CSD,LightGBM,GUARANA ANARCTICA,,29612.74053785546,2499.9647925748855,0.08442193282918392
CSD,LightGBM,GUARANA ANARCTICA,,29918.13154766609,2401.765375361608,0.08027792014802373
CSD,LightGBM,GUARANA ANARCTICA,,36513.07210152928,4723.41643429094,0.12936233963433355
CSD,LightGBM,GUARANA ANARCTICA,,46908.92856952107,1660.2692849085104,0.03539345995609171
CSD,LightGBM,HANCOCK,,254027.0509214968,25741.17067565896,0.10133239976719596
CSD,LightGBM,HANCOCK,,252981.2076492139,8582.3724018857,0.033924940439789886
CSD,LightGBM,HANCOCK,,323304.3043406626,19187.783915857075,0.05934898997088233
CSD,LightGBM,HANCOCK,,321806.003180884,13260.892211264321,0.04120772167140246
CSD,LightGBM,HANCOCK,,332595.88706095563,8402.385956260408,0.025263048291154857
CSD,LightGBM,HANCOCK,,381290.0394080234,8401.695098761573,0.02203491890794139
CSD,LightGBM,HANCOCK,,269179.110223752,15792.940372187188,0.058670750338165135
CSD,LightGBM,HARBOE,,4550941.954739449,196251.93298359998,0.04312336543409854
CSD,LightGBM,HARBOE,,4104347.67112215,130608.9902561639,0.031822106878303204
CSD,LightGBM,HARBOE,,5594255.094099555,64175.15676055397,0.011471617879606816
CSD,LightGBM,HARBOE,,5852587.618378712,220341.53417532032,0.03764856650473513
CSD,LightGBM,HARBOE,,6461423.134858592,200770.54758483655,0.031072186946201348
CSD,LightGBM,HARBOE,,6401872.847072463,192647.94188660014,0.030092434899686715
CSD,LightGBM,HARBOE,,5924942.827839134,112545.98540695969,0.018995286313675024
CSD,LightGBM,HARBOE OTHER,,83616.54222259972,3043.2910778751066,0.036395801560095746
CSD,LightGBM,HARBOE OTHER,,88507.48916510641,2927.7940561144374,0.03307961940545822
CSD,LightGBM,HARBOE OTHER,,116789.25158085399,6143.854045407511,0.05260633116699168
CSD,LightGBM,HARBOE OTHER,,107878.22223881511,2533.489434254043,0.02348471620755427
CSD,LightGBM,HARBOE OTHER,,82570.61398674786,4457.525691945087,0.05398440772961305
CSD,LightGBM,HARBOE OTHER,,91328.46907097587,1891.1051746339476,0.02070663391022438
CSD,LightGBM,HARBOE OTHER,,83827.33792084528,4581.600973293128,0.0546552125706216
CSD,LightGBM,HATA RAMUNE,,1034.7312043461873,90.52745400114803,0.08748886050880177
CSD,LightGBM,HATA RAMUNE,,1601.7950875930314,109.55715260212862,0.06839648432606746
CSD,LightGBM,HATA RAMUNE,,2486.495067667579,627.5777332431811,0.2523945216717729
CSD,LightGBM,HATA RAMUNE,,777.7964878286108,97.69118400426765,0.12559992945840368
CSD,LightGBM,HATA RAMUNE,,1140.6514900439547,202.81510086335848,0.17780636998557994
CSD,LightGBM,HATA RAMUNE,,2362.124394628572,314.69088291211284,0.1332236708734367
CSD,LightGBM,HATA RAMUNE,,1501.6832518458255,137.04042379805037,0.09125787587336029
CSD,LightGBM,HAWAI,,87.03664115796,18.055941257961077,0.2074521835601621
CSD,LightGBM,HAWAI,,101.48134398443928,21.963759173917975,0.21643149678117984
CSD,LightGBM,HAWAI,,136.40082238750895,46.544296531916366,0.3412317881756313
CSD,LightGBM,HAWAI,,159.3036212756549,37.82082596863454,0.23741347287511028
CSD,LightGBM,HAWAI,,102.48119573574532,17.903118961375064,0.17469662441819536
CSD,LightGBM,HAWAI,,116.8409366781165,8.567245151988333,0.07332400266175645
CSD,LightGBM,HAWAI,,81.12898732580686,9.874381575784275,0.12171212659329309
CSD,LightGBM,INDI & CO,,0.38022932166319096,0.2778481181765025,0.730738273842599
CSD,LightGBM,INDI & CO,,0.05586067638904574,0.20180735886874354,3.6126909288251636
CSD,LightGBM,INDI & CO,,3.600242362604264,1.0159131182615575,0.28217909127836843
CSD,LightGBM,INDI & CO,,2.729333587972838,1.068635772185521,0.3915372517652672
CSD,LightGBM,INDI & CO,,0.4479577316293585,0.08150288504523921,0.18194324886142368
CSD,LightGBM,JARRITOS,,4964.7809716318825,492.4270980662394,0.09918405280714382
CSD,LightGBM,JARRITOS,,5269.013103099619,401.8695280353458,0.07627036034488825
CSD,LightGBM,JARRITOS,,18701.402075392434,1543.2117763535412,0.08251850690832004
CSD,LightGBM,JARRITOS,,16674.945516940068,1345.3956813838486,0.08068366280519848
CSD,LightGBM,JARRITOS,,16068.655365476665,1363.8142056528802,0.08487419604399635
CSD,LightGBM,JARRITOS,,23072.641841936864,1154.971506843623,0.05005805207552545
CSD,LightGBM,JARRITOS,,13286.988111346374,905.8855960123913,0.0681784004336403
CSD,LightGBM,JOLLY,,709290.0015479786,45442.41603717129,0.06406747019977191
CSD,LightGBM,JOLLY,,805720.4360495622,47479.60099647753,0.05892813297534
CSD,LightGBM,JOLLY,,477694.9607731964,38424.38090613349,0.08043706562016027
CSD,LightGBM,JOLLY,,531820.6141298239,12126.05646471217,0.022801027531723417
CSD,LightGBM,JOLLY,,519415.9933203495,28357.904428630252,0.05459574751896508
CSD,LightGBM,JOLLY,,397466.75573336624,25627.21054506845,0.06447636230049898
CSD,LightGBM,JOLLY,,468333.9222228298,32360.919583014253,0.0690979620468687
CSD,LightGBM,KIMURA,,2.3577195579281494,0.45776867028512175,0.19415738769516203
CSD,LightGBM,KIMURA,,2.3879680400477232,0.5827438296022442,0.24403334543396912
CSD,LightGBM,KIMURA,,1.3905542357525538,0.35497801546433155,0.2552780800183756
CSD,LightGBM,KIMURA,,2.37956168276463,0.8989216699545621,0.37776775297128423
CSD,LightGBM,KIMURA,,0.4416464146451782,0.22785577253287587,0.5159235193065855
CSD,LightGBM,KINLEY,,2144.798491240943,208.55531534094447,0.0972377200900948
CSD,LightGBM,KINLEY,,1789.9422669889877,212.28905175724458,0.11860106086793169
CSD,LightGBM,KINLEY,,3156.553731010654,392.48863056340304,0.12434086792425278
CSD,LightGBM,KINLEY,,2439.089741562836,259.51369746767256,0.10639776513568963
CSD,LightGBM,KINLEY,,2622.431014294189,360.2882620821051,0.1373871267225973
CSD,LightGBM,KINLEY,,2599.504594255597,65.285749540355,0.025114689039066863
CSD,LightGBM,KINLEY,,3030.1662215900847,111.74010832734221,0.036875900579706945
CSD,LightGBM,LE TRIBUTE,,96.29262558769638,15.108317705869402,0.1569000493408484
CSD,LightGBM,LE TRIBUTE,,26.575224726391923,4.990196201124394,0.18777625598660008
CSD,LightGBM,LE TRIBUTE,,65.21908133385328,5.517422946950589,0.08459829292453801
CSD,LightGBM,LE TRIBUTE,,24.889154708652086,3.6600212071200273,0.14705285293789883
CSD,LightGBM,LE TRIBUTE,,106.58143492152881,18.62789896166014,0.1747762072763895
CSD,LightGBM,LE TRIBUTE,,70.25485828228052,13.199346818300045,0.18787806482031075
CSD,LightGBM,LE TRIBUTE,,50.25237551801226,5.742719296461544,0.11427756871718725
CSD,LightGBM,LE VILLAGE,,6383.055938641313,272.41143335558456,0.042677274956416815
CSD,LightGBM,LE VILLAGE,,18378.554997673942,4887.456421991336,0.2659325731870602
CSD,LightGBM,LE VILLAGE,,6484.306578998951,377.8527875139991,0.05827188812104749
CSD,LightGBM,LE VILLAGE,,11670.885968429367,1589.0252858295653,0.13615292704666976
CSD,LightGBM,LE VILLAGE,,16441.286688036824,2910.125279004741,0.17700106653588346
CSD,LightGBM,LE VILLAGE,,14289.241863556404,2655.6311858727545,0.1858482914090589
CSD,LightGBM,LE VILLAGE,,13199.13426579826,990.158953554921,0.07501696199277491
CSD,LightGBM,LEMONAID,,35.67837475833502,3.513045489769279,0.09846428021356486
CSD,LightGBM,LEMONAID,,54.02471525162916,12.239663992685243,0.22655675158447308
CSD,LightGBM,LEMONAID,,18.624153794625176,1.646575765789832,0.08841076936687584
CSD,LightGBM,LEMONAID,,132.95685594553046,35.98246559988162,0.27063264503353524
CSD,LightGBM,LEMONAID,,132.7722351256532,36.255284013604026,0.27306374694447744
CSD,LightGBM,LEMONAID,,57.62772629562245,11.126252892006626,0.1930711761024624
CSD,LightGBM,LEMONAID,,178.6327011305126,23.573133479193764,0.13196426706871978
CSD,LightGBM,LORINA,,4.578230537149348,0.6571012509701051,0.14352734001447895
CSD,LightGBM,LORINA,,0.3394193552803363,0.07558898556052719,0.22270086954262244
CSD,LightGBM,LORINA,,3.9785248077907354,0.9168731045711409,0.23045554542621494
CSD,LightGBM,LORINA,,2.9832482929563504,0.5375286984492569,0.18018235348308026
CSD,LightGBM,LORINA,,0.7019727364361136,0.1609484460701426,0.22928019524984858
CSD,LightGBM,LORINA,,0.6680764065926582,0.19492274119136263,0.29176713811151184
CSD,LightGBM,LORINA,,0.3696696699427842,0.1792306744689458,0.48484008573569565
CSD,LightGBM,LØGISMOSE,,8527.132806890437,309.3844952064195,0.03628235917193857
CSD,LightGBM,LØGISMOSE,,8921.044832000323,863.8605687684139,0.096834012723453
CSD,LightGBM,LØGISMOSE,,6728.9523877081865,1044.0535617951602,0.15515841124130086
CSD,LightGBM,LØGISMOSE,,7923.723426256578,318.13706067598025,0.04014994511567379
CSD,LightGBM,LØGISMOSE,,7464.7635181375645,697.8106158876271,0.09348060580782186
CSD,LightGBM,LØGISMOSE,,8814.759521033873,842.2817753544076,0.09555357390573684
CSD,LightGBM,LØGISMOSE,,10754.703467169902,602.5517754817347,0.05602681443715306
CSD,LightGBM,MACARN,,7.899224531283991,1.7622299495806988,0.2230889807729335
CSD,LightGBM,MACARN,,10.814162557171239,0.8667065398232161,0.08014550689812533
CSD,LightGBM,MACARN,,3.6391923530271706,0.7628581136665459,0.20962291620336626
CSD,LightGBM,MACARN,,2.9857964355272912,0.5603136611875784,0.1876596992750536
CSD,LightGBM,MACARN,,3.6497231433741844,1.7829099882203494,0.4885055436210544
CSD,LightGBM,MACARN,,2.066461152645311,0.29925723075510774,0.14481628670929703
CSD,LightGBM,MACARN,,1.199842832278834,0.14450228432858087,0.12043434393330583
CSD,LightGBM,MG TONICA,,0.5690255174312098,0.10389433242301976,0.18258290575796485
CSD,LightGBM,MG TONICA,,0.2615537779094578,0.02064237666941439,0.07892211244052523
CSD,LightGBM,MG TONICA,,0.6132337447417394,0.20818738556250044,0.339491078805811
CSD,LightGBM,MG TONICA,,0.33399196746719656,0.12285616502774573,0.36784167583255484
CSD,LightGBM,MILKIS,,8.557818445692496,2.4277656044030174,0.2836897767590539
CSD,LightGBM,MILKIS,,48.498369003946586,10.317089548041405,0.21273064970910352
CSD,LightGBM,MILKIS,,51.4114249930909,6.626204571462926,0.12888583758091537
CSD,LightGBM,MILKIS,,31.324064644753253,6.478542762919588,0.20682318327435634
CSD,LightGBM,MILKIS,,7.718029522101572,1.3661919691235824,0.17701305303527481
CSD,LightGBM,MILKIS,,7.850588591136396,1.4497221497402741,0.18466413478564703
CSD,LightGBM,MILKIS,,18.697548305111187,3.4988210590879234,0.18712726406656646
CSD,LightGBM,MIRINDA,,28375.647953967815,3534.985128461697,0.12457812890110212
CSD,LightGBM,MIRINDA,,28644.122873589447,1802.0699018953753,0.06291237856534004
CSD,LightGBM,MIRINDA,,25366.637492394908,2213.4828258408256,0.08725960728947393
CSD,LightGBM,MIRINDA,,27278.401535298977,2984.857617013525,0.10942201335188355
CSD,LightGBM,MIRINDA,,17152.164560941044,486.38069216686694,0.028356811202386336
CSD,LightGBM,MIRINDA,,19155.566468961642,859.9841470955716,0.04489473848184185
CSD,LightGBM,MIRINDA,,18803.540506588037,1097.7601647451033,0.058380503626989315
CSD,LightGBM,MOUNTAIN DEW.,,11148.27323850474,1338.6540054942948,0.1200772511451147
CSD,LightGBM,MOUNTAIN DEW.,,22181.19862104365,1862.6965902927125,0.083976372157163
CSD,LightGBM,MOUNTAIN DEW.,,26206.365405526627,1993.3022221800736,0.0760617579483078
CSD,LightGBM,MOUNTAIN DEW.,,10063.573665686963,1269.8393679565263,0.126181753136682
CSD,LightGBM,MOUNTAIN DEW.,,10497.798589369926,609.7098733958799,0.0580797838904313
CSD,LightGBM,MOUNTAIN DEW.,,22318.31442843285,2981.6440344184475,0.13359629124231373
CSD,LightGBM,MOUNTAIN DEW.,,23155.903968692997,695.8361741561937,0.030050054409319144
CSD,LightGBM,NATUR FRISK,,636.1267606691474,103.8883327370184,0.16331388515669007
CSD,LightGBM,NATUR FRISK,,449.1972853949762,43.32606092334378,0.09645218778481145
CSD,LightGBM,NATUR FRISK,,650.5146623574857,81.48295168545235,0.1252592084399075
CSD,LightGBM,NATUR FRISK,,567.8578114466878,101.90628640618411,0.1794573999899117
CSD,LightGBM,NATUR FRISK,,719.0270759574927,93.83647406413735,0.13050478514898756
CSD,LightGBM,NATUR FRISK,,580.9895160317685,52.15357731592523,0.08976681312967698
CSD,LightGBM,NATUR FRISK,,344.26143095095995,47.71374813611147,0.13859742581186302
CSD,LightGBM,NICOLAS VAHE,,2.4319930274723744,0.30884210809006,0.1269913624756756
CSD,LightGBM,NICOLAS VAHE,,1.6942970044542054,0.47448231193695123,0.28004671594741987
CSD,LightGBM,NICOLAS VAHE,,3.3785751707505476,0.5845139145048279,0.17300604099774364
CSD,LightGBM,NICOLAS VAHE,,0.4296326014763402,0.13935595723200078,0.3243607602242799
CSD,LightGBM,NICOLAS VAHE,,1.5439142249528035,0.39830578166401187,0.2579843978548665
CSD,LightGBM,NICOLAS VAHE,,3.6740377217132107,0.6882598435926309,0.18733064157863194
CSD,LightGBM,NICOLAS VAHE,,0.7849102197057306,0.4634727352148261,0.5904786605894696
CSD,LightGBM,NIKOLINE,,225.51937972032692,21.185569644864056,0.0939412376494512
CSD,LightGBM,NIKOLINE,,149.8110255473817,25.905958553480094,0.1729242454540614
CSD,LightGBM,NIKOLINE,,285.44070255438385,29.31300150170871,0.10269383882322748
CSD,LightGBM,NIKOLINE,,313.89729670332133,23.821208850251175,0.0758885441207405
CSD,LightGBM,NIKOLINE,,285.6067666338919,34.02802295962777,0.11914291583730913
CSD,LightGBM,NIKOLINE,,642.1585828400563,36.73962530426346,0.057212698367708766
CSD,LightGBM,NIKOLINE,,452.21129402005397,14.06886433934323,0.031111262645110598
CSD,LightGBM,NODA,,31293.248934797848,1461.464104692468,0.04670221707364272
CSD,LightGBM,NODA,,31224.794464730272,1258.0470692611414,0.04029000321145937
CSD,LightGBM,NODA,,50698.69610433922,1547.4729735917524,0.03052293436515632
CSD,LightGBM,NODA,,47367.70838953977,5238.628297617854,0.11059492797364674
CSD,LightGBM,NODA,,52831.66343461965,4726.878539867293,0.08947056050424967
CSD,LightGBM,NODA,,74796.7462320537,4886.092616267428,0.0653249354070635
CSD,LightGBM,NODA,,101859.39762170955,7207.344758257059,0.0707577791204308
CSD,LightGBM,NORNIR,,53507.711168571564,7271.677421134967,0.13589961637914497
CSD,LightGBM,NORNIR,,69173.18641511558,14147.156403275874,0.20451792286070644
CSD,LightGBM,NORNIR,,73342.64505903468,6382.134318455442,0.08701805495722657
CSD,LightGBM,NORNIR,,103170.92402245088,8018.346758829169,0.07771905539088035
CSD,LightGBM,NORNIR,,97918.26825003888,4299.274701281192,0.04390676814568241
CSD,LightGBM,NORNIR,,160282.9851654835,13573.473561137691,0.08468443201955476
CSD,LightGBM,NORNIR,,151664.6318883803,5556.870625529458,0.036639198976984394
CSD,LightGBM,OLD JAMAICA,,20.340439038979138,4.8093085037830425,0.23644074223603465
CSD,LightGBM,OLD JAMAICA,,16.293968173914898,0.9106405940983412,0.05588820257769932
CSD,LightGBM,OLD JAMAICA,,8.048530301087833,2.1422520384117716,0.2661668600691267
CSD,LightGBM,OLD JAMAICA,,8.95017526042078,1.2492567493598208,0.13957902644479486
CSD,LightGBM,OLD JAMAICA,,2.782402619922144,0.6932510304527841,0.24915554114601227
CSD,LightGBM,OLD JAMAICA,,0.8587490134476713,0.2748486211815324,0.3200569862410451
CSD,LightGBM,ORANGINA,,8880.049803010554,1094.289503982617,0.12323010886849149
CSD,LightGBM,ORANGINA,,2251.8667147475353,361.85812361333876,0.1606925140122727
CSD,LightGBM,ORANGINA,,11267.14009287979,1851.2868694821946,0.1643084983608312
CSD,LightGBM,ORANGINA,,3741.5945392878193,1091.40848288349,0.29169608610002684
CSD,LightGBM,ORANGINA,,2090.316069855785,104.06227699389295,0.049783034486776165
CSD,LightGBM,ORANGINA,,2228.382060238876,353.47629092090983,0.1586246349887677
CSD,LightGBM,ORANGINA,,8260.029152996332,702.5070223650586,0.08504897614195751
CSD,LightGBM,PACHA,,204.6658579702096,23.77618367408807,0.11617073756165448
CSD,LightGBM,PACHA,,437.0093148503259,102.64954983830845,0.2348909882469337
CSD,LightGBM,PACHA,,198.6921313874721,47.684980099669474,0.23999430559571772
CSD,LightGBM,PACHA,,172.2578608891544,32.07008477361197,0.18617486951291376
CSD,LightGBM,PACHA,,188.6420224740645,14.756386714789409,0.07822428174410712
CSD,LightGBM,PACHA,,184.7147345862571,44.16714388430831,0.23911002001674844
CSD,LightGBM,PACHA,,89.16951833290119,24.133292599742493,0.2706450931992749
CSD,LightGBM,PEPSI,,3401490.2583575384,55536.93106271996,0.016327235077702916
CSD,LightGBM,PEPSI,,3122267.2411905816,95730.57146245446,0.03066059503156127
CSD,LightGBM,PEPSI,,5121884.377805362,249517.83819064996,0.04871602320268775
CSD,LightGBM,PEPSI,,3593621.0524817496,151312.20047854018,0.04210577528035244
CSD,LightGBM,PEPSI,,4604832.8978858525,130146.44750335635,0.02826301201138233
CSD,LightGBM,PEPSI,,4913030.776821256,95978.5590167055,0.019535509419056376
CSD,LightGBM,PEPSI,,3667818.2733132616,104751.1651735795,0.02855952977161933
CSD,LightGBM,PUNCH! CLUB,,153.710285030253,17.821497854337473,0.11594213003267723
CSD,LightGBM,PUNCH! CLUB,,122.48746386785626,24.458685969503694,0.19968317734042215
CSD,LightGBM,PUNCH! CLUB,,99.96067169260532,21.71848313185745,0.2172702800421868
CSD,LightGBM,PUNCH! CLUB,,56.05296871060009,13.238587569535115,0.2361799539625737
CSD,LightGBM,PUNCH! CLUB,,56.308918262546555,6.044063311297799,0.10733758519594863
CSD,LightGBM,PUNCH! CLUB,,37.20182450788043,8.633464303042635,0.23207099160456002
CSD,LightGBM,PUNCH! CLUB,,46.22825796041356,5.112082916277078,0.11058350761680628
CSD,LightGBM,QDOL,,438.18079914612844,48.4594336521472,0.11059232569427697
CSD,LightGBM,QDOL,,889.5843381745032,221.32889086632784,0.24880034569910717
CSD,LightGBM,QDOL,,1001.9265488269597,175.6962451482008,0.17535840861179225
CSD,LightGBM,QDOL,,1650.7014121286695,433.1563584569389,0.26240745617244016
CSD,LightGBM,QDOL,,502.06926989748354,95.29270331979578,0.18979991215007722
CSD,LightGBM,QDOL,,233.05061098005734,81.6579902310118,0.35038736816699206
CSD,LightGBM,QDOL,,81.48388767527031,29.59378922641034,0.3631857790628197
CSD,LightGBM,REINE DES LIMONADES,,4895.252615276919,562.5422707072266,0.11491588175688136
CSD,LightGBM,REINE DES LIMONADES,,4023.720207843654,154.3893997655579,0.03836981494503478
CSD,LightGBM,REINE DES LIMONADES,,3033.003703521555,206.74928710979395,0.0681665132389195
CSD,LightGBM,REINE DES LIMONADES,,3677.782296065222,268.8444357592983,0.0730996057180788
CSD,LightGBM,REINE DES LIMONADES,,3024.7836769064443,371.9215824693233,0.12295807641017852
CSD,LightGBM,REINE DES LIMONADES,,8480.238537311423,929.8475634431815,0.10964875095812819
CSD,LightGBM,REINE DES LIMONADES,,9991.85946498705,903.3946667502047,0.09041306774938468
CSD,LightGBM,RUBICON,,68.25635091487166,15.110301019779188,0.22137575210583024
CSD,LightGBM,RUBICON,,48.217250403806574,5.34780994039256,0.11091071962017914
CSD,LightGBM,RUBICON,,44.00487504142095,7.749352564425059,0.17610213770930472
CSD,LightGBM,RUBICON,,92.18177797009875,16.801596300449923,0.1822659170872133
CSD,LightGBM,RUBICON,,114.47696299381164,10.473367502625253,0.09148886578334035
CSD,LightGBM,RUBICON,,157.616184215136,17.162799313928602,0.10888982879132818
CSD,LightGBM,RUBICON,,98.02372526062604,10.98166666692476,0.11203070111574154
CSD,LightGBM,RYNKEBY,,98018.41306579001,13322.82041030731,0.13592160894672947
CSD,LightGBM,RYNKEBY,,118457.28930991478,10338.976417085538,0.08728020434467408
CSD,LightGBM,RYNKEBY,,98376.53699634635,9626.98586118462,0.09785855606547891
CSD,LightGBM,RYNKEBY,,117566.96653134115,8293.330967485244,0.07054133667108267
CSD,LightGBM,RYNKEBY,,93950.09743534446,4170.069976872547,0.04438601013418159
CSD,LightGBM,RYNKEBY,,82298.02406381145,5542.874774490228,0.06735124977232075
CSD,LightGBM,RYNKEBY,,88482.0651495542,3814.839019643808,0.04311426290961778
CSD,LightGBM,SALTUM,,4277.460518037161,420.3153064373289,0.0982628138038789
CSD,LightGBM,SALTUM,,3242.8058962369955,247.81486677277462,0.07641988904125992
CSD,LightGBM,SALTUM,,6379.538638781647,936.3869557399124,0.14677972950074364
CSD,LightGBM,SALTUM,,4135.0462988870195,295.17968169950336,0.07138485529870689
CSD,LightGBM,SALTUM,,3148.2005030861105,334.7256491952181,0.10632284978898074
CSD,LightGBM,SALTUM,,4862.305985653807,784.9229804045954,0.16143019026784905
CSD,LightGBM,SALTUM,,4227.8700502969405,361.52426509658403,0.08550978643991027
CSD,LightGBM,SAN BENEDETTO,,74.21941904532352,26.204970930864842,0.35307432027812385
CSD,LightGBM,SAN BENEDETTO,,125.97171161306183,39.23292076080533,0.31144230921712207
CSD,LightGBM,SAN BENEDETTO,,23.391010547975167,5.94433750174886,0.2541291445941154
CSD,LightGBM,SAN BENEDETTO,,145.91436371596177,50.33041047071736,0.3449311581736463
CSD,LightGBM,SAN BENEDETTO,,119.73143840811903,27.810604323634585,0.2322748702712381
CSD,LightGBM,SAN BENEDETTO,,5.784185165958477,0.7532939209164726,0.13023336897127963
CSD,LightGBM,SAN BENEDETTO,,9.283006021443247,1.6357170982369067,0.17620554101316832
CSD,LightGBM,SAN PELLEGRINO,,190730.11719584165,11236.857241329837,0.058914960083581526
CSD,LightGBM,SAN PELLEGRINO,,230035.00694720616,21269.245724751254,0.09246090848091056
CSD,LightGBM,SAN PELLEGRINO,,261048.46281495443,10229.592278417827,0.03918656393571307
CSD,LightGBM,SAN PELLEGRINO,,192073.32703995518,10300.341351328707,0.053627130378108276
CSD,LightGBM,SAN PELLEGRINO,,225017.237030638,12962.102848919016,0.057604932937444765
CSD,LightGBM,SAN PELLEGRINO,,283696.02059737156,17287.689186230615,0.060937369335771305
CSD,LightGBM,SAN PELLEGRINO,,242541.7793766985,10522.180121621159,0.04338295921082884
CSD,LightGBM,SCHWEPPES,,379254.3959920096,42234.787549155815,0.11136268424439211
CSD,LightGBM,SCHWEPPES,,273677.3043591697,5189.352812094649,0.018961575291183908
CSD,LightGBM,SCHWEPPES,,312852.517001121,16307.519042050137,0.05212526080457171
CSD,LightGBM,SCHWEPPES,,291818.2625853835,10395.638881233288,0.03562367478009233
CSD,LightGBM,SCHWEPPES,,359882.3627006382,8492.847224450225,0.023598953726762236
CSD,LightGBM,SCHWEPPES,,423098.9211922435,20641.82892949805,0.04878724075053602
CSD,LightGBM,SCHWEPPES,,445088.7293076529,26683.843990180154,0.059951740480347744
CSD,LightGBM,SFC,,187.2938350865447,21.951856675562464,0.11720544173500934
CSD,LightGBM,SFC,,190.76761644161667,22.704998264900084,0.11901914322994551
CSD,LightGBM,SFC,,21.517027898089886,4.015473853250286,0.1866184248246826
CSD,LightGBM,SFC,,188.2484984243219,38.94090068234853,0.20685902415313676
CSD,LightGBM,SFC,,105.1236299094596,16.783184584445966,0.15965187464417763
CSD,LightGBM,SFC,,1303.0597260341576,342.3797587537843,0.26275062601759
CSD,LightGBM,SFC,,2856.2314223865606,422.4499058179966,0.14790464893948024
CSD,LightGBM,SIRMA,,454.15218812336934,97.01732827195545,0.21362294580776287
CSD,LightGBM,SIRMA,,433.9950332637207,45.994758886165414,0.10597991995502012
CSD,LightGBM,SIRMA,,541.7878247012527,49.110238429069426,0.090644780465765
CSD,LightGBM,SIRMA,,690.4170457239759,36.15613770057652,0.052368547278062866
CSD,LightGBM,SIRMA,,444.53294828404853,51.405966643350034,0.1156403970544441
CSD,LightGBM,SIRMA,,633.3545896363742,59.46492873104748,0.09388884158112423
CSD,LightGBM,SIRMA,,735.3793989359627,73.29041234737394,0.09966340157668208
CSD,LightGBM,SPRITE,,49257.726554527486,2672.542815257259,0.054256316768878855
CSD,LightGBM,SPRITE,,39282.12706908266,1514.6476821721385,0.03855818905907097
CSD,LightGBM,SPRITE,,71461.37835420827,6124.286484357134,0.0857006487336594
CSD,LightGBM,SPRITE,,87962.12469707034,7251.632119617556,0.08244039289172694
CSD,LightGBM,SPRITE,,84299.62047430074,4872.700690243559,0.057802166401556124
CSD,LightGBM,SPRITE,,118707.34931692443,3687.5086195557014,0.031063861174347385
CSD,LightGBM,SPRITE,,87389.39291815608,4157.062950933501,0.047569422467859106
CSD,LightGBM,THE LONDON ESSENCE,,0.0661088731137039,0.09488183198896635,1.4352359603191907
CSD,LightGBM,THE LONDON ESSENCE,,0.3703313526883525,0.21272469843026143,0.5744171993163029
CSD,LightGBM,THE LONDON ESSENCE,,0.6906713317545622,0.6395849652307759,0.9260337527054903
CSD,LightGBM,THE LONDON ESSENCE,,8.198005459047874,1.8813076937112183,0.2294835863563472
CSD,LightGBM,THE LONDON ESSENCE,,11.933726092832108,3.8791981114629497,0.3250617687457195
CSD,LightGBM,THE LONDON ESSENCE,,0.1187982254812864,0.23636898377735047,1.9896676303012986
CSD,LightGBM,THE LONDON ESSENCE,,1.0274681351077208,0.42654576108054754,0.4151425689087945
CSD,LightGBM,THE PERFECT MIXER,,2612.445834187563,225.5278933404085,0.08632825622221743
CSD,LightGBM,THE PERFECT MIXER,,1627.3900955669394,183.96313921707812,0.11304182059249307
CSD,LightGBM,THE PERFECT MIXER,,2326.081459882637,178.48183763971653,0.07673069095728138
CSD,LightGBM,THE PERFECT MIXER,,482.14544643264963,61.37759799103074,0.1273010010675368
CSD,LightGBM,THE PERFECT MIXER,,782.6805003584258,117.67539558480493,0.1503492108605183
CSD,LightGBM,THE PERFECT MIXER,,1609.5564785397025,157.0522384579873,0.09757485403710445
CSD,LightGBM,THE PERFECT MIXER,,723.1418646981379,66.67094373881939,0.09219621625232545
CSD,LightGBM,THOMAS HENRY,,13940.08623952351,843.396647532238,0.0605015372961614
CSD,LightGBM,THOMAS HENRY,,17143.8970642696,945.7431227509649,0.0551650024032186
CSD,LightGBM,THOMAS HENRY,,19929.515576012975,798.9464285079308,0.04008860252827907
CSD,LightGBM,THOMAS HENRY,,11210.718944819328,1837.4012225151648,0.1638968233490735
CSD,LightGBM,THOMAS HENRY,,11604.537539763609,1884.9359035987186,0.1624309367900167
CSD,LightGBM,THOMAS HENRY,,21944.686290612786,1457.3325518280085,0.06640935908258608
CSD,LightGBM,THOMAS HENRY,,12411.925940284686,1973.7879805574007,0.15902350610642857
CSD,LightGBM,THOR,,9858.650111451301,893.5824982974365,0.09063943726530034
CSD,LightGBM,THOR,,15631.711449255305,1721.7946118346497,0.11014754318003203
CSD,LightGBM,THOR,,14530.22170404839,815.1272324835147,0.05609874708631631
CSD,LightGBM,THOR,,3001.7506343579194,328.76350748820266,0.10952392371477782
CSD,LightGBM,THOR,,972.0491906654755,153.1531720357311,0.15755701821106477
CSD,LightGBM,THOR,,402.46245938248666,76.5788000252536,0.1902756350064335
CSD,LightGBM,THOR,,72.95661471026217,16.04660946066122,0.21994728681406434
CSD,LightGBM,THY,,6720.987596553003,767.0384074681616,0.11412584779379047
CSD,LightGBM,THY,,7124.003763825385,721.3520376599607,0.10125654920662415
CSD,LightGBM,THY,,8602.62016846914,671.1896546247118,0.07802153779668175
CSD,LightGBM,THY,,8592.274594622198,414.74423456564614,0.048269434362029066
CSD,LightGBM,THY,,16895.382694060376,1432.144860143641,0.08476545847328548
CSD,LightGBM,THY,,17617.652729705318,1755.8150569427116,0.09966225829745257
CSD,LightGBM,THY,,16377.333069429598,832.3159210487219,0.050821212313398374
CSD,LightGBM,TUBORG SQUASH,,498040.55445194384,17152.217125013343,0.034439398502172314
CSD,LightGBM,TUBORG SQUASH,,433565.2513267463,18262.16473021356,0.042120914151514206
CSD,LightGBM,TUBORG SQUASH,,465616.06406347285,34342.52465315273,0.07375717313840605
CSD,LightGBM,TUBORG SQUASH,,468735.69325095136,31479.38554220804,0.06715807222590713
CSD,LightGBM,TUBORG SQUASH,,567939.5455727457,25337.213371272308,0.04461251830196237
CSD,LightGBM,TUBORG SQUASH,,745108.3458662245,49749.393712914774,0.06676799956532321
CSD,LightGBM,TUBORG SQUASH,,545745.5472918253,40717.99959621632,0.07460986131407368
CSD,LightGBM,ULUDAG,,65708.2815591518,2829.0686909924334,0.04305497912687998
CSD,LightGBM,ULUDAG,,52321.5911175394,4878.171471062574,0.09323438693031831
CSD,LightGBM,ULUDAG,,60862.65548573809,3617.6784018810818,0.059440035486601636
CSD,LightGBM,ULUDAG,,43510.516494098105,6050.432806305621,0.13905679118119224
CSD,LightGBM,ULUDAG,,46971.22710971044,3386.7426342838476,0.07210249428599026
CSD,LightGBM,ULUDAG,,35145.18740606347,2948.234252457259,0.08388728215882585
CSD,LightGBM,ULUDAG,,76679.2732319306,13458.776304503957,0.17552039471990571
CSD,LightGBM,VESTFYN,,105.28637690504618,7.527623380123189,0.07149665133706774
CSD,LightGBM,VESTFYN,,132.82941303583203,20.822210698613812,0.15675903568885619
CSD,LightGBM,VESTFYN,,6.692633604509851,1.5062623297124849,0.22506272100380417
CSD,LightGBM,VESTFYN,,2.3601041324005076,0.49154572225092547,0.20827289588742204
CSD,LightGBM,VESTFYN,,2.017652989879221,0.643048656673692,0.3187112253193676
CSD,LightGBM,VESTFYN,,5.123485159856033,0.4676626716530128,0.09127823289453109
CSD,LightGBM,VESTFYN,,2.029111216493235,0.449354390394807,0.2214538004335679
CSD,LightGBM,VIMTO,,163.91048114352785,24.07931335277317,0.14690526917365446
CSD,LightGBM,VIMTO,,166.3212303752499,13.8588024350644,0.08332551655490106
CSD,LightGBM,VIMTO,,75.41341682311217,4.632956268098239,0.06143411163778967
CSD,LightGBM,VIMTO,,122.97381628016282,17.8929410691168,0.145502039461413
CSD,LightGBM,VIMTO,,231.9041764091482,22.295188365032573,0.09613965867392231
CSD,LightGBM,VIMTO,,248.72404527426482,16.345736577978254,0.06571836092467064
CSD,LightGBM,VIMTO,,329.6813152558181,30.58749254285547,0.0927789690450638
CSD,LightGBM,VOELKEL,,26.559665445828664,4.877280160678931,0.18363484926520166
CSD,LightGBM,VOELKEL,,56.199105898831604,11.809926163199904,0.21014437817676093
CSD,LightGBM,VOELKEL,,10.815040407631475,2.1923075354312687,0.20270913956866024
CSD,LightGBM,VOELKEL,,1.635123739346271,0.676127465749197,0.41350232369540146
CSD,LightGBM,VOELKEL,,9.188497826155787,1.4417245721382272,0.1569053614002328
CSD,LightGBM,VOELKEL,,12.109476957107315,4.440704529366307,0.36671315739693955
CSD,LightGBM,VOELKEL,,5.78775222663174,1.040559714258671,0.17978649975212202
CSD,LightGBM,WARHEADS,,543.7822383227383,74.80994622152409,0.1375733537238557
CSD,LightGBM,WARHEADS,,226.31675836455616,34.812591079184145,0.1538224183253245
CSD,LightGBM,WARHEADS,,309.6741503731796,51.00069077574119,0.16469146912740923
CSD,LightGBM,WARHEADS,,380.24497913278947,53.66517537554307,0.14113315972753995
CSD,LightGBM,WARHEADS,,361.56051731910645,39.62239626675806,0.10958717661029366
CSD,LightGBM,WARHEADS,,329.7667374113453,52.14120549154466,0.1581154178885684
CSD,LightGBM,WARHEADS,,351.64781955821417,40.51619668267704,0.11521810865649265
CSD,LightGBM,ØKOBRUS,,0.39398013827858447,0.18254103065509644,0.46332546471167835
CSD,LightGBM,ØKOBRUS,,0.14631876106914307,0.3448380127943465,2.3567586977543704
CSD,LightGBM,ØKOBRUS,,1.111353245114148,0.2506586239061245,0.22554361091587863
CSD,LightGBM,ØKOBRUS,,0.8724563165701547,0.1458268260091084,0.1671451317842369
CSD,LightGBM,ØKOBRUS,,12896.41333707624,3885.0102569078877,0.30124734337870274
CSD,LightGBM,ØKOBRUS,,4613.85766028555,981.2500574353261,0.2126745404136713
CSD,LightGBM,ØKOBRUS,,6511.844722215748,712.6466448464099,0.10943851938224991
CSD,LightGBM,ØNDLINGS,,0.1867798639564428,0.24192467119498567,1.295239572780729
CSD,LightGBM,ØNDLINGS,,0.12379753662943963,0.11211345767680507,0.9056194551947487
CSD,LightGBM,ØNDLINGS,,0.3098649496698725,0.07780138888056701,0.2510816049490462
CSD,LightGBM,ØNDLINGS,,0.6680764065926582,0.19492274119136263,0.29176713811151184
CSD,LightGBM,ØRBÆK,,1846.891102180356,133.8899916591218,0.07249479490212353
CSD,LightGBM,ØRBÆK,,2487.1853385415993,183.8320010577996,0.07391166159156938
CSD,LightGBM,ØRBÆK,,3549.737519418566,493.35113346370406,0.1389824263807858
CSD,LightGBM,ØRBÆK,,2168.962390387403,246.03967384830148,0.11343657913974055
CSD,LightGBM,ØRBÆK,,3165.8930460402003,464.4436738667489,0.1467022628726073
CSD,LightGBM,ØRBÆK,,1957.299117597062,479.8934264769492,0.2451814452693899
CSD,LightGBM,ØRBÆK,,1941.1164189869426,109.9309751262437,0.05663286037403982
CSD,LightGBM,ØVRIGE BRAND,,2672.6391622565675,288.68948589568015,0.1080166338848127
CSD,LightGBM,ØVRIGE BRAND,,2315.0053971654515,125.81644291957852,0.05434822876595934
CSD,LightGBM,ØVRIGE BRAND,,3421.916733912626,264.5730644909881,0.07731721285587062
CSD,LightGBM,ØVRIGE BRAND,,1104.255691534076,74.92213320924796,0.06784853705862556
CSD,LightGBM,ØVRIGE BRAND,,2962.0296318409464,286.9142678258811,0.09686407750335689
CSD,LightGBM,ØVRIGE BRAND,,2981.895247404628,132.4537219722143,0.04441930751507751
CSD,LightGBM,ØVRIGE BRAND,,3536.8327570359593,390.13691119671086,0.11030685870588489
CSD,XGBoost,1724,,122.9861831665039,12.254111289978027,0.09963811188936234
CSD,XGBoost,1724,,161.41543579101562,6.607602119445801,0.04093537852168083
CSD,XGBoost,1724,,177.00535583496094,8.569916725158691,0.0484161451458931
CSD,XGBoost,1724,,123.07789611816406,12.176114082336426,0.09893014281988144
CSD,XGBoost,1724,,160.7061004638672,11.420239448547363,0.07106288522481918
CSD,XGBoost,1724,,144.12173461914062,9.367341041564941,0.06499603390693665
CSD,XGBoost,1724,,116.87943267822266,7.75499963760376,0.06635042279958725
CSD,XGBoost,7-UP,,7573.75244140625,813.5061645507812,0.10741124302148819
CSD,XGBoost,7-UP,,12199.0537109375,1021.5318603515625,0.08373861759901047
CSD,XGBoost,7-UP,,13722.759765625,897.7781982421875,0.06542257219552994
CSD,XGBoost,7-UP,,12878.091796875,618.8453369140625,0.04805411770939827
CSD,XGBoost,7-UP,,22271.921875,1921.6356201171875,0.08628063648939133
CSD,XGBoost,7-UP,,53082.6640625,13709.912109375,0.25827476382255554
CSD,XGBoost,7-UP,,42989.77734375,3861.15234375,0.08981559425592422
CSD,XGBoost,ABBOTT'S,,6.068746089935303,2.818687677383423,0.4644596576690674
CSD,XGBoost,ABBOTT'S,,0.29595860838890076,0.38431379199028015,1.2985390424728394
CSD,XGBoost,ABBOTT'S,,2.9889729022979736,2.1291186809539795,0.7123245000839233
CSD,XGBoost,ABBOTT'S,,1.4126169681549072,0.7405607104301453,0.5242473483085632
CSD,XGBoost,ABBOTT'S,,9.550949096679688,4.049679279327393,0.4240080416202545
CSD,XGBoost,ABBOTT'S,,0.27109459042549133,0.036194805055856705,0.13351356983184814
CSD,XGBoost,ALBANI,,7038.91015625,1040.22802734375,0.14778253436088562
CSD,XGBoost,ALBANI,,10415.515625,370.2851867675781,0.03555130586028099
CSD,XGBoost,ALBANI,,9170.958984375,687.5104370117188,0.07496603578329086
CSD,XGBoost,ALBANI,,10633.669921875,818.3356323242188,0.07695702463388443
CSD,XGBoost,ALBANI,,6690.90234375,517.82373046875,0.07739221304655075
CSD,XGBoost,ALBANI,,6305.23486328125,579.4420166015625,0.09189856052398682
CSD,XGBoost,ALBANI,,4874.01904296875,621.0280151367188,0.1274159997701645
CSD,XGBoost,AYYO,,246.53854370117188,24.61143684387207,0.09982794523239136
CSD,XGBoost,AYYO,,333.1606140136719,19.751495361328125,0.059285204857587814
CSD,XGBoost,AYYO,,324.96624755859375,50.28500747680664,0.1547391712665558
CSD,XGBoost,AYYO,,383.63641357421875,57.06692123413086,0.1487526148557663
CSD,XGBoost,AYYO,,334.75555419921875,33.214332580566406,0.0992196574807167
CSD,XGBoost,AYYO,,398.18353271484375,62.68695831298828,0.15743231773376465
CSD,XGBoost,AYYO,,341.2016296386719,54.87495040893555,0.16082851588726044
CSD,XGBoost,BORNHOLMS MOSTERI,,32.13947296142578,2.483954668045044,0.0772867277264595
CSD,XGBoost,BORNHOLMS MOSTERI,,22.131563186645508,6.316050052642822,0.2853865325450897
CSD,XGBoost,BORNHOLMS MOSTERI,,8.321662902832031,1.4717400074005127,0.17685647308826447
CSD,XGBoost,BORNHOLMS MOSTERI,,19.337888717651367,3.3382225036621094,0.17262600362300873
CSD,XGBoost,BORNHOLMS MOSTERI,,52.05363845825195,7.769420146942139,0.14925795793533325
CSD,XGBoost,BORNHOLMS MOSTERI,,63.97749710083008,18.038454055786133,0.2819499671459198
CSD,XGBoost,BORNHOLMS MOSTERI,,80.4625015258789,9.037781715393066,0.11232290416955948
CSD,XGBoost,BOYLAN,,32.98809814453125,5.87587833404541,0.1781211644411087
CSD,XGBoost,BOYLAN,,40.557579040527344,5.008530616760254,0.12349185347557068
CSD,XGBoost,BOYLAN,,29.369592666625977,8.327319145202637,0.2835353910923004
CSD,XGBoost,BOYLAN,,27.75335693359375,3.2985458374023438,0.11885213851928711
CSD,XGBoost,BOYLAN,,28.50927734375,8.116832733154297,0.2847084701061249
CSD,XGBoost,BOYLAN,,20.768190383911133,1.9331952333450317,0.0930844321846962
CSD,XGBoost,BOYLAN,,27.093021392822266,6.39538049697876,0.23605269193649292
CSD,XGBoost,BRAIN LICKER,,4.8610639572143555,4.594249725341797,0.9451119899749756
CSD,XGBoost,BRAIN LICKER,,0.8885356783866882,0.4650733470916748,0.5234155058860779
CSD,XGBoost,BRAIN LICKER,,3.7713050842285156,1.9369635581970215,0.5136056542396545
CSD,XGBoost,BRAIN LICKER,,0.9962377548217773,0.5765510201454163,0.5787283182144165
CSD,XGBoost,BRAIN LICKER,,1.301387071609497,0.7922252416610718,0.6087545156478882
CSD,XGBoost,BRAIN LICKER,,4.010167598724365,2.6024093627929688,0.6489527821540833
CSD,XGBoost,BRAIN LICKER,,13.772172927856445,4.075053691864014,0.2958903908729553
CSD,XGBoost,BRITVIC,,2.6294398307800293,0.3490276038646698,0.1327383816242218
CSD,XGBoost,BRITVIC,,0.7788217067718506,0.25462397933006287,0.3269348740577698
CSD,XGBoost,BRITVIC,,3.1284518241882324,0.43342527747154236,0.1385430544614792
CSD,XGBoost,BRITVIC,,3.0358481407165527,0.833926260471344,0.27469301223754883
CSD,XGBoost,BRITVIC,,2.9767353534698486,0.6928443312644958,0.23275308310985565
CSD,XGBoost,BRITVIC,,7.432339668273926,1.8667880296707153,0.2511709928512573
CSD,XGBoost,BRITVIC,,1.9771124124526978,0.5020354986190796,0.25392359495162964
CSD,XGBoost,BUNDABERG,,167.2777099609375,12.676064491271973,0.07577856630086899
CSD,XGBoost,BUNDABERG,,173.87380981445312,16.709680557250977,0.09610234200954437
CSD,XGBoost,BUNDABERG,,172.80409240722656,17.030630111694336,0.09855455160140991
CSD,XGBoost,BUNDABERG,,148.24319458007812,13.881732940673828,0.09364162385463715
CSD,XGBoost,BUNDABERG,,148.96792602539062,15.48218822479248,0.10392967611551285
CSD,XGBoost,BUNDABERG,,106.83013916015625,7.77570915222168,0.07278572767972946
CSD,XGBoost,BUNDABERG,,62.93773651123047,7.5280327796936035,0.11961079388856888
CSD,XGBoost,CANDY CAN,,94.60669708251953,27.381866455078125,0.2894284129142761
CSD,XGBoost,CANDY CAN,,27.342660903930664,4.902499675750732,0.17929856479167938
CSD,XGBoost,CANDY CAN,,33.806888580322266,5.687705039978027,0.1682410091161728
CSD,XGBoost,CANDY CAN,,58.8721809387207,27.212928771972656,0.46223747730255127
CSD,XGBoost,CANDY CAN,,86.29560089111328,18.44004249572754,0.21368461847305298
CSD,XGBoost,CANDY CAN,,10.088516235351562,1.6088591814041138,0.15947431325912476
CSD,XGBoost,CANDY CAN,,10.793368339538574,4.4808220863342285,0.4151458442211151
CSD,XGBoost,CARIBIA,,69728.6484375,3661.2734375,0.05250744894146919
CSD,XGBoost,CARIBIA,,100183.625,6151.06640625,0.06139792129397392
CSD,XGBoost,CARIBIA,,104975.484375,8519.8212890625,0.08116010576486588
CSD,XGBoost,CARIBIA,,116119.3984375,8369.0380859375,0.07207269221544266
CSD,XGBoost,CARIBIA,,103587.921875,7964.3125,0.07688456773757935
CSD,XGBoost,CARIBIA,,133486.75,7596.52001953125,0.05690842121839523
CSD,XGBoost,CARIBIA,,111042.8359375,8181.85986328125,0.0736820176243782
CSD,XGBoost,CARLSBERG SPORT,,11.851526260375977,7.506504058837891,0.6333786845207214
CSD,XGBoost,CARLSBERG SPORT,,9.22876262664795,1.6025506258010864,0.17364740371704102
CSD,XGBoost,CARLSBERG SPORT,,3.2735793590545654,0.7870652079582214,0.24042955040931702
CSD,XGBoost,CARLSBERG SPORT,,1.559617280960083,1.1180617809295654,0.7168821692466736
CSD,XGBoost,CARLSBERG SPORT,,1.9289188385009766,1.1531858444213867,0.5978405475616455
CSD,XGBoost,CARLSBERG SPORT,,1.0050294399261475,0.38409775495529175,0.38217562437057495
CSD,XGBoost,CARLSBERG SPORT,,0.8649038076400757,0.3185359537601471,0.36829060316085815
CSD,XGBoost,CHUPA CHUPS,,259.453857421875,62.61091232299805,0.24131810665130615
CSD,XGBoost,CHUPA CHUPS,,302.07855224609375,122.6380386352539,0.4059806168079376
CSD,XGBoost,CHUPA CHUPS,,174.22183227539062,64.42218780517578,0.3697710335254669
CSD,XGBoost,CHUPA CHUPS,,289.03265380859375,57.29508590698242,0.19823049008846283
CSD,XGBoost,CHUPA CHUPS,,311.46685791015625,57.66413497924805,0.1851373016834259
CSD,XGBoost,CHUPA CHUPS,,134.24322509765625,31.063642501831055,0.23139820992946625
CSD,XGBoost,CHUPA CHUPS,,41.44196701049805,14.155303955078125,0.34156930446624756
CSD,XGBoost,COCA COLA,,3392972.75,27731.31640625,0.008173162117600441
CSD,XGBoost,COCA COLA,,3645701.25,147925.109375,0.040575213730335236
CSD,XGBoost,COCA COLA,,4937706.5,156320.21875,0.031658466905355453
CSD,XGBoost,COCA COLA,,3942740.5,113552.25,0.02880033478140831
CSD,XGBoost,COCA COLA,,4396002.0,62893.95703125,0.014307080768048763
CSD,XGBoost,COCA COLA,,5772552.5,147439.46875,0.02554146945476532
CSD,XGBoost,COCA COLA,,4058054.0,112986.0703125,0.027842426672577858
CSD,XGBoost,D&G,,0.6677991151809692,0.33644598722457886,0.5038131475448608
CSD,XGBoost,D&G,,1.2991981506347656,0.35048335790634155,0.26976898312568665
CSD,XGBoost,D&G,,0.8396302461624146,0.5335708260536194,0.6354830861091614
CSD,XGBoost,D&G,,1.8253612518310547,1.029895544052124,0.5642146468162537
CSD,XGBoost,D&G,,0.45370349287986755,0.07541072368621826,0.16621147096157074
CSD,XGBoost,DEPANNEUR FRIZZANTE,,4.826565742492676,1.0533678531646729,0.2182437628507614
CSD,XGBoost,DEPANNEUR FRIZZANTE,,5.461365222930908,2.9137110710144043,0.5335133075714111
CSD,XGBoost,DEPANNEUR FRIZZANTE,,4.528995513916016,0.8634737133979797,0.19065457582473755
CSD,XGBoost,DEPANNEUR FRIZZANTE,,1.9843238592147827,0.2915491759777069,0.14692620933055878
CSD,XGBoost,DEPANNEUR FRIZZANTE,,2.5362446308135986,0.7991334795951843,0.3150853216648102
CSD,XGBoost,DEPANNEUR FRIZZANTE,,2.62011981010437,1.1242210865020752,0.42907240986824036
CSD,XGBoost,DEPANNEUR FRIZZANTE,,13.244943618774414,5.5453057289123535,0.41867342591285706
CSD,XGBoost,DOCTOR POLIDORIS,,0.8901504278182983,0.463603675365448,0.5208149552345276
CSD,XGBoost,DOCTOR POLIDORIS,,0.8224214315414429,0.46759241819381714,0.5685557126998901
CSD,XGBoost,DOCTOR POLIDORIS,,1.2074434757232666,0.5531982779502869,0.45815667510032654
CSD,XGBoost,DOCTOR POLIDORIS,,1.0032999515533447,0.25627490878105164,0.25543200969696045
CSD,XGBoost,DOCTOR POLIDORIS,,0.8608700037002563,0.6272267699241638,0.7285963892936707
CSD,XGBoost,DOCTOR POLIDORIS,,4.231686115264893,2.2637741565704346,0.5349579453468323
CSD,XGBoost,DOCTOR POLIDORIS,,5.074295997619629,1.1805049180984497,0.23264408111572266
CSD,XGBoost,DOUBLE DUTCH,,1887.5269775390625,231.3749237060547,0.12258099019527435
CSD,XGBoost,DOUBLE DUTCH,,1935.1689453125,258.52301025390625,0.13359196484088898
CSD,XGBoost,DOUBLE DUTCH,,1000.6715087890625,78.2176742553711,0.07816518843173981
CSD,XGBoost,DOUBLE DUTCH,,3691.321044921875,639.7709350585938,0.17331761121749878
CSD,XGBoost,DOUBLE DUTCH,,2436.3828125,667.5278930664062,0.2739831805229187
CSD,XGBoost,DOUBLE DUTCH,,3257.08642578125,478.6009521484375,0.1469414383172989
CSD,XGBoost,DOUBLE DUTCH,,364.8669128417969,69.87818908691406,0.1915169209241867
CSD,XGBoost,DR PEPPER,,14323.1689453125,1013.9351806640625,0.0707898661494255
CSD,XGBoost,DR PEPPER,,17773.9921875,1388.1917724609375,0.07810241729021072
CSD,XGBoost,DR PEPPER,,14993.6044921875,1557.0936279296875,0.10385052114725113
CSD,XGBoost,DR PEPPER,,14927.6669921875,1116.2432861328125,0.07477680593729019
CSD,XGBoost,DR PEPPER,,11275.283203125,1004.1726684570312,0.08905964344739914
CSD,XGBoost,DR PEPPER,,15353.458984375,1028.3262939453125,0.06697684526443481
CSD,XGBoost,DR PEPPER,,20347.75,2019.1573486328125,0.09923246502876282
CSD,XGBoost,EAGLE,,1.3679207563400269,0.21032094955444336,0.15375229716300964
CSD,XGBoost,EAGLE,,1.4441726207733154,0.06653862446546555,0.04607387259602547
CSD,XGBoost,EAGLE,,0.010986092500388622,0.010017475113272667,0.9118323922157288
CSD,XGBoost,EAGLE,,1.9887672662734985,0.14227798581123352,0.07154079526662827
CSD,XGBoost,EAGLE,,0.8157626390457153,0.12944985926151276,0.15868569910526276
CSD,XGBoost,EAGLE,,0.27109459042549133,0.036194805055856705,0.13351356983184814
CSD,XGBoost,EASIS,,1.1074062585830688,0.3369668126106262,0.3042847216129303
CSD,XGBoost,EASIS,,0.6118475198745728,0.37043288350105286,0.6054333448410034
CSD,XGBoost,EASIS,,15.66108512878418,9.00752067565918,0.5751530528068542
CSD,XGBoost,EASIS,,31547.30859375,8324.9931640625,0.2638891637325287
CSD,XGBoost,EASIS,,17621.03515625,3674.126220703125,0.2085079699754715
CSD,XGBoost,EAST IMPERIAL,,9.723689079284668,5.876374244689941,0.6043359041213989
CSD,XGBoost,EAST IMPERIAL,,0.4449806213378906,0.14552322030067444,0.3270327150821686
CSD,XGBoost,EAST IMPERIAL,,0.26089996099472046,0.09209471195936203,0.352988600730896
CSD,XGBoost,EAST IMPERIAL,,0.1457870751619339,0.2097741961479187,1.4389081001281738
CSD,XGBoost,EAST IMPERIAL,,0.18176819384098053,0.3483414351940155,1.9164047241210938
CSD,XGBoost,EBELTOFT,,3028.14013671875,105.60371398925781,0.034874118864536285
CSD,XGBoost,EBELTOFT,,3361.32568359375,225.94728088378906,0.06721968948841095
CSD,XGBoost,EBELTOFT,,3712.303955078125,322.0491638183594,0.08675183355808258
CSD,XGBoost,EBELTOFT,,4042.194580078125,287.2428894042969,0.07106112688779831
CSD,XGBoost,EBELTOFT,,3460.115234375,435.3043212890625,0.1258063018321991
CSD,XGBoost,EBELTOFT,,6175.58251953125,892.6512451171875,0.1445452719926834
CSD,XGBoost,EBELTOFT,,4832.71728515625,532.1890258789062,0.11012210696935654
CSD,XGBoost,EFFERVE,,410.110107421875,44.25653076171875,0.1079137772321701
CSD,XGBoost,EFFERVE,,528.0553588867188,66.85429382324219,0.12660470604896545
CSD,XGBoost,EFFERVE,,355.893798828125,70.83495330810547,0.1990339607000351
CSD,XGBoost,EFFERVE,,582.3737182617188,125.71443176269531,0.21586556732654572
CSD,XGBoost,EFFERVE,,342.0331726074219,58.459781646728516,0.17091844975948334
CSD,XGBoost,EFFERVE,,2539.8408203125,886.7440795898438,0.3491337299346924
CSD,XGBoost,EFFERVE,,1971.5230712890625,248.20924377441406,0.12589719891548157
CSD,XGBoost,EGO,,72782.46875,8160.75830078125,0.11212532967329025
CSD,XGBoost,EGO,,88034.0234375,6037.23291015625,0.06857840716838837
CSD,XGBoost,EGO,,116974.8359375,5958.78173828125,0.05094071477651596
CSD,XGBoost,EGO,,93106.125,2778.025634765625,0.029837194830179214
CSD,XGBoost,EGO,,107400.953125,5335.04736328125,0.04967411607503891
CSD,XGBoost,EGO,,133480.84375,10969.345703125,0.08217917382717133
CSD,XGBoost,EGO,,115762.9375,1701.8245849609375,0.01470094546675682
CSD,XGBoost,FANTA,,561243.8125,21687.857421875,0.03864248842000961
CSD,XGBoost,FANTA,,659938.375,17624.11328125,0.026705695316195488
CSD,XGBoost,FANTA,,698984.625,59499.953125,0.08512340486049652
CSD,XGBoost,FANTA,,699253.8125,19145.66796875,0.027380140498280525
CSD,XGBoost,FANTA,,875454.6875,52872.3359375,0.06039414182305336
CSD,XGBoost,FANTA,,1024282.3125,64823.625,0.06328687071800232
CSD,XGBoost,FANTA,,722648.625,40759.11328125,0.05640239641070366
CSD,XGBoost,FAXE KONDI,,2003505.375,22395.9765625,0.011178395710885525
CSD,XGBoost,FAXE KONDI,,2459205.25,105541.2421875,0.042916808277368546
CSD,XGBoost,FAXE KONDI,,3735664.75,228370.5,0.06113249436020851
CSD,XGBoost,FAXE KONDI,,2646954.25,174063.3125,0.06575985252857208
CSD,XGBoost,FAXE KONDI,,3107898.75,196519.453125,0.06323225796222687
CSD,XGBoost,FAXE KONDI,,4411055.5,149145.96875,0.03381185606122017
CSD,XGBoost,FAXE KONDI,,2871826.25,141176.015625,0.0491589680314064
CSD,XGBoost,FENTIMANS,,4791.8623046875,869.2872314453125,0.1814090609550476
CSD,XGBoost,FENTIMANS,,7569.39306640625,1306.422607421875,0.17259278893470764
CSD,XGBoost,FENTIMANS,,6145.58837890625,634.0810546875,0.10317662358283997
CSD,XGBoost,FENTIMANS,,5856.4091796875,458.7203369140625,0.07832791656255722
CSD,XGBoost,FENTIMANS,,5484.20068359375,408.0469970703125,0.07440409809350967
CSD,XGBoost,FENTIMANS,,9828.1650390625,989.43896484375,0.10067382454872131
CSD,XGBoost,FENTIMANS,,7890.25634765625,691.9060668945312,0.08769120275974274
CSD,XGBoost,FEVER TREE,,154901.46875,15258.740234375,0.09850610792636871
CSD,XGBoost,FEVER TREE,,186458.84375,13305.90234375,0.07136106491088867
CSD,XGBoost,FEVER TREE,,201711.859375,11473.861328125,0.05688243359327316
CSD,XGBoost,FEVER TREE,,177819.640625,5414.91748046875,0.030451739206910133
CSD,XGBoost,FEVER TREE,,156117.90625,6624.89111328125,0.0424351766705513
CSD,XGBoost,FEVER TREE,,239546.15625,18199.36328125,0.07597435265779495
CSD,XGBoost,FEVER TREE,,197761.4375,7505.4013671875,0.037951793521642685
CSD,XGBoost,FINGERS CROSSED,,228.7112274169922,49.352020263671875,0.21578310430049896
CSD,XGBoost,FINGERS CROSSED,,113.8957748413086,16.505138397216797,0.1449144035577774
CSD,XGBoost,FINGERS CROSSED,,91.77655029296875,28.00442886352539,0.30513709783554077
CSD,XGBoost,FINGERS CROSSED,,56.594573974609375,11.571253776550293,0.20445871353149414
CSD,XGBoost,FINGERS CROSSED,,55.48872756958008,9.200329780578613,0.165805384516716
CSD,XGBoost,FINGERS CROSSED,,47.326988220214844,3.8869526386260986,0.08212972432374954
CSD,XGBoost,FINGERS CROSSED,,118.6302261352539,11.786688804626465,0.09935653954744339
CSD,XGBoost,FRANKLIN & SONS,,362.2799377441406,51.31379318237305,0.1416412740945816
CSD,XGBoost,FRANKLIN & SONS,,382.0796813964844,45.79841995239258,0.11986614763736725
CSD,XGBoost,FRANKLIN & SONS,,434.7093811035156,62.31838607788086,0.14335642755031586
CSD,XGBoost,FRANKLIN & SONS,,410.58538818359375,54.33662033081055,0.13233938813209534
CSD,XGBoost,FRANKLIN & SONS,,303.9150695800781,29.76131820678711,0.09792643040418625
CSD,XGBoost,FRANKLIN & SONS,,339.18780517578125,30.55990219116211,0.09009729325771332
CSD,XGBoost,FRANKLIN & SONS,,374.0854187011719,40.0079231262207,0.10694862902164459
CSD,XGBoost,FREM,,25076.75,2075.09033203125,0.08274957537651062
CSD,XGBoost,FREM,,32697.99609375,2419.956298828125,0.07400931417942047
CSD,XGBoost,FREM,,48591.3828125,1869.4300537109375,0.038472458720207214
CSD,XGBoost,FREM,,38484.48828125,2655.03173828125,0.06898965686559677
CSD,XGBoost,FREM,,46243.703125,1613.9814453125,0.03490164875984192
CSD,XGBoost,FREM,,67975.765625,3504.2197265625,0.05155101418495178
CSD,XGBoost,FREM,,45388.44921875,1642.5914306640625,0.03618963435292244
CSD,XGBoost,FRESH,,15153.3720703125,1219.6749267578125,0.08048868179321289
CSD,XGBoost,FRESH,,14885.708984375,987.1389770507812,0.06631454080343246
CSD,XGBoost,FRESH,,21445.787109375,1876.56787109375,0.0875028669834137
CSD,XGBoost,FRESH,,19021.7265625,2235.899658203125,0.1175445169210434
CSD,XGBoost,FRESH,,27333.44921875,1530.1087646484375,0.055979352444410324
CSD,XGBoost,FRESH,,45672.6015625,5325.3447265625,0.1165982335805893
CSD,XGBoost,FRESH,,54890.04296875,4710.88671875,0.08582406491041183
CSD,XGBoost,FRESH MOJITO,,4441.69140625,480.0623779296875,0.10808098316192627
CSD,XGBoost,FRESH MOJITO,,2690.039306640625,639.76953125,0.2378290593624115
CSD,XGBoost,FRESH MOJITO,,5666.51318359375,925.25341796875,0.16328443586826324
CSD,XGBoost,FRESH MOJITO,,4283.263671875,264.75567626953125,0.061811670660972595
CSD,XGBoost,FRESH MOJITO,,4005.876220703125,311.7522888183594,0.07782374322414398
CSD,XGBoost,FRESH MOJITO,,18741.646484375,2108.687744140625,0.1125134751200676
CSD,XGBoost,FRESH MOJITO,,16878.341796875,1327.928466796875,0.07867647707462311
CSD,XGBoost,FUGLSANG,,311.16021728515625,33.27268981933594,0.10693105310201645
CSD,XGBoost,FUGLSANG,,301.599853515625,46.81514358520508,0.15522269904613495
CSD,XGBoost,FUGLSANG,,108.19049072265625,17.694316864013672,0.1635477989912033
CSD,XGBoost,FUGLSANG,,146.10023498535156,15.816465377807617,0.10825762897729874
CSD,XGBoost,FUGLSANG,,173.92637634277344,27.299013137817383,0.15695729851722717
CSD,XGBoost,FUGLSANG,,158.1507110595703,24.280649185180664,0.15352855622768402
CSD,XGBoost,FUGLSANG,,127.2602767944336,8.291722297668457,0.06515561789274216
CSD,XGBoost,GALVANINA,,362.4658203125,195.5459442138672,0.5394879579544067
CSD,XGBoost,GALVANINA,,285.42254638671875,102.3199691772461,0.3584859371185303
CSD,XGBoost,GALVANINA,,6.666787624359131,3.1312167644500732,0.4696739912033081
CSD,XGBoost,GALVANINA,,246.8420867919922,242.18789672851562,0.9811450839042664
CSD,XGBoost,GALVANINA,,3.797619342803955,1.657339096069336,0.43641528487205505
CSD,XGBoost,GALVANINA,,1.6368945837020874,0.9520747661590576,0.5816347599029541
CSD,XGBoost,GALVANINA,,68.63127136230469,54.924957275390625,0.8002905249595642
CSD,XGBoost,GAZOZ,,15.619417190551758,7.686009407043457,0.492080420255661
CSD,XGBoost,GAZOZ,,7.283107757568359,0.6726677417755127,0.0923599898815155
CSD,XGBoost,GAZOZ,,1.3507705926895142,0.7024122476577759,0.5200085639953613
CSD,XGBoost,GAZOZ,,0.3768726885318756,0.4708399176597595,1.2493340969085693
CSD,XGBoost,GAZOZ,,0.6904905438423157,0.18562687933444977,0.26883333921432495
CSD,XGBoost,GAZOZ,,1.5236200094223022,0.824984610080719,0.5414634943008423
CSD,XGBoost,GAZOZ,,56.923789978027344,14.409892082214355,0.2531435787677765
CSD,XGBoost,GUARANA ANARCTICA,,15318.6982421875,2000.43310546875,0.13058766722679138
CSD,XGBoost,GUARANA ANARCTICA,,10714.4072265625,950.113525390625,0.08867625892162323
CSD,XGBoost,GUARANA ANARCTICA,,25142.65625,2127.46875,0.08461590856313705
CSD,XGBoost,GUARANA ANARCTICA,,43998.89453125,7196.33837890625,0.1635572612285614
CSD,XGBoost,GUARANA ANARCTICA,,35478.9921875,4086.16943359375,0.11517152190208435
CSD,XGBoost,GUARANA ANARCTICA,,40284.9921875,3924.088134765625,0.09740819036960602
CSD,XGBoost,GUARANA ANARCTICA,,48010.09765625,3951.773681640625,0.08231130242347717
CSD,XGBoost,HANCOCK,,272875.75,14414.806640625,0.05282553285360336
CSD,XGBoost,HANCOCK,,267462.9375,14727.6337890625,0.05506420508027077
CSD,XGBoost,HANCOCK,,356579.84375,16531.04296875,0.04636000469326973
CSD,XGBoost,HANCOCK,,302498.46875,9398.0498046875,0.031068090349435806
CSD,XGBoost,HANCOCK,,343826.15625,17812.2109375,0.05180586501955986
CSD,XGBoost,HANCOCK,,374904.1875,31312.640625,0.08352171629667282
CSD,XGBoost,HANCOCK,,267478.09375,20248.333984375,0.07570090889930725
CSD,XGBoost,HARBOE,,4371183.0,369770.53125,0.0845927819609642
CSD,XGBoost,HARBOE,,4423497.0,283890.03125,0.0641777366399765
CSD,XGBoost,HARBOE,,5774820.5,152193.34375,0.02635464444756508
CSD,XGBoost,HARBOE,,5502897.0,41290.13671875,0.007503345143049955
CSD,XGBoost,HARBOE,,6036124.0,95609.7578125,0.0158395953476429
CSD,XGBoost,HARBOE,,6152753.5,224065.328125,0.03641708195209503
CSD,XGBoost,HARBOE,,5881898.5,166730.0625,0.02834630012512207
CSD,XGBoost,HARBOE OTHER,,88216.890625,5301.09765625,0.060091640800237656
CSD,XGBoost,HARBOE OTHER,,89497.4921875,6462.10791015625,0.0722043439745903
CSD,XGBoost,HARBOE OTHER,,111364.1640625,1519.083251953125,0.013640683144330978
CSD,XGBoost,HARBOE OTHER,,112354.171875,4394.974609375,0.03911714628338814
CSD,XGBoost,HARBOE OTHER,,94334.9296875,6179.26171875,0.06550343334674835
CSD,XGBoost,HARBOE OTHER,,96433.65625,3440.259521484375,0.03567488491535187
CSD,XGBoost,HARBOE OTHER,,92335.9765625,4627.49560546875,0.05011584609746933
CSD,XGBoost,HATA RAMUNE,,895.7594604492188,112.09941101074219,0.12514454126358032
CSD,XGBoost,HATA RAMUNE,,1962.1240234375,219.92018127441406,0.11208271235227585
CSD,XGBoost,HATA RAMUNE,,1971.361328125,186.5064697265625,0.09460795670747757
CSD,XGBoost,HATA RAMUNE,,765.6022338867188,106.46829223632812,0.139064759016037
CSD,XGBoost,HATA RAMUNE,,1065.9635009765625,233.5034942626953,0.21905392408370972
CSD,XGBoost,HATA RAMUNE,,2014.096435546875,276.56524658203125,0.1373147964477539
CSD,XGBoost,HATA RAMUNE,,1359.126708984375,51.473331451416016,0.03787235543131828
CSD,XGBoost,HAWAI,,54.27717208862305,16.04874038696289,0.2956812083721161
CSD,XGBoost,HAWAI,,78.76885223388672,20.276121139526367,0.25741294026374817
CSD,XGBoost,HAWAI,,149.5331573486328,54.402801513671875,0.36381766200065613
CSD,XGBoost,HAWAI,,203.6665802001953,48.923030853271484,0.2402113825082779
CSD,XGBoost,HAWAI,,106.92408752441406,6.846751689910889,0.06403376162052155
CSD,XGBoost,HAWAI,,128.63742065429688,15.795672416687012,0.12279220670461655
CSD,XGBoost,HAWAI,,116.28056335449219,8.380191802978516,0.0720687210559845
CSD,XGBoost,INDI & CO,,1.785435438156128,1.4106820821762085,0.7901053428649902
CSD,XGBoost,INDI & CO,,0.16142313182353973,0.26421549916267395,1.6367883682250977
CSD,XGBoost,INDI & CO,,0.0450703501701355,0.1433502435684204,3.180588722229004
CSD,XGBoost,INDI & CO,,1.1213897466659546,0.3249410390853882,0.2897663712501526
CSD,XGBoost,INDI & CO,,1.413524866104126,0.555971086025238,0.3933224678039551
CSD,XGBoost,INDI & CO,,0.9616548418998718,0.38784220814704895,0.40330708026885986
CSD,XGBoost,INDI & CO,,0.6200388669967651,0.17380079627037048,0.28030627965927124
CSD,XGBoost,JARRITOS,,4497.73486328125,395.3540954589844,0.08790071308612823
CSD,XGBoost,JARRITOS,,5914.47265625,751.4657592773438,0.12705540657043457
CSD,XGBoost,JARRITOS,,18773.771484375,2414.693603515625,0.12862059473991394
CSD,XGBoost,JARRITOS,,15369.388671875,849.31787109375,0.05526035651564598
CSD,XGBoost,JARRITOS,,16084.861328125,773.6954956054688,0.048100847750902176
CSD,XGBoost,JARRITOS,,23672.66796875,1642.0849609375,0.06936628371477127
CSD,XGBoost,JARRITOS,,13368.865234375,1100.102294921875,0.08228838443756104
CSD,XGBoost,JOLLY,,727538.0,42382.75,0.05825503170490265
CSD,XGBoost,JOLLY,,824312.25,108405.1875,0.13150985538959503
CSD,XGBoost,JOLLY,,612360.75,27276.4765625,0.044543150812387466
CSD,XGBoost,JOLLY,,605523.875,22367.326171875,0.036938801407814026
CSD,XGBoost,JOLLY,,611039.3125,36099.08984375,0.05907817929983139
CSD,XGBoost,JOLLY,,543569.375,36341.71875,0.06685755401849747
CSD,XGBoost,JOLLY,,443091.0625,50993.6015625,0.11508605629205704
CSD,XGBoost,KIMURA,,2.123734951019287,0.8128737807273865,0.38275671005249023
CSD,XGBoost,KIMURA,,2.5267467498779297,2.1835134029388428,0.8641600012779236
CSD,XGBoost,KIMURA,,0.9058250188827515,0.856627345085144,0.9456874132156372
CSD,XGBoost,KIMURA,,2.378371000289917,0.8781142830848694,0.36920827627182007
CSD,XGBoost,KIMURA,,0.8578378558158875,0.20524506270885468,0.2392585724592209
CSD,XGBoost,KIMURA,,0.3406471312046051,0.38028886914253235,1.1163718700408936
CSD,XGBoost,KIMURA,,0.04591492563486099,0.1236833706498146,2.6937508583068848
CSD,XGBoost,KINLEY,,2485.59375,189.64089965820312,0.07629601657390594
CSD,XGBoost,KINLEY,,2243.10546875,140.8296356201172,0.06278333067893982
CSD,XGBoost,KINLEY,,2816.024658203125,366.5931396484375,0.13018108904361725
CSD,XGBoost,KINLEY,,2384.147705078125,144.23670959472656,0.060498226433992386
CSD,XGBoost,KINLEY,,2529.29150390625,114.80872344970703,0.04539165273308754
CSD,XGBoost,KINLEY,,3124.50830078125,201.58621215820312,0.06451773643493652
CSD,XGBoost,KINLEY,,3405.10888671875,209.3238525390625,0.06147346645593643
CSD,XGBoost,LE TRIBUTE,,91.75975799560547,12.710805892944336,0.1385226547718048
CSD,XGBoost,LE TRIBUTE,,33.449745178222656,6.986903667449951,0.20887763798236847
CSD,XGBoost,LE TRIBUTE,,41.47951126098633,12.696264266967773,0.3060851991176605
CSD,XGBoost,LE TRIBUTE,,24.824893951416016,6.412521839141846,0.25831013917922974
CSD,XGBoost,LE TRIBUTE,,60.52875900268555,11.148865699768066,0.18419121205806732
CSD,XGBoost,LE TRIBUTE,,55.18098831176758,9.764718055725098,0.17695800960063934
CSD,XGBoost,LE TRIBUTE,,73.93479919433594,6.8627214431762695,0.09282126277685165
CSD,XGBoost,LE VILLAGE,,8590.751953125,1543.5494384765625,0.17967571318149567
CSD,XGBoost,LE VILLAGE,,11585.689453125,2755.751708984375,0.23785823583602905
CSD,XGBoost,LE VILLAGE,,6979.63427734375,1351.04443359375,0.19356951117515564
CSD,XGBoost,LE VILLAGE,,14266.3095703125,3246.687744140625,0.22757726907730103
CSD,XGBoost,LE VILLAGE,,18202.98828125,4780.197265625,0.26260507106781006
CSD,XGBoost,LE VILLAGE,,14268.291015625,1195.344482421875,0.08377628773450851
CSD,XGBoost,LE VILLAGE,,12537.5693359375,987.39697265625,0.07875505834817886
CSD,XGBoost,LEMONAID,,45.62946319580078,10.265395164489746,0.2249729484319687
CSD,XGBoost,LEMONAID,,21.65310287475586,6.408707141876221,0.2959717810153961
CSD,XGBoost,LEMONAID,,21.434200286865234,5.3286848068237305,0.24860665202140808
CSD,XGBoost,LEMONAID,,65.28581237792969,36.29121017456055,0.5558820366859436
CSD,XGBoost,LEMONAID,,112.06599426269531,31.98526382446289,0.28541454672813416
CSD,XGBoost,LEMONAID,,70.81722259521484,18.204336166381836,0.25706085562705994
CSD,XGBoost,LEMONAID,,169.92190551757812,12.966010093688965,0.07630570232868195
CSD,XGBoost,LORINA,,3.8190560340881348,1.3686559200286865,0.3583754599094391
CSD,XGBoost,LORINA,,1.0097819566726685,0.2851531207561493,0.2823907732963562
CSD,XGBoost,LORINA,,4.780473709106445,1.1319828033447266,0.23679302632808685
CSD,XGBoost,LORINA,,2.8306221961975098,0.8256438374519348,0.29168280959129333
CSD,XGBoost,LORINA,,1.1752924919128418,0.8478878140449524,0.7214270830154419
CSD,XGBoost,LORINA,,1.4318926334381104,0.7567646503448486,0.5285065770149231
CSD,XGBoost,LORINA,,0.45370349287986755,0.07541072368621826,0.16621147096157074
CSD,XGBoost,LØGISMOSE,,6974.1103515625,707.645263671875,0.10146746039390564
CSD,XGBoost,LØGISMOSE,,9893.8759765625,530.5119018554688,0.05362023040652275
CSD,XGBoost,LØGISMOSE,,6057.49365234375,683.793212890625,0.11288385093212128
CSD,XGBoost,LØGISMOSE,,8815.927734375,543.970458984375,0.0617031455039978
CSD,XGBoost,LØGISMOSE,,9894.193359375,434.4132995605469,0.04390588402748108
CSD,XGBoost,LØGISMOSE,,10603.7939453125,836.0584106445312,0.07884521782398224
CSD,XGBoost,LØGISMOSE,,10535.65625,264.7410583496094,0.02512810379266739
CSD,XGBoost,MACARN,,17.861034393310547,7.288680553436279,0.4080771803855896
CSD,XGBoost,MACARN,,17.10700798034668,3.2370824813842773,0.18922552466392517
CSD,XGBoost,MACARN,,2.3305277824401855,0.7722935080528259,0.3313813805580139
CSD,XGBoost,MACARN,,1.9337631464004517,0.5281472206115723,0.27311888337135315
CSD,XGBoost,MACARN,,3.099992036819458,0.7884021401405334,0.25432392954826355
CSD,XGBoost,MACARN,,2.6983611583709717,0.8566350936889648,0.3174649477005005
CSD,XGBoost,MACARN,,2.083270788192749,0.7867655158042908,0.37765878438949585
CSD,XGBoost,MG TONICA,,1.0666078329086304,0.163108691573143,0.1529228389263153
CSD,XGBoost,MG TONICA,,0.010986092500388622,0.010017475113272667,0.9118323922157288
CSD,XGBoost,MG TONICA,,1.9887672662734985,0.14227798581123352,0.07154079526662827
CSD,XGBoost,MG TONICA,,0.8157626390457153,0.12944985926151276,0.15868569910526276
CSD,XGBoost,MG TONICA,,0.2344662845134735,0.07645466923713684,0.3260795772075653
CSD,XGBoost,MILKIS,,15.560249328613281,4.464284896850586,0.28690317273139954
CSD,XGBoost,MILKIS,,44.026893615722656,20.37016487121582,0.4626754820346832
CSD,XGBoost,MILKIS,,30.738210678100586,3.087106466293335,0.10043220967054367
CSD,XGBoost,MILKIS,,30.632949829101562,11.490314483642578,0.37509655952453613
CSD,XGBoost,MILKIS,,12.845754623413086,2.4881625175476074,0.1936953216791153
CSD,XGBoost,MILKIS,,12.76465892791748,2.635300636291504,0.206452876329422
CSD,XGBoost,MILKIS,,21.83086585998535,5.243485927581787,0.24018681049346924
CSD,XGBoost,MIRINDA,,19817.337890625,2062.39599609375,0.104070283472538
CSD,XGBoost,MIRINDA,,30534.359375,1995.7003173828125,0.06535916775465012
CSD,XGBoost,MIRINDA,,35999.5859375,5054.65625,0.1404087394475937
CSD,XGBoost,MIRINDA,,23301.212890625,2140.8271484375,0.09187620878219604
CSD,XGBoost,MIRINDA,,19997.064453125,1291.7066650390625,0.0645948126912117
CSD,XGBoost,MIRINDA,,24593.310546875,1223.1827392578125,0.049736399203538895
CSD,XGBoost,MIRINDA,,22221.859375,2010.93798828125,0.09049368649721146
CSD,XGBoost,MOUNTAIN DEW.,,10049.8505859375,684.4241943359375,0.06810292601585388
CSD,XGBoost,MOUNTAIN DEW.,,21177.28125,1880.2760009765625,0.08878741413354874
CSD,XGBoost,MOUNTAIN DEW.,,24192.05078125,1287.2584228515625,0.053209975361824036
CSD,XGBoost,MOUNTAIN DEW.,,12989.3154296875,1319.261962890625,0.1015651673078537
CSD,XGBoost,MOUNTAIN DEW.,,11375.9765625,442.718994140625,0.03891700878739357
CSD,XGBoost,MOUNTAIN DEW.,,23868.94921875,2579.115234375,0.10805315524339676
CSD,XGBoost,MOUNTAIN DEW.,,22753.990234375,1628.5357666015625,0.07157143950462341
CSD,XGBoost,NATUR FRISK,,654.9918212890625,97.13098907470703,0.14829343557357788
CSD,XGBoost,NATUR FRISK,,433.1461486816406,64.85908508300781,0.14973948895931244
CSD,XGBoost,NATUR FRISK,,627.2503662109375,108.52330780029297,0.1730143427848816
CSD,XGBoost,NATUR FRISK,,591.4815063476562,124.2690658569336,0.21009796857833862
CSD,XGBoost,NATUR FRISK,,596.0416259765625,58.725765228271484,0.09852628409862518
CSD,XGBoost,NATUR FRISK,,499.3763122558594,46.94582748413086,0.0940089225769043
CSD,XGBoost,NATUR FRISK,,398.36273193359375,59.173126220703125,0.14854082465171814
CSD,XGBoost,NICOLAS VAHE,,2.3934319019317627,0.449184387922287,0.18767376244068146
CSD,XGBoost,NICOLAS VAHE,,1.7505254745483398,0.3185902237892151,0.1819969117641449
CSD,XGBoost,NICOLAS VAHE,,3.488478899002075,0.5455292463302612,0.15638026595115662
CSD,XGBoost,NICOLAS VAHE,,0.6197460293769836,0.08517508208751678,0.13743546605110168
CSD,XGBoost,NICOLAS VAHE,,0.7771998047828674,0.14175555109977722,0.1823926717042923
CSD,XGBoost,NICOLAS VAHE,,1.9431426525115967,0.5231345295906067,0.26922085881233215
CSD,XGBoost,NICOLAS VAHE,,0.6741266250610352,0.14982415735721588,0.22224928438663483
CSD,XGBoost,NIKOLINE,,273.0469665527344,28.408634185791016,0.10404302924871445
CSD,XGBoost,NIKOLINE,,187.6369171142578,13.051959991455078,0.06955965608358383
CSD,XGBoost,NIKOLINE,,291.6710205078125,25.992830276489258,0.08911694586277008
CSD,XGBoost,NIKOLINE,,304.71002197265625,63.97407531738281,0.20995067059993744
CSD,XGBoost,NIKOLINE,,323.169189453125,47.23721694946289,0.14616869390010834
CSD,XGBoost,NIKOLINE,,574.8186645507812,41.05479049682617,0.07142215967178345
CSD,XGBoost,NIKOLINE,,499.413330078125,10.928833961486816,0.021883344277739525
CSD,XGBoost,NODA,,34396.60546875,2591.619140625,0.07534520328044891
CSD,XGBoost,NODA,,34419.9765625,1175.272216796875,0.034145060926675797
CSD,XGBoost,NODA,,53147.1171875,2930.749267578125,0.055144086480140686
CSD,XGBoost,NODA,,60986.26953125,6578.3994140625,0.10786689072847366
CSD,XGBoost,NODA,,56616.76171875,3012.5087890625,0.05320877954363823
CSD,XGBoost,NODA,,98939.5625,5167.728515625,0.052231162786483765
CSD,XGBoost,NODA,,96452.9921875,4199.787109375,0.043542321771383286
CSD,XGBoost,NORNIR,,39463.4453125,14141.7392578125,0.35835033655166626
CSD,XGBoost,NORNIR,,128690.1015625,21202.587890625,0.16475693881511688
CSD,XGBoost,NORNIR,,69250.6328125,11740.201171875,0.16953204572200775
CSD,XGBoost,NORNIR,,94703.6875,10076.0703125,0.10639575123786926
CSD,XGBoost,NORNIR,,113977.328125,9956.94921875,0.08735903352499008
CSD,XGBoost,NORNIR,,160070.765625,16033.9619140625,0.10016795992851257
CSD,XGBoost,NORNIR,,149053.171875,11443.8427734375,0.0767769142985344
CSD,XGBoost,OLD JAMAICA,,15.185455322265625,1.653156042098999,0.1088644340634346
CSD,XGBoost,OLD JAMAICA,,12.390437126159668,1.9371201992034912,0.15633994340896606
CSD,XGBoost,OLD JAMAICA,,9.125711441040039,2.2007806301116943,0.24116264283657074
CSD,XGBoost,OLD JAMAICA,,4.7961883544921875,1.0551941394805908,0.2200068235397339
CSD,XGBoost,OLD JAMAICA,,1.8105205297470093,0.26001647114753723,0.14361420273780823
CSD,XGBoost,OLD JAMAICA,,1.8189817667007446,0.381052702665329,0.20948681235313416
CSD,XGBoost,OLD JAMAICA,,0.10233809798955917,0.170741468667984,1.6684057712554932
CSD,XGBoost,ORANGINA,,5390.0791015625,757.1309814453125,0.14046750962734222
CSD,XGBoost,ORANGINA,,2093.345947265625,410.3072509765625,0.1960054636001587
CSD,XGBoost,ORANGINA,,10514.4619140625,1981.369384765625,0.18844230473041534
CSD,XGBoost,ORANGINA,,3756.3984375,515.8242797851562,0.13731883466243744
CSD,XGBoost,ORANGINA,,2433.64111328125,365.7803649902344,0.15030167996883392
CSD,XGBoost,ORANGINA,,2898.41650390625,199.5471649169922,0.06884696334600449
CSD,XGBoost,ORANGINA,,6338.38134765625,694.1547241210938,0.10951608419418335
CSD,XGBoost,PACHA,,160.62464904785156,36.559715270996094,0.22760961949825287
CSD,XGBoost,PACHA,,321.6517639160156,47.882469177246094,0.14886431396007538
CSD,XGBoost,PACHA,,200.21078491210938,26.936243057250977,0.1345394253730774
CSD,XGBoost,PACHA,,172.57412719726562,33.05559539794922,0.1915443241596222
CSD,XGBoost,PACHA,,125.89930725097656,37.15852737426758,0.29514482617378235
CSD,XGBoost,PACHA,,169.6187286376953,38.76462173461914,0.22853974997997284
CSD,XGBoost,PACHA,,115.4306640625,12.27142333984375,0.1063099056482315
CSD,XGBoost,PEPSI,,3063927.0,99624.0625,0.032515157014131546
CSD,XGBoost,PEPSI,,3283559.25,76307.6484375,0.02323930896818638
CSD,XGBoost,PEPSI,,4845219.0,139753.8125,0.028843652456998825
CSD,XGBoost,PEPSI,,3775332.0,164334.796875,0.043528567999601364
CSD,XGBoost,PEPSI,,4336311.5,234814.265625,0.054150693118572235
CSD,XGBoost,PEPSI,,4816473.0,144623.5,0.03002684749662876
CSD,XGBoost,PEPSI,,3951800.0,102572.2265625,0.025955824181437492
CSD,XGBoost,PUNCH! CLUB,,138.5764617919922,52.49573516845703,0.3788214325904846
CSD,XGBoost,PUNCH! CLUB,,87.52606201171875,21.59998893737793,0.24678350985050201
CSD,XGBoost,PUNCH! CLUB,,72.49749755859375,25.915618896484375,0.3574691414833069
CSD,XGBoost,PUNCH! CLUB,,68.17351531982422,13.951356887817383,0.2046448290348053
CSD,XGBoost,PUNCH! CLUB,,61.6968994140625,9.03443431854248,0.1464325487613678
CSD,XGBoost,PUNCH! CLUB,,35.52961349487305,7.131714820861816,0.20072592794895172
CSD,XGBoost,PUNCH! CLUB,,46.75041961669922,5.978943347930908,0.1278906911611557
CSD,XGBoost,QDOL,,564.2234497070312,140.0672607421875,0.24824784696102142
CSD,XGBoost,QDOL,,1498.5325927734375,346.21051025390625,0.23103302717208862
CSD,XGBoost,QDOL,,938.2805786132812,185.45941162109375,0.19765879213809967
CSD,XGBoost,QDOL,,800.7686157226562,337.7037048339844,0.42172443866729736
CSD,XGBoost,QDOL,,427.02117919921875,37.503536224365234,0.08782593905925751
CSD,XGBoost,QDOL,,199.89938354492188,43.39491653442383,0.21708379685878754
CSD,XGBoost,QDOL,,76.93476867675781,21.742515563964844,0.282609760761261
CSD,XGBoost,REINE DES LIMONADES,,5127.25244140625,514.1046142578125,0.10026902705430984
CSD,XGBoost,REINE DES LIMONADES,,4387.3525390625,400.9244384765625,0.09138186275959015
CSD,XGBoost,REINE DES LIMONADES,,4484.5126953125,392.3338928222656,0.0874864012002945
CSD,XGBoost,REINE DES LIMONADES,,4328.15087890625,600.9768676757812,0.1388530284166336
CSD,XGBoost,REINE DES LIMONADES,,3775.296142578125,282.5459899902344,0.07484074681997299
CSD,XGBoost,REINE DES LIMONADES,,8872.7421875,677.6031494140625,0.07636907696723938
CSD,XGBoost,REINE DES LIMONADES,,9980.791015625,688.0718994140625,0.06893961876630783
CSD,XGBoost,RUBICON,,53.204193115234375,4.268928050994873,0.08023668080568314
CSD,XGBoost,RUBICON,,41.606117248535156,3.771854877471924,0.09065625816583633
CSD,XGBoost,RUBICON,,68.0813217163086,14.86026382446289,0.21827225387096405
CSD,XGBoost,RUBICON,,96.21101379394531,14.799871444702148,0.15382720530033112
CSD,XGBoost,RUBICON,,85.46414947509766,12.727449417114258,0.14892150461673737
CSD,XGBoost,RUBICON,,134.58554077148438,18.204425811767578,0.1352628618478775
CSD,XGBoost,RUBICON,,126.12784576416016,19.501468658447266,0.15461668372154236
CSD,XGBoost,RYNKEBY,,93605.703125,26767.765625,0.2859629690647125
CSD,XGBoost,RYNKEBY,,72887.296875,7038.2275390625,0.09656316041946411
CSD,XGBoost,RYNKEBY,,102618.6015625,4487.30224609375,0.04372796043753624
CSD,XGBoost,RYNKEBY,,100083.4375,12006.068359375,0.11996059119701385
CSD,XGBoost,RYNKEBY,,100289.453125,5173.32373046875,0.05158392712473869
CSD,XGBoost,RYNKEBY,,102628.265625,13765.5078125,0.13412979245185852
CSD,XGBoost,RYNKEBY,,96333.3671875,5355.62939453125,0.05559474974870682
CSD,XGBoost,SALTUM,,4290.6728515625,752.7540893554688,0.17543964087963104
CSD,XGBoost,SALTUM,,3886.56982421875,454.0647888183594,0.11682918667793274
CSD,XGBoost,SALTUM,,7398.2138671875,1362.140869140625,0.18411752581596375
CSD,XGBoost,SALTUM,,3866.56689453125,165.98260498046875,0.04292764514684677
CSD,XGBoost,SALTUM,,3941.911376953125,469.6430358886719,0.11914094537496567
CSD,XGBoost,SALTUM,,5894.48974609375,478.3967590332031,0.08115999400615692
CSD,XGBoost,SALTUM,,4059.83984375,853.90966796875,0.21033087372779846
CSD,XGBoost,SAN BENEDETTO,,81.36058044433594,16.083629608154297,0.19768331944942474
CSD,XGBoost,SAN BENEDETTO,,73.68119812011719,23.559789657592773,0.31975308060646057
CSD,XGBoost,SAN BENEDETTO,,53.18913650512695,13.265373229980469,0.2494000494480133
CSD,XGBoost,SAN BENEDETTO,,111.6769027709961,29.072288513183594,0.26032498478889465
CSD,XGBoost,SAN BENEDETTO,,108.64524841308594,26.30925750732422,0.2421574592590332
CSD,XGBoost,SAN BENEDETTO,,8.448895454406738,2.15910267829895,0.25554850697517395
CSD,XGBoost,SAN BENEDETTO,,10.30859661102295,1.6986427307128906,0.16477924585342407
CSD,XGBoost,SAN PELLEGRINO,,175857.921875,9287.525390625,0.052812665700912476
CSD,XGBoost,SAN PELLEGRINO,,220667.09375,9280.4228515625,0.042056214064359665
CSD,XGBoost,SAN PELLEGRINO,,235259.296875,8975.7724609375,0.038152679800987244
CSD,XGBoost,SAN PELLEGRINO,,210576.171875,5115.029296875,0.02429063618183136
CSD,XGBoost,SAN PELLEGRINO,,225098.28125,5279.8095703125,0.023455575108528137
CSD,XGBoost,SAN PELLEGRINO,,285587.34375,8377.0029296875,0.029332542791962624
CSD,XGBoost,SAN PELLEGRINO,,230151.84375,7717.6865234375,0.03353302180767059
CSD,XGBoost,SCHWEPPES,,259613.40625,17212.759765625,0.06630150228738785
CSD,XGBoost,SCHWEPPES,,273991.5625,16236.7724609375,0.05926011875271797
CSD,XGBoost,SCHWEPPES,,268318.3125,11301.8818359375,0.042121171951293945
CSD,XGBoost,SCHWEPPES,,274896.3125,4889.65478515625,0.01778727024793625
CSD,XGBoost,SCHWEPPES,,305462.0,12819.087890625,0.04196622967720032
CSD,XGBoost,SCHWEPPES,,433914.15625,19967.181640625,0.04601643234491348
CSD,XGBoost,SCHWEPPES,,328852.1875,14533.0029296875,0.04419311508536339
CSD,XGBoost,SFC,,182.9652099609375,24.394201278686523,0.13332699239253998
CSD,XGBoost,SFC,,140.27542114257812,20.624061584472656,0.1470254808664322
CSD,XGBoost,SFC,,42.67177200317383,4.009578704833984,0.09396325796842575
CSD,XGBoost,SFC,,167.9297637939453,30.123842239379883,0.17938357591629028
CSD,XGBoost,SFC,,79.30108642578125,19.516956329345703,0.24611209332942963
CSD,XGBoost,SFC,,725.2394409179688,229.20269775390625,0.31603726744651794
CSD,XGBoost,SFC,,2141.64453125,419.4361267089844,0.19584769010543823
CSD,XGBoost,SIRMA,,374.2972412109375,37.44167709350586,0.10003193467855453
CSD,XGBoost,SIRMA,,450.67523193359375,51.86423873901367,0.11508118361234665
CSD,XGBoost,SIRMA,,575.5159301757812,61.22299575805664,0.10637932270765305
CSD,XGBoost,SIRMA,,690.823486328125,116.33050537109375,0.16839396953582764
CSD,XGBoost,SIRMA,,432.48602294921875,46.69059371948242,0.10795862227678299
CSD,XGBoost,SIRMA,,632.3853759765625,55.10928726196289,0.08714509755373001
CSD,XGBoost,SIRMA,,807.7945556640625,139.5891876220703,0.17280283570289612
CSD,XGBoost,SPRITE,,49199.7109375,4522.84326171875,0.09192825108766556
CSD,XGBoost,SPRITE,,41985.58984375,2381.392578125,0.05671928450465202
CSD,XGBoost,SPRITE,,73133.0,5874.4091796875,0.08032501488924026
CSD,XGBoost,SPRITE,,79154.1015625,8626.638671875,0.10898536443710327
CSD,XGBoost,SPRITE,,80024.9375,5009.60302734375,0.0626005232334137
CSD,XGBoost,SPRITE,,115896.0,4318.150390625,0.03725883737206459
CSD,XGBoost,SPRITE,,90563.0546875,4153.8779296875,0.04586724564433098
CSD,XGBoost,THE LONDON ESSENCE,,0.17974087595939636,0.19805651903152466,1.1019002199172974
CSD,XGBoost,THE LONDON ESSENCE,,0.6427074670791626,0.29563263058662415,0.4599800705909729
CSD,XGBoost,THE LONDON ESSENCE,,1.989147424697876,1.4134451150894165,0.7105783820152283
CSD,XGBoost,THE LONDON ESSENCE,,4.448521614074707,1.0724657773971558,0.24108363687992096
CSD,XGBoost,THE LONDON ESSENCE,,3.172123432159424,1.2703404426574707,0.4004700481891632
CSD,XGBoost,THE LONDON ESSENCE,,0.884259045124054,0.5449498891830444,0.6162785291671753
CSD,XGBoost,THE LONDON ESSENCE,,0.7303546071052551,0.1947219967842102,0.2666129469871521
CSD,XGBoost,THE PERFECT MIXER,,2344.710205078125,222.57391357421875,0.09492597728967667
CSD,XGBoost,THE PERFECT MIXER,,1730.764404296875,244.66455078125,0.14136213064193726
CSD,XGBoost,THE PERFECT MIXER,,1593.231689453125,266.05615234375,0.16699150204658508
CSD,XGBoost,THE PERFECT MIXER,,545.314453125,159.35008239746094,0.29221686720848083
CSD,XGBoost,THE PERFECT MIXER,,757.1050415039062,102.56768798828125,0.13547351956367493
CSD,XGBoost,THE PERFECT MIXER,,867.1392822265625,112.45870208740234,0.1296893209218979
CSD,XGBoost,THE PERFECT MIXER,,622.5548095703125,108.39749908447266,0.17411719262599945
CSD,XGBoost,THOMAS HENRY,,15884.0751953125,2655.18115234375,0.16715994477272034
CSD,XGBoost,THOMAS HENRY,,17022.322265625,1024.529052734375,0.060187384486198425
CSD,XGBoost,THOMAS HENRY,,18056.67578125,1489.9013671875,0.0825124979019165
CSD,XGBoost,THOMAS HENRY,,13001.0546875,912.168212890625,0.07016109675168991
CSD,XGBoost,THOMAS HENRY,,11550.6142578125,469.494873046875,0.0406467467546463
CSD,XGBoost,THOMAS HENRY,,21409.796875,1873.2078857421875,0.08749302476644516
CSD,XGBoost,THOMAS HENRY,,12273.65234375,2292.47705078125,0.18678034842014313
CSD,XGBoost,THOR,,9189.462890625,260.05670166015625,0.028299445286393166
CSD,XGBoost,THOR,,17257.869140625,1213.1571044921875,0.07029587775468826
CSD,XGBoost,THOR,,14184.595703125,840.3516235351562,0.059243958443403244
CSD,XGBoost,THOR,,3219.65771484375,442.6022033691406,0.13746871054172516
CSD,XGBoost,THOR,,1411.952880859375,274.7601623535156,0.1945958435535431
CSD,XGBoost,THOR,,485.86688232421875,88.48585510253906,0.18211954832077026
CSD,XGBoost,THOR,,92.3332748413086,32.12158966064453,0.34788748621940613
CSD,XGBoost,THY,,6373.73388671875,1186.265869140625,0.18611788749694824
CSD,XGBoost,THY,,7313.90869140625,432.5595703125,0.05914205312728882
CSD,XGBoost,THY,,8643.009765625,645.029296875,0.07463017106056213
CSD,XGBoost,THY,,8383.0595703125,2238.31591796875,0.2670046389102936
CSD,XGBoost,THY,,14100.4609375,1231.848876953125,0.08736231178045273
CSD,XGBoost,THY,,16710.77734375,1684.857666015625,0.10082461684942245
CSD,XGBoost,THY,,15453.2783203125,641.7587280273438,0.04152897000312805
CSD,XGBoost,TUBORG SQUASH,,574478.5625,37991.05859375,0.06613137573003769
CSD,XGBoost,TUBORG SQUASH,,495798.4375,50720.2421875,0.10230012238025665
CSD,XGBoost,TUBORG SQUASH,,628147.375,71396.640625,0.1136622428894043
CSD,XGBoost,TUBORG SQUASH,,460744.0,46088.55859375,0.10003072768449783
CSD,XGBoost,TUBORG SQUASH,,726606.5,56482.49609375,0.07773464173078537
CSD,XGBoost,TUBORG SQUASH,,818445.0625,120650.6484375,0.14741447567939758
CSD,XGBoost,TUBORG SQUASH,,654138.125,84343.2109375,0.12893792986869812
CSD,XGBoost,ULUDAG,,64463.0078125,6883.59912109375,0.10678371042013168
CSD,XGBoost,ULUDAG,,55846.03125,2052.28466796875,0.0367489792406559
CSD,XGBoost,ULUDAG,,62291.95703125,7140.65380859375,0.1146320328116417
CSD,XGBoost,ULUDAG,,46212.6953125,4444.564453125,0.09617626667022705
CSD,XGBoost,ULUDAG,,45618.6484375,2564.15380859375,0.05620845779776573
CSD,XGBoost,ULUDAG,,35280.5,4634.22119140625,0.13135361671447754
CSD,XGBoost,ULUDAG,,62759.6328125,4030.176513671875,0.06421606242656708
CSD,XGBoost,VESTFYN,,91.83818817138672,9.287263870239258,0.10112638026475906
CSD,XGBoost,VESTFYN,,96.72111511230469,23.250288009643555,0.24038481712341309
CSD,XGBoost,VESTFYN,,8.39355754852295,3.3145785331726074,0.3948955535888672
CSD,XGBoost,VESTFYN,,5.537405967712402,2.115757703781128,0.3820846378803253
CSD,XGBoost,VESTFYN,,3.003082752227783,1.7469682693481445,0.581725001335144
CSD,XGBoost,VESTFYN,,9.650632858276367,4.745383262634277,0.49171730875968933
CSD,XGBoost,VESTFYN,,1.081230640411377,0.681928813457489,0.6306968927383423
CSD,XGBoost,VIMTO,,147.23854064941406,22.09772300720215,0.1500811129808426
CSD,XGBoost,VIMTO,,141.50914001464844,17.03867530822754,0.12040688842535019
CSD,XGBoost,VIMTO,,92.4625244140625,22.22687530517578,0.2403879314661026
CSD,XGBoost,VIMTO,,136.44577026367188,10.819531440734863,0.07929547131061554
CSD,XGBoost,VIMTO,,281.08013916015625,25.775632858276367,0.09170208126306534
CSD,XGBoost,VIMTO,,291.6416931152344,23.76146125793457,0.08147484064102173
CSD,XGBoost,VIMTO,,309.4317932128906,16.17374038696289,0.052269160747528076
CSD,XGBoost,VOELKEL,,18.010765075683594,1.960100769996643,0.10882940143346786
CSD,XGBoost,VOELKEL,,11.733827590942383,2.275665521621704,0.19394059479236603
CSD,XGBoost,VOELKEL,,14.462182998657227,2.3912835121154785,0.16534733772277832
CSD,XGBoost,VOELKEL,,2.2889328002929688,0.3045014441013336,0.13303205370903015
CSD,XGBoost,VOELKEL,,7.2786970138549805,1.1028183698654175,0.15151315927505493
CSD,XGBoost,VOELKEL,,23.08368682861328,6.5636420249938965,0.28434115648269653
CSD,XGBoost,VOELKEL,,8.895628929138184,1.7717583179473877,0.199171781539917
CSD,XGBoost,WARHEADS,,602.5689697265625,83.33654022216797,0.13830207288265228
CSD,XGBoost,WARHEADS,,293.6321716308594,26.38569450378418,0.08985968679189682
CSD,XGBoost,WARHEADS,,355.9853820800781,41.960121154785156,0.11787034571170807
CSD,XGBoost,WARHEADS,,557.6507568359375,33.37529373168945,0.059849813580513
CSD,XGBoost,WARHEADS,,345.3568420410156,20.831628799438477,0.060319144278764725
CSD,XGBoost,WARHEADS,,367.30047607421875,68.24964141845703,0.18581418693065643
CSD,XGBoost,WARHEADS,,268.4041748046875,34.961097717285156,0.13025541603565216
CSD,XGBoost,ØKOBRUS,,0.1603536158800125,0.3663422763347626,2.284590005874634
CSD,XGBoost,ØKOBRUS,,0.4898388981819153,0.11630860716104507,0.23744256794452667
CSD,XGBoost,ØKOBRUS,,1.6894662380218506,0.787746012210846,0.4662691652774811
CSD,XGBoost,ØKOBRUS,,1.6813945770263672,0.15587283670902252,0.09270449727773666
CSD,XGBoost,ØKOBRUS,,10347.7265625,1898.8975830078125,0.18350867927074432
CSD,XGBoost,ØKOBRUS,,4878.8515625,1418.7564697265625,0.29079723358154297
CSD,XGBoost,ØKOBRUS,,7120.64599609375,2451.7421875,0.3443145751953125
CSD,XGBoost,ØNDLINGS,,0.4543994963169098,0.21895869076251984,0.4818638563156128
CSD,XGBoost,ØNDLINGS,,0.11674098670482635,0.1280585378408432,1.096945881843567
CSD,XGBoost,ØRBÆK,,2090.38525390625,89.64768981933594,0.04288572445511818
CSD,XGBoost,ØRBÆK,,2343.5078125,94.13069915771484,0.04016658291220665
CSD,XGBoost,ØRBÆK,,2511.261474609375,227.50840759277344,0.09059526771306992
CSD,XGBoost,ØRBÆK,,2018.009033203125,174.6863250732422,0.08656369894742966
CSD,XGBoost,ØRBÆK,,3183.19482421875,137.72291564941406,0.04326562583446503
CSD,XGBoost,ØRBÆK,,1903.882080078125,210.40557861328125,0.11051397770643234
CSD,XGBoost,ØRBÆK,,1913.6279296875,202.21600341796875,0.10567153990268707
CSD,XGBoost,ØVRIGE BRAND,,2488.97802734375,212.5253448486328,0.08538658916950226
CSD,XGBoost,ØVRIGE BRAND,,1986.5181884765625,141.6927490234375,0.07132718712091446
CSD,XGBoost,ØVRIGE BRAND,,2003.9986572265625,210.75787353515625,0.1051686704158783
CSD,XGBoost,ØVRIGE BRAND,,1349.6376953125,135.04742431640625,0.10006198287010193
CSD,XGBoost,ØVRIGE BRAND,,2898.49072265625,184.7460174560547,0.06373869627714157
CSD,XGBoost,ØVRIGE BRAND,,3301.794189453125,178.69070434570312,0.05411927402019501
CSD,XGBoost,ØVRIGE BRAND,,3425.30078125,190.3032989501953,0.05555812641978264
danskvand,LightGBM,ACQUA PANNA,,1850.2758083902445,130.9447333798624,0.07077038611545455
danskvand,LightGBM,ACQUA PANNA,,2093.1650653129905,259.91933717636743,0.12417527001746599
danskvand,LightGBM,ACQUA PANNA,,1936.4224667799076,142.66574380711708,0.07367490630510866
danskvand,LightGBM,ACQUA PANNA,,1265.3189349469758,190.2434082640665,0.15035213890325508
danskvand,LightGBM,ACQUA PANNA,,278.3147987981324,142.9534154828484,0.5136392893952274
danskvand,LightGBM,ACQUA PANNA,,623.0974101691244,137.07328738087926,0.21998693164793304
danskvand,LightGBM,ACTIVE 02,,2527.1336786145694,466.56151597131577,0.18462082948737998
danskvand,LightGBM,ACTIVE 02,,11255.448949386244,558.7037072984847,0.049638509295442244
danskvand,LightGBM,ACTIVE 02,,2542.030044258509,241.18656168385147,0.09487950869369201
danskvand,LightGBM,ACTIVE 02,,520.6599236556362,168.26800422767747,0.3231821705159118
danskvand,LightGBM,ACTIVE 02,,2323.359512194712,293.8911093198729,0.1264940306385278
danskvand,LightGBM,ACTIVE 02,,936.1862361562311,411.8962993982689,0.4399726074690245
danskvand,LightGBM,AQUA D'OR,,214191.44810887385,23508.4926229527,0.1097545809158697
danskvand,LightGBM,AQUA D'OR,,265703.224515926,13871.135956026286,0.052205373048436095
danskvand,LightGBM,AQUA D'OR,,105198.4046441438,13233.594177291836,0.1257965291589479
danskvand,LightGBM,AQUA D'OR,,109157.62872414675,10941.18823758991,0.10023292339227602
danskvand,LightGBM,AQUA D'OR,,148800.7218772986,43946.50399958754,0.295337975818598
danskvand,LightGBM,AQUA D'OR,,325469.700580974,8444.726597137997,0.025946275742607945
danskvand,LightGBM,BLUE KELD,,425432.1242583489,10276.264027806987,0.02415488497894108
danskvand,LightGBM,BLUE KELD,,369865.2353420036,10627.73118829764,0.028734063579861694
danskvand,LightGBM,BLUE KELD,,496346.0759056462,20884.563009342266,0.042076615537325925
danskvand,LightGBM,BLUE KELD,,506569.24200212955,9431.337316320867,0.018618061529051974
danskvand,LightGBM,BLUE KELD,,545507.6792946265,12655.31352282279,0.02319914824881449
danskvand,LightGBM,BLUE KELD,,550455.8835682825,17021.243043954986,0.030922083952698
danskvand,LightGBM,CARLSBERG KURVAND,,2113.843396354447,218.4374862667355,0.1033366457720826
danskvand,LightGBM,CARLSBERG KURVAND,,2636.2526558090267,279.67609822425294,0.10608850316678942
danskvand,LightGBM,CARLSBERG KURVAND,,3440.344603450377,789.7506690051242,0.2295556870125948
danskvand,LightGBM,CARLSBERG KURVAND,,2478.9272651020206,461.1638564014187,0.18603363757122557
danskvand,LightGBM,CARLSBERG KURVAND,,5750.684301024921,367.6725159016428,0.06393543735936157
danskvand,LightGBM,CARLSBERG KURVAND,,5753.519272162111,238.65171424167596,0.041479258685439876
danskvand,LightGBM,DENICE,,37.658227273660046,14.994944555360805,0.39818508838436434
danskvand,LightGBM,DENICE,,2.5508584295497974,0.975517832501982,0.3824272727962217
danskvand,LightGBM,DENICE,,189.30117459790387,87.7631550743718,0.4636165373024769
danskvand,LightGBM,DENICE,,22.302938358655446,7.180171766140359,0.32193837648992285
danskvand,LightGBM,DENICE,,292.2094522551598,146.22178938781911,0.5004006142146866
danskvand,LightGBM,DENICE,,99.09708360399443,20.254799462746202,0.20439349702446508
danskvand,LightGBM,EGEKILDE,,81697.71082791548,17539.21866527851,0.21468433432880832
danskvand,LightGBM,EGEKILDE,,101837.21688774806,5947.525317270554,0.058402276682662325
danskvand,LightGBM,EGEKILDE,,180726.14111381356,6340.326234444209,0.03508250768465943
danskvand,LightGBM,EGEKILDE,,164283.95896243292,4977.447268645326,0.030297828832963097
danskvand,LightGBM,EGEKILDE,,325479.17230965,16350.475163029598,0.050235088921371296
danskvand,LightGBM,EGEKILDE,,454419.4091858518,16451.17841135154,0.03620263148712298
danskvand,LightGBM,EVIAN,,2452.8208030276382,175.0304733760628,0.07135885065880639
danskvand,LightGBM,EVIAN,,2435.7715143270643,237.0727183964223,0.0973296210264282
danskvand,LightGBM,EVIAN,,2278.9018224150577,174.9029596255707,0.07674879097697063
danskvand,LightGBM,EVIAN,,2712.2774229063098,220.05520876079305,0.08113300169899118
danskvand,LightGBM,EVIAN,,5643.469704776419,328.5585052918646,0.05821923789433744
danskvand,LightGBM,EVIAN,,7517.738284757974,714.3479054203058,0.09502165124165446
danskvand,LightGBM,FEVER TREE,,2.180489268876019,0.2565518895698677,0.11765794642140706
danskvand,LightGBM,FEVER TREE,,0.6243106111466401,0.3350142348658832,0.5366146736647313
danskvand,LightGBM,FEVER TREE,,0.12297147314668078,0.1463610087835449,1.1902029392537652
danskvand,LightGBM,FEVER TREE,,0.0021879173668680474,0.10014712403754432,45.77280913533887
danskvand,LightGBM,FIRST PRICE,,231048.76702497067,19818.799497051503,0.08577756008933637
danskvand,LightGBM,FIRST PRICE,,299162.74972243013,18760.52909439867,0.06271011050608775
danskvand,LightGBM,FIRST PRICE,,368582.96225805365,22291.604756063087,0.060479205602716406
danskvand,LightGBM,FIRST PRICE,,347254.1179621484,25628.80545799135,0.07380418008688656
danskvand,LightGBM,FIRST PRICE,,570989.0205500419,24744.05646685524,0.043335433040409314
danskvand,LightGBM,FIRST PRICE,,554449.0815808924,8065.061237350967,0.014546080975290242
danskvand,LightGBM,FREM,,1612.517946146346,177.825358353173,0.11027806467403757
danskvand,LightGBM,FREM,,2296.9682995334415,292.93745721009697,0.12753221595160813
danskvand,LightGBM,FREM,,1771.396531031649,137.2357410250582,0.07747319057079391
danskvand,LightGBM,FREM,,2047.0101146594084,174.4015438351323,0.0851981837247297
danskvand,LightGBM,FREM,,2272.549432922767,151.6322526723834,0.06672341225042855
danskvand,LightGBM,FREM,,2083.2875421154044,175.81225024425953,0.08439173502940303
danskvand,LightGBM,HANCOCK,,10604.550222611799,1169.6166306256546,0.11029384613896329
danskvand,LightGBM,HANCOCK,,11704.919762208528,824.1264146084679,0.07040854882827224
danskvand,LightGBM,HANCOCK,,10688.717785177781,883.6925087688105,0.08267525876623305
danskvand,LightGBM,HANCOCK,,14333.167701689159,2562.719016915527,0.17879641613441188
danskvand,LightGBM,HANCOCK,,13839.173386079314,2089.7451910819027,0.1510021684665037
danskvand,LightGBM,HANCOCK,,12180.258102381415,1477.893027789556,0.1213351158380303
danskvand,LightGBM,HARBOE,,2177235.0268683345,39149.48379642542,0.017981285122321767
danskvand,LightGBM,HARBOE,,2020437.1071213982,75383.05044143037,0.037310268246276555
danskvand,LightGBM,HARBOE,,2050392.9880154277,82702.81450713334,0.040335104046166914
danskvand,LightGBM,HARBOE,,2234716.7129099877,72958.90559324944,0.032647943773707375
danskvand,LightGBM,HARBOE,,2622209.3834401527,51947.36334697427,0.019810532169945563
danskvand,LightGBM,HARBOE,,2607014.106951082,42075.49237975701,0.01613934204175233
danskvand,LightGBM,KILDEVÆLD,,113453.98038056183,5257.400264583657,0.04633949595200287
danskvand,LightGBM,KILDEVÆLD,,163461.6729595528,2639.4820953166895,0.016147406590961585
danskvand,LightGBM,KILDEVÆLD,,156695.07810652518,4593.791866759427,0.02931675916225303
danskvand,LightGBM,KILDEVÆLD,,192823.90513289423,5871.999470994943,0.030452652988995122
danskvand,LightGBM,KILDEVÆLD,,308585.4414114564,23913.038246452114,0.07749243819499363
danskvand,LightGBM,KILDEVÆLD,,406179.69196028414,13782.936589776638,0.033933101192868895
danskvand,LightGBM,KIRVI,,1193.2362599906094,55.98943390305695,0.046922336992589866
danskvand,LightGBM,KIRVI,,1111.9322222464589,141.07773690350948,0.12687620169733665
danskvand,LightGBM,KIRVI,,1622.9263818542681,84.87408381590303,0.052296940123020545
danskvand,LightGBM,KIRVI,,968.956544310095,33.25656202383195,0.034322036647691866
danskvand,LightGBM,KIRVI,,141.14108060813734,45.772958368827425,0.3243064185962342
danskvand,LightGBM,KIRVI,,150.53962623203927,42.30608495945484,0.28102956024512077
danskvand,LightGBM,LIQUID DEATH,,131.7539596805968,25.211854041692536,0.19135556990326602
danskvand,LightGBM,LIQUID DEATH,,51.32714547195111,12.21355818295516,0.23795514187769387
danskvand,LightGBM,LIQUID DEATH,,64.42356763554444,21.494809502043573,0.3336482329516975
danskvand,LightGBM,LIQUID DEATH,,21.223983662261748,12.667657616756175,0.5968557938197281
danskvand,LightGBM,LIQUID DEATH,,23.38971794379131,9.162547680323462,0.3917339962090315
danskvand,LightGBM,LIQUID DEATH,,10.028171820945378,7.137909297485782,0.7117856998198976
danskvand,LightGBM,NATUR FRISK,,4.284112040449572,0.8839516884252719,0.20633253287477296
danskvand,LightGBM,NATUR FRISK,,3.1977624566408234,0.6165447423742408,0.1928050475087218
danskvand,LightGBM,NATUR FRISK,,1.4123509035682111,0.3878522724347531,0.27461466654984257
danskvand,LightGBM,NATUR FRISK,,0.36829641906086164,0.14238362198196847,0.38660061464903717
danskvand,LightGBM,NATUR FRISK,,4.043971644161775,0.6782999487412036,0.16773113375323878
danskvand,LightGBM,NATUR FRISK,,2.7580398149660303,0.21400127130448962,0.07759179912604902
danskvand,LightGBM,NERO,,0.12950033695977667,0.30239372247142526,2.3350805841173217
danskvand,LightGBM,NERO,,1.8436440568671053,0.7788612290977509,0.422457483697404
danskvand,LightGBM,NERO,,1.1211379776506674,0.9453207549359677,0.84317967438484
danskvand,LightGBM,NERO,,0.24092393392903927,0.12462843884987702,0.5172937234479351
danskvand,LightGBM,NERO,,1.88825738543141,0.5541844121385632,0.2934898687087347
danskvand,LightGBM,OK PLUS,,43.20803881824186,18.39357152072042,0.4256979030706411
danskvand,LightGBM,OK PLUS,,14.661192982390151,11.36748395901391,0.775345087720189
danskvand,LightGBM,OK PLUS,,64.90514750036401,45.88151585888263,0.7069010336757237
danskvand,LightGBM,OK PLUS,,94.48165416177588,60.48418381675459,0.6401685528620271
danskvand,LightGBM,OK PLUS,,1925.8715820194564,592.7970977424884,0.30780717846248357
danskvand,LightGBM,OK PLUS,,23724.22784560966,7567.96961521402,0.3189975102441333
danskvand,LightGBM,OTHER BRAND,,5.913898897163203,3.9449812145764804,0.6670694381449134
danskvand,LightGBM,OTHER BRAND,,5.548861975077353,4.120722677447657,0.74262482937147
danskvand,LightGBM,OTHER BRAND,,5.249869650706061,4.274699120837885,0.8142486204896489
danskvand,LightGBM,OTHER BRAND,,6.952051664555768,3.790993103705164,0.545305657469881
danskvand,LightGBM,OTHER BRAND,,223.68163598444897,279.7593027147967,1.250703042668404
danskvand,LightGBM,OTHER BRAND,,382.95537098872495,202.3107527156708,0.5282880670751247
danskvand,LightGBM,PERRIER,,3471.5317710353675,306.62089974777257,0.08832438242566462
danskvand,LightGBM,PERRIER,,3485.983887236318,359.91384969007413,0.10324598774190354
danskvand,LightGBM,PERRIER,,4781.978829468795,523.4427933080119,0.10946154551800022
danskvand,LightGBM,PERRIER,,3905.999940928671,317.9170557547655,0.08139197659055242
danskvand,LightGBM,PERRIER,,5260.251678344293,692.7199576726654,0.13168950841734336
danskvand,LightGBM,PERRIER,,5937.144207388213,570.4492052963077,0.09608141311212179
danskvand,LightGBM,RAMLOESA,,0.02153236123499651,0.31430223070307184,14.596737778680628
danskvand,LightGBM,RAMLOESA,,0.020763154183100353,0.3464963377723614,16.688039529869858
danskvand,LightGBM,RAMLOESA,,0.09622636315061228,0.30338498562695215,3.152826062355675
danskvand,LightGBM,RAMLOESA,,150.27347097056733,224.83391464187196,1.4961650462303362
danskvand,LightGBM,RAMLOESA,,175.57737670510718,240.78472208830257,1.3713880831738081
danskvand,LightGBM,SALTUM,,259.3649581410222,29.23191368565428,0.11270571743836062
danskvand,LightGBM,SALTUM,,613.3101123468381,37.7404976191284,0.06153574979338586
danskvand,LightGBM,SALTUM,,790.5174377858671,74.64315773593998,0.09442316407972659
danskvand,LightGBM,SALTUM,,648.3841858888111,90.88113570536945,0.14016556492781937
danskvand,LightGBM,SALTUM,,986.5119072335074,90.45535584178923,0.09169210749361836
danskvand,LightGBM,SALTUM,,927.4769471471036,150.0927154731618,0.16182905239299297
danskvand,LightGBM,SAN BENEDETTO,,2068.3237064090827,225.8989115906588,0.10921835440490739
danskvand,LightGBM,SAN BENEDETTO,,2087.829137058138,142.8537578874088,0.06842214975919789
danskvand,LightGBM,SAN BENEDETTO,,2139.9446389270347,76.60253340060973,0.03579650239878081
danskvand,LightGBM,SAN BENEDETTO,,2248.597548785965,243.77785179963985,0.10841328717593655
danskvand,LightGBM,SAN BENEDETTO,,1909.9226777077324,100.51473240456063,0.05262764486633421
danskvand,LightGBM,SAN BENEDETTO,,2309.661157683593,378.8288406845289,0.16401922828561755
danskvand,LightGBM,SAN PELLEGRINO,,104691.90599855692,3848.7057443640415,0.0367622091474492
danskvand,LightGBM,SAN PELLEGRINO,,144181.84866455177,11195.074303661657,0.07764551784675551
danskvand,LightGBM,SAN PELLEGRINO,,126903.64720105668,5973.847451664278,0.04707388308706179
danskvand,LightGBM,SAN PELLEGRINO,,135985.3402263097,6129.264468214468,0.045072979616876466
danskvand,LightGBM,SAN PELLEGRINO,,222559.6212757958,13143.13992102725,0.059054467498128406
danskvand,LightGBM,SAN PELLEGRINO,,146004.50661511507,16185.756447583673,0.11085792365472127
danskvand,LightGBM,SIRMA,,0.03564944112807339,0.09673194936684262,2.713421201171866
danskvand,LightGBM,SIRMA,,0.12297147314668078,0.1463610087835449,1.1902029392537652
danskvand,LightGBM,THY,,210.57759135895444,67.8552470946442,0.3222339407376775
danskvand,LightGBM,THY,,830.2602180780353,68.37353833639649,0.08235193840152188
danskvand,LightGBM,THY,,696.7073890053564,90.47843850889423,0.12986576565244182
danskvand,LightGBM,THY,,676.5123196654497,64.6373080045199,0.09554490897739228
danskvand,LightGBM,THY,,1105.465390226019,38.166632493617534,0.03452539792839117
danskvand,LightGBM,THY,,1714.5867953399618,334.8675493830525,0.1953051022515639
danskvand,LightGBM,ULUDAG,,4.272125950795031,0.640454862182792,0.1499147893951032
danskvand,LightGBM,ULUDAG,,3.744574615791175,0.6018037325623561,0.16071351069477982
danskvand,LightGBM,ULUDAG,,1.8870134254890694,0.301829383033097,0.15995084028343357
danskvand,LightGBM,ULUDAG,,3.7590082628639605,1.4252730931900086,0.3791620005921731
danskvand,LightGBM,ULUDAG,,4.949104053466309,1.0922992897348172,0.22070647089543013
danskvand,LightGBM,ULUDAG,,3.9744791520354914,0.7859866997578824,0.19775841555373283
danskvand,LightGBM,WATER BOX,,51.629622575526525,6.249858575956881,0.12105179670477466
danskvand,LightGBM,WATER BOX,,41.0518502290451,10.738914390601343,0.26159391917013575
danskvand,LightGBM,WATER BOX,,68.69651631763114,13.50984015554061,0.1966597562687946
danskvand,LightGBM,WATER BOX,,63.8007648906713,12.121889566742018,0.18999599123167304
danskvand,LightGBM,WATER BOX,,68.6515402511608,14.54243868525296,0.21182975111774086
danskvand,LightGBM,WATER BOX,,890.1874467118869,414.2941787177564,0.46540105710100466
danskvand,XGBoost,ACQUA PANNA,,1785.9840087890625,126.81588745117188,0.0710061714053154
danskvand,XGBoost,ACQUA PANNA,,2066.638916015625,256.80133056640625,0.12426037341356277
danskvand,XGBoost,ACQUA PANNA,,1855.822998046875,179.950439453125,0.09696530550718307
danskvand,XGBoost,ACQUA PANNA,,1298.8953857421875,198.06411743164062,0.15248657763004303
danskvand,XGBoost,ACQUA PANNA,,663.8743896484375,169.97364807128906,0.2560328543186188
danskvand,XGBoost,ACQUA PANNA,,569.8148803710938,46.624427795410156,0.08182381838560104
danskvand,XGBoost,ACTIVE 02,,2352.924560546875,211.30308532714844,0.08980444818735123
danskvand,XGBoost,ACTIVE 02,,7718.8759765625,2720.2880859375,0.35242024064064026
danskvand,XGBoost,ACTIVE 02,,3448.614013671875,948.8703002929688,0.27514541149139404
danskvand,XGBoost,ACTIVE 02,,752.43798828125,351.6247253417969,0.46731388568878174
danskvand,XGBoost,ACTIVE 02,,2570.86767578125,544.3397827148438,0.211733877658844
danskvand,XGBoost,ACTIVE 02,,1734.071533203125,1216.760498046875,0.7016783952713013
danskvand,XGBoost,AQUA D'OR,,251761.65625,38602.56640625,0.15332980453968048
danskvand,XGBoost,AQUA D'OR,,240973.203125,27779.984375,0.11528246104717255
danskvand,XGBoost,AQUA D'OR,,41399.0859375,10441.560546875,0.252217173576355
danskvand,XGBoost,AQUA D'OR,,39362.35546875,11102.279296875,0.28205323219299316
danskvand,XGBoost,AQUA D'OR,,71214.984375,17544.30859375,0.24635697901248932
danskvand,XGBoost,AQUA D'OR,,356693.875,6562.53564453125,0.018398229032754898
danskvand,XGBoost,BLUE KELD,,392270.78125,9572.2109375,0.02440204843878746
danskvand,XGBoost,BLUE KELD,,375286.90625,14583.9541015625,0.03886081278324127
danskvand,XGBoost,BLUE KELD,,504583.8125,13318.5400390625,0.026395099237561226
danskvand,XGBoost,BLUE KELD,,502200.90625,21519.544921875,0.042850468307733536
danskvand,XGBoost,BLUE KELD,,574465.625,15965.306640625,0.027791578322649002
danskvand,XGBoost,BLUE KELD,,555701.5,27130.38671875,0.04882187023758888
danskvand,XGBoost,CARLSBERG KURVAND,,1837.998046875,131.2913055419922,0.07143168896436691
danskvand,XGBoost,CARLSBERG KURVAND,,2844.445556640625,193.84373474121094,0.0681481584906578
danskvand,XGBoost,CARLSBERG KURVAND,,3759.73388671875,165.31289672851562,0.04396930709481239
danskvand,XGBoost,CARLSBERG KURVAND,,1969.016357421875,135.01388549804688,0.06856920570135117
danskvand,XGBoost,CARLSBERG KURVAND,,4686.9736328125,244.88223266601562,0.05224740877747536
danskvand,XGBoost,CARLSBERG KURVAND,,6236.58740234375,461.2093505859375,0.07395219802856445
danskvand,XGBoost,DENICE,,61.94072723388672,21.413089752197266,0.3457029163837433
danskvand,XGBoost,DENICE,,2.1050095558166504,0.5022042393684387,0.2385757565498352
danskvand,XGBoost,DENICE,,163.90689086914062,43.07585525512695,0.26280686259269714
danskvand,XGBoost,DENICE,,20.211170196533203,4.787487030029297,0.2368733286857605
danskvand,XGBoost,DENICE,,262.15728759765625,48.3984260559082,0.18461598455905914
danskvand,XGBoost,DENICE,,79.90098571777344,13.407685279846191,0.16780374944210052
danskvand,XGBoost,EGEKILDE,,30620.44921875,7006.0615234375,0.228803351521492
danskvand,XGBoost,EGEKILDE,,55624.98828125,7793.82470703125,0.1401137262582779
danskvand,XGBoost,EGEKILDE,,184152.359375,8310.5146484375,0.0451284721493721
danskvand,XGBoost,EGEKILDE,,167199.234375,6734.62939453125,0.04027906805276871
danskvand,XGBoost,EGEKILDE,,321690.6875,11924.80078125,0.03706915304064751
danskvand,XGBoost,EGEKILDE,,416049.90625,40612.7578125,0.09761510789394379
danskvand,XGBoost,EVIAN,,2183.230712890625,93.99637603759766,0.043053798377513885
danskvand,XGBoost,EVIAN,,2390.845703125,173.06582641601562,0.07238686829805374
danskvand,XGBoost,EVIAN,,2673.613037109375,168.80392456054688,0.0631370097398758
danskvand,XGBoost,EVIAN,,2913.84716796875,193.62782287597656,0.06645091623067856
danskvand,XGBoost,EVIAN,,5635.796875,460.366455078125,0.08168613165616989
danskvand,XGBoost,EVIAN,,6788.4423828125,462.4147644042969,0.06811794638633728
danskvand,XGBoost,FEVER TREE,,2.408635377883911,0.4195605516433716,0.17419014871120453
danskvand,XGBoost,FEVER TREE,,0.6502178311347961,0.2950349450111389,0.45374783873558044
danskvand,XGBoost,FEVER TREE,,0.1348397135734558,0.19904829561710358,1.4761844873428345
danskvand,XGBoost,FEVER TREE,,0.2768441140651703,0.1523679792881012,0.5503746271133423
danskvand,XGBoost,FEVER TREE,,0.02068459615111351,0.13583716750144958,6.567069053649902
danskvand,XGBoost,FIRST PRICE,,248404.953125,3436.551513671875,0.013834472745656967
danskvand,XGBoost,FIRST PRICE,,318594.0625,21837.76953125,0.0685441792011261
danskvand,XGBoost,FIRST PRICE,,406029.0,24856.587890625,0.0612187497317791
danskvand,XGBoost,FIRST PRICE,,355366.78125,29124.99609375,0.08195756375789642
danskvand,XGBoost,FIRST PRICE,,576170.9375,23173.953125,0.04022062197327614
danskvand,XGBoost,FIRST PRICE,,560068.625,19906.828125,0.03554355353116989
danskvand,XGBoost,FREM,,1446.74169921875,126.30744934082031,0.08730477094650269
danskvand,XGBoost,FREM,,1882.2445068359375,65.16092681884766,0.03461873531341553
danskvand,XGBoost,FREM,,1543.4013671875,76.21394348144531,0.049380507320165634
danskvand,XGBoost,FREM,,1696.3011474609375,99.21159362792969,0.05848701670765877
danskvand,XGBoost,FREM,,2364.70458984375,246.94073486328125,0.10442773252725601
danskvand,XGBoost,FREM,,2262.61767578125,70.74763488769531,0.03126804530620575
danskvand,XGBoost,HANCOCK,,10820.970703125,573.805419921875,0.05302716791629791
danskvand,XGBoost,HANCOCK,,11383.6064453125,1653.14404296875,0.14522147178649902
danskvand,XGBoost,HANCOCK,,10210.556640625,1760.4921875,0.17241883277893066
danskvand,XGBoost,HANCOCK,,11682.8623046875,1463.42822265625,0.1252628117799759
danskvand,XGBoost,HANCOCK,,18843.353515625,2966.11474609375,0.15740907192230225
danskvand,XGBoost,HANCOCK,,16430.748046875,2380.2236328125,0.14486397802829742
danskvand,XGBoost,HARBOE,,2092935.625,50371.125,0.024067211896181107
danskvand,XGBoost,HARBOE,,1880260.375,54512.19921875,0.028991835191845894
danskvand,XGBoost,HARBOE,,1980928.75,75289.6953125,0.03800727054476738
danskvand,XGBoost,HARBOE,,2294842.5,47685.875,0.02077958546578884
danskvand,XGBoost,HARBOE,,2674382.5,116882.1796875,0.04370436072349548
danskvand,XGBoost,HARBOE,,2542692.5,76481.03125,0.03007875755429268
danskvand,XGBoost,KILDEVÆLD,,121245.640625,3506.057861328125,0.02891698107123375
danskvand,XGBoost,KILDEVÆLD,,173475.5,12089.4296875,0.0696895495057106
danskvand,XGBoost,KILDEVÆLD,,161377.875,3735.3701171875,0.023146729916334152
danskvand,XGBoost,KILDEVÆLD,,201258.53125,9007.59375,0.04475633427500725
danskvand,XGBoost,KILDEVÆLD,,327833.34375,22089.82421875,0.06738126277923584
danskvand,XGBoost,KILDEVÆLD,,388117.5,15804.03125,0.04071970656514168
danskvand,XGBoost,KIRVI,,1273.403076171875,140.216796875,0.11011186987161636
danskvand,XGBoost,KIRVI,,1398.7718505859375,268.9223327636719,0.19225603342056274
danskvand,XGBoost,KIRVI,,1111.942138671875,130.53836059570312,0.11739671975374222
danskvand,XGBoost,KIRVI,,999.2789916992188,60.7415657043457,0.06078539416193962
danskvand,XGBoost,KIRVI,,146.45187377929688,16.571645736694336,0.11315421015024185
danskvand,XGBoost,KIRVI,,139.05702209472656,56.21442413330078,0.4042544662952423
danskvand,XGBoost,LIQUID DEATH,,112.84538269042969,90.28794860839844,0.8001031875610352
danskvand,XGBoost,LIQUID DEATH,,32.402687072753906,17.143390655517578,0.5290731191635132
danskvand,XGBoost,LIQUID DEATH,,39.17640686035156,16.278257369995117,0.41551175713539124
danskvand,XGBoost,LIQUID DEATH,,39.13904571533203,15.940991401672363,0.4072912633419037
danskvand,XGBoost,LIQUID DEATH,,16.407602310180664,6.832913875579834,0.41644805669784546
danskvand,XGBoost,LIQUID DEATH,,16.30955696105957,6.149059772491455,0.3770218789577484
danskvand,XGBoost,NATUR FRISK,,3.9218826293945312,0.7145395278930664,0.18219299614429474
danskvand,XGBoost,NATUR FRISK,,3.7558937072753906,0.623898446559906,0.16611184179782867
danskvand,XGBoost,NATUR FRISK,,1.4293800592422485,0.22913022339344025,0.16030041873455048
danskvand,XGBoost,NATUR FRISK,,0.38999682664871216,0.12390776723623276,0.3177148103713989
danskvand,XGBoost,NATUR FRISK,,4.689702033996582,0.9117767810821533,0.19442105293273926
danskvand,XGBoost,NATUR FRISK,,2.5546772480010986,0.3172142505645752,0.12416999042034149
danskvand,XGBoost,NERO,,0.0854923278093338,0.15267696976661682,1.785855770111084
danskvand,XGBoost,NERO,,0.06607827544212341,0.2043607383966446,3.0927069187164307
danskvand,XGBoost,NERO,,2.503979206085205,0.7431595921516418,0.2967914342880249
danskvand,XGBoost,NERO,,1.6680494546890259,0.5973884463310242,0.3581359386444092
danskvand,XGBoost,NERO,,0.40751272439956665,0.05339089781045914,0.13101652264595032
danskvand,XGBoost,NERO,,1.5947411060333252,0.6899007558822632,0.432609885931015
danskvand,XGBoost,OK PLUS,,41.66800308227539,39.650489807128906,0.9515812397003174
danskvand,XGBoost,OK PLUS,,19.0929012298584,9.528608322143555,0.49906548857688904
danskvand,XGBoost,OK PLUS,,91.90760803222656,21.650171279907227,0.23556451499462128
danskvand,XGBoost,OK PLUS,,139.60501098632812,21.303497314453125,0.15259836614131927
danskvand,XGBoost,OK PLUS,,2037.0191650390625,214.1543731689453,0.10513125360012054
danskvand,XGBoost,OK PLUS,,9057.0400390625,2806.99853515625,0.30992448329925537
danskvand,XGBoost,OTHER BRAND,,2.3059563636779785,1.678635835647583,0.7279564738273621
danskvand,XGBoost,OTHER BRAND,,3.1099555492401123,1.3209235668182373,0.42474034428596497
danskvand,XGBoost,OTHER BRAND,,2.505441188812256,1.6243727207183838,0.6483380198478699
danskvand,XGBoost,OTHER BRAND,,2.864116668701172,1.6679753065109253,0.582369863986969
danskvand,XGBoost,OTHER BRAND,,87.63772583007812,43.0624885559082,0.4913693070411682
danskvand,XGBoost,OTHER BRAND,,258.3126220703125,88.45315551757812,0.34242677688598633
danskvand,XGBoost,PERRIER,,4095.969482421875,641.2935180664062,0.15656696259975433
danskvand,XGBoost,PERRIER,,3811.60302734375,299.2581787109375,0.07851242274045944
danskvand,XGBoost,PERRIER,,5494.5224609375,528.9345092773438,0.09626578539609909
danskvand,XGBoost,PERRIER,,4170.14990234375,265.6469421386719,0.06370200961828232
danskvand,XGBoost,PERRIER,,6142.42431640625,453.6699523925781,0.07385845482349396
danskvand,XGBoost,PERRIER,,6472.47802734375,475.5673828125,0.07347531616687775
danskvand,XGBoost,RAMLOESA,,0.2958369553089142,0.6063524484634399,2.049617052078247
danskvand,XGBoost,RAMLOESA,,0.48954933881759644,0.6199702024459839,1.266409993171692
danskvand,XGBoost,RAMLOESA,,0.4214370846748352,0.5613266825675964,1.3319346904754639
danskvand,XGBoost,RAMLOESA,,0.48055505752563477,0.6120791435241699,1.273692011833191
danskvand,XGBoost,RAMLOESA,,67.16162109375,32.43416976928711,0.482927143573761
danskvand,XGBoost,RAMLOESA,,100.02754974365234,34.62797927856445,0.3461844325065613
danskvand,XGBoost,SALTUM,,211.2991180419922,19.17588996887207,0.09075234085321426
danskvand,XGBoost,SALTUM,,683.6419067382812,83.35722351074219,0.12193112075328827
danskvand,XGBoost,SALTUM,,885.2633056640625,136.00067138671875,0.15362736582756042
danskvand,XGBoost,SALTUM,,421.72119140625,118.73979949951172,0.28155994415283203
danskvand,XGBoost,SALTUM,,1046.556640625,73.21854400634766,0.06996137648820877
danskvand,XGBoost,SALTUM,,1199.920654296875,185.9185333251953,0.1549423635005951
danskvand,XGBoost,SAN BENEDETTO,,1728.7718505859375,126.1176986694336,0.07295219600200653
danskvand,XGBoost,SAN BENEDETTO,,1934.516357421875,264.1021728515625,0.13652102649211884
danskvand,XGBoost,SAN BENEDETTO,,1967.888671875,196.43617248535156,0.09982077777385712
danskvand,XGBoost,SAN BENEDETTO,,1653.0736083984375,164.72621154785156,0.09964844584465027
danskvand,XGBoost,SAN BENEDETTO,,2238.820068359375,223.33807373046875,0.09975704550743103
danskvand,XGBoost,SAN BENEDETTO,,2269.09423828125,147.35911560058594,0.06494182348251343
danskvand,XGBoost,SAN PELLEGRINO,,94558.0546875,6897.435546875,0.07294392585754395
danskvand,XGBoost,SAN PELLEGRINO,,134312.453125,13314.32421875,0.09912948310375214
danskvand,XGBoost,SAN PELLEGRINO,,115788.625,24278.3515625,0.20967820286750793
danskvand,XGBoost,SAN PELLEGRINO,,123098.578125,11197.1337890625,0.09096071124076843
danskvand,XGBoost,SAN PELLEGRINO,,192033.625,21286.61328125,0.11084836721420288
danskvand,XGBoost,SAN PELLEGRINO,,123298.421875,14286.6103515625,0.11587017774581909
danskvand,XGBoost,SIRMA,,0.10634417831897736,0.17339231073856354,1.6304824352264404
danskvand,XGBoost,SIRMA,,0.4230404794216156,0.22735606133937836,0.5374333262443542
danskvand,XGBoost,SIRMA,,0.2768441140651703,0.1523679792881012,0.5503746271133423
danskvand,XGBoost,THY,,257.2348327636719,68.10232543945312,0.264747679233551
danskvand,XGBoost,THY,,773.4845581054688,89.82982635498047,0.11613655090332031
danskvand,XGBoost,THY,,779.0641479492188,84.93524932861328,0.10902214795351028
danskvand,XGBoost,THY,,704.9793090820312,67.76847076416016,0.09612831473350525
danskvand,XGBoost,THY,,940.0963745117188,61.49037170410156,0.06540858000516891
danskvand,XGBoost,THY,,1545.455078125,115.03302764892578,0.0744331106543541
danskvand,XGBoost,ULUDAG,,2.7875967025756836,0.3444978892803192,0.1235824003815651
danskvand,XGBoost,ULUDAG,,4.993353366851807,0.8676354289054871,0.17375805974006653
danskvand,XGBoost,ULUDAG,,2.0909368991851807,0.16122287511825562,0.0771055668592453
danskvand,XGBoost,ULUDAG,,6.558108329772949,2.349146842956543,0.3582049608230591
danskvand,XGBoost,ULUDAG,,9.02032470703125,1.1682955026626587,0.12951812148094177
danskvand,XGBoost,ULUDAG,,4.37289571762085,0.6642270088195801,0.1518963724374771
danskvand,XGBoost,WATER BOX,,42.42163848876953,2.779470205307007,0.06552010774612427
danskvand,XGBoost,WATER BOX,,25.268585205078125,5.097049713134766,0.201714888215065
danskvand,XGBoost,WATER BOX,,50.93492889404297,8.445256233215332,0.16580480337142944
danskvand,XGBoost,WATER BOX,,48.01921081542969,7.527480125427246,0.15675976872444153
danskvand,XGBoost,WATER BOX,,54.3572998046875,9.621610641479492,0.1770067811012268
danskvand,XGBoost,WATER BOX,,781.1510009765625,111.18885803222656,0.1423397809267044
energidrikke,LightGBM,4MOVE,,5543.742711366663,1388.287943145348,0.2504243099700243
energidrikke,LightGBM,4MOVE,,4261.027238158793,657.2615067242697,0.15424954359321932
energidrikke,LightGBM,4MOVE,,6196.4034104264665,544.6329060098024,0.08789500455915572
energidrikke,LightGBM,4MOVE,,2201.5975843938913,481.40892054105194,0.218663448739923
energidrikke,LightGBM,4MOVE,,8798.46334501643,1090.5182691597095,0.12394417370362679
energidrikke,LightGBM,4MOVE,,3848.6982013541333,478.0799565492456,0.1242186140708661
energidrikke,LightGBM,4MOVE,,9624.727543882334,2017.3177675106087,0.2095973894651029
energidrikke,LightGBM,AQUA D'OR,,2168.563731602183,431.4674882487529,0.1989646335779927
energidrikke,LightGBM,AQUA D'OR,,528.3049480214315,143.49877304053427,0.27162110364090897
energidrikke,LightGBM,AQUA D'OR,,750.2608903503813,271.6875190859469,0.3621240592176748
energidrikke,LightGBM,AQUA D'OR,,1069.802514513315,172.17919841647515,0.16094484363294342
energidrikke,LightGBM,AQUA D'OR,,982.9049694588406,136.16077594079414,0.13852893226876284
energidrikke,LightGBM,AQUA D'OR,,1297.52725099568,303.70708975847157,0.2340660587478349
energidrikke,LightGBM,AQUA D'OR,,1369.5020821812943,143.52207961599404,0.1047987304899874
energidrikke,LightGBM,BANG,,4.842331408027732,0.32962313955058176,0.06807116485338544
energidrikke,LightGBM,BANG,,3.767530497871384,0.35686955461616904,0.09472240631304688
energidrikke,LightGBM,BANG,,1.963230668886758,0.390788296846828,0.19905368382841274
energidrikke,LightGBM,BANG,,0.8284937347985668,0.3444783941109866,0.41578877382185664
energidrikke,LightGBM,BOBLI VITAMINS,,4.842331408027732,0.32962313955058176,0.06807116485338544
energidrikke,LightGBM,BOBLI VITAMINS,,3.767530497871384,0.35686955461616904,0.09472240631304688
energidrikke,LightGBM,BOBLI VITAMINS,,1.963230668886758,0.390788296846828,0.19905368382841274
energidrikke,LightGBM,BOBLI VITAMINS,,0.8284937347985668,0.3444783941109866,0.41578877382185664
energidrikke,LightGBM,BODYLAB,,0.8258360892913996,0.5312091673744717,0.6432380157063254
energidrikke,LightGBM,BODYLAB,,0.9740474502978177,0.15893925919731608,0.16317404162263344
energidrikke,LightGBM,BODYLAB,,1.9106721028870097,0.5483130258086093,0.28697390043017473
energidrikke,LightGBM,BODYLAB,,0.1746071011049627,0.5075523603952349,2.906825422238278
energidrikke,LightGBM,BUTTERFLY,,24623.749846566512,2083.1442100161844,0.08459898362339212
energidrikke,LightGBM,BUTTERFLY,,59662.93996920142,5144.037771935046,0.08621830862827826
energidrikke,LightGBM,BUTTERFLY,,1739.2270996373131,568.0631143807408,0.3266181365844638
energidrikke,LightGBM,BUTTERFLY,,151.88617384685753,28.22752855629511,0.18584659710209117
energidrikke,LightGBM,BUTTERFLY,,6.191641718073612,2.169870099557654,0.3504514954771575
energidrikke,LightGBM,BUTTERFLY,,0.858606155757729,0.35278703453459453,0.41088342095946917
energidrikke,LightGBM,BUTTERFLY,,1.4041233265343018,0.43575446978843263,0.31033917146293305
energidrikke,LightGBM,CLUTCH COGNITION,,1567.226871247852,317.4171224652338,0.20253425224422103
energidrikke,LightGBM,CLUTCH COGNITION,,828.9693584421111,113.21678134891913,0.13657535130332
energidrikke,LightGBM,CLUTCH COGNITION,,383.1806680045788,66.58038395038713,0.17375715820191515
energidrikke,LightGBM,CLUTCH COGNITION,,167.26560718531437,37.46879234108508,0.22400775013821714
energidrikke,LightGBM,CLUTCH COGNITION,,94.82623382807905,20.382778126001153,0.21494872571819462
energidrikke,LightGBM,CLUTCH COGNITION,,34.74883090584804,5.863012010558442,0.16872544651773388
energidrikke,LightGBM,CLUTCH COGNITION,,177.43485295356146,113.97251428979264,0.6423344252418194
energidrikke,LightGBM,CLUTCH INNOSODA,,586.8953040181024,224.28137250505466,0.38214886193421793
energidrikke,LightGBM,CLUTCH INNOSODA,,221.22570363977167,40.61517333335112,0.1835915658312743
energidrikke,LightGBM,CLUTCH INNOSODA,,110.88217979334449,20.81765920444264,0.18774576079980873
energidrikke,LightGBM,CLUTCH INNOSODA,,93.18949146561212,11.56159699207718,0.12406545856453705
energidrikke,LightGBM,CLUTCH INNOSODA,,31.110930208507323,4.92509249434185,0.15830746497560774
energidrikke,LightGBM,CLUTCH INNOSODA,,16.07566836276525,3.937999921538592,0.24496648180798866
energidrikke,LightGBM,CLUTCH INNOSODA,,15.667740371912942,5.805679231073026,0.37054987466352723
energidrikke,LightGBM,COLLAB,,16456.950191879772,1259.5251007477796,0.0765345392713929
energidrikke,LightGBM,COLLAB,,15155.927042041567,865.9025673519835,0.0571329332049452
energidrikke,LightGBM,COLLAB,,17047.36024950177,1272.4259797732082,0.07464064589181169
energidrikke,LightGBM,COLLAB,,16384.018344679193,841.800515251107,0.051379368451725804
energidrikke,LightGBM,COLLAB,,16050.374849720049,1090.5078399883096,0.06794282689337504
energidrikke,LightGBM,COLLAB,,20132.32198445003,687.0671734707656,0.03412756730204535
energidrikke,LightGBM,COLLAB,,11429.345978037225,548.4951370188336,0.04799007205423904
energidrikke,LightGBM,CULT,,119609.9466575885,17804.437070580996,0.14885415108118366
energidrikke,LightGBM,CULT,,52624.103281307885,34662.0436934347,0.6586723864565438
energidrikke,LightGBM,CULT,,49708.680363654305,29876.734449759206,0.6010365640606363
energidrikke,LightGBM,CULT,,74033.21349318397,20474.50615113157,0.27655838758122525
energidrikke,LightGBM,CULT,,51403.98093798346,21122.179027411643,0.4109055104680429
energidrikke,LightGBM,CULT,,53156.54469868768,17035.27203268508,0.3204736524777474
energidrikke,LightGBM,CULT,,46830.44158482538,12722.091756063357,0.2716628612826435
energidrikke,LightGBM,EASIS,,1.064047550800202,0.40093907563843834,0.376805599840832
energidrikke,LightGBM,EASIS,,0.5897570713996194,0.4597759519797622,0.779602270624099
energidrikke,LightGBM,EASIS,,0.5086176800706733,0.34640259143237806,0.6810667521118118
energidrikke,LightGBM,EASIS,,0.28864775425328304,0.2571620102264149,0.8909198371963082
energidrikke,LightGBM,EASIS,,0.1961640791661007,0.23860864854754002,1.216372791399284
energidrikke,LightGBM,EASIS,,9.31827272307154,2.812683554193105,0.3018460220883053
energidrikke,LightGBM,ENERVIT,,20.17192534920794,5.426489925617883,0.2690119972028826
energidrikke,LightGBM,ENERVIT,,1.3540134127100765,0.6605077543728057,0.4878147795085651
energidrikke,LightGBM,ENERVIT,,11.268416801421347,3.560934982044976,0.3160102297241806
energidrikke,LightGBM,ENERVIT,,16.920605447650036,1.741299835202438,0.10291001941920895
energidrikke,LightGBM,ENERVIT,,277.55294119181326,103.69736159562274,0.3736129084071166
energidrikke,LightGBM,ENERVIT,,57.906652424986724,18.56112735809169,0.3205353198777307
energidrikke,LightGBM,ENERVIT,,26.98940154689285,7.13522102934348,0.2643712205676869
energidrikke,LightGBM,FAXE KONDI BOOSTER,,2196465.4820575165,103845.02469880153,0.047278241131987093
energidrikke,LightGBM,FAXE KONDI BOOSTER,,1668771.6216115933,223276.19552462135,0.13379673565457412
energidrikke,LightGBM,FAXE KONDI BOOSTER,,2877126.46895841,125536.35435833067,0.04363254647049905
energidrikke,LightGBM,FAXE KONDI BOOSTER,,2273996.766455155,78444.74831255505,0.03449642034225032
energidrikke,LightGBM,FAXE KONDI BOOSTER,,2387642.1049635424,74063.32280145708,0.03101944074762745
energidrikke,LightGBM,FAXE KONDI BOOSTER,,2935092.148932739,44360.884831261596,0.01511396664237344
energidrikke,LightGBM,FAXE KONDI BOOSTER,,2298455.790105174,38031.53498320288,0.01654655927989923
energidrikke,LightGBM,FAXE KONDI PRO,,32378.74683312726,1885.1982447034432,0.05822332329349646
energidrikke,LightGBM,FAXE KONDI PRO,,55508.39724640214,5763.552305631804,0.10383207931670874
energidrikke,LightGBM,FAXE KONDI PRO,,66269.13768520823,6748.400160581756,0.10183322729560806
energidrikke,LightGBM,FAXE KONDI PRO,,51604.80777809028,4338.566352353087,0.08407290985385862
energidrikke,LightGBM,FAXE KONDI PRO,,41001.31242848582,1089.655542930348,0.026576113748332252
energidrikke,LightGBM,FAXE KONDI PRO,,73518.27256782654,6346.147531637838,0.08632068341626233
energidrikke,LightGBM,FAXE KONDI PRO,,63918.20455816535,2444.8688755528647,0.038249961688583446
energidrikke,LightGBM,FIRE ENERGY,,307.15870819054254,75.64630182045357,0.2462775750884042
energidrikke,LightGBM,FIRE ENERGY,,13114.063734602238,2232.063565691101,0.17020380645258482
energidrikke,LightGBM,FIRE ENERGY,,6522.431779561245,609.6572222740997,0.09347084689862567
energidrikke,LightGBM,FIRE ENERGY,,5403.1649629490275,1209.8626134441724,0.22391739318353773
energidrikke,LightGBM,FIRE ENERGY,,4785.612849506306,499.9828231028657,0.10447623717711411
energidrikke,LightGBM,FIRE ENERGY,,4923.476690321994,205.75008089767854,0.04178959175375369
energidrikke,LightGBM,FIRE ENERGY,,5595.999773264042,677.6766771198941,0.12110019738700202
energidrikke,LightGBM,GATORADE,,12907.962705349908,1409.9964672740552,0.1092346251271442
energidrikke,LightGBM,GATORADE,,4333.912936879452,620.8719401010059,0.1432589784667092
energidrikke,LightGBM,GATORADE,,3532.143213201382,761.1214855491353,0.21548432201289133
energidrikke,LightGBM,GATORADE,,3820.9383320475326,573.8096889392417,0.1501750719519604
energidrikke,LightGBM,GATORADE,,2970.179087277922,746.2818112165816,0.2512581865561938
energidrikke,LightGBM,GATORADE,,8876.04514721424,990.0575244357732,0.1115426417976822
energidrikke,LightGBM,GATORADE,,3829.2765594554867,505.6401264500611,0.13204586260595444
energidrikke,LightGBM,GLACEAU,,4.842331408027732,0.32962313955058176,0.06807116485338544
energidrikke,LightGBM,GLACEAU,,3.767530497871384,0.35686955461616904,0.09472240631304688
energidrikke,LightGBM,GLACEAU,,1.963230668886758,0.390788296846828,0.19905368382841274
energidrikke,LightGBM,GLACEAU,,0.8284937347985668,0.3444783941109866,0.41578877382185664
energidrikke,LightGBM,HEAVE,,2257.376671224533,219.71267388316258,0.09733097567805447
energidrikke,LightGBM,HEAVE,,549.6375021443591,71.23616231817562,0.1296057165682007
energidrikke,LightGBM,HEAVE,,648.408892354151,95.93234504121457,0.14795038466069924
energidrikke,LightGBM,HEAVE,,646.6441645033167,66.64843841156168,0.10306818196179646
energidrikke,LightGBM,HEAVE,,498.18186110922727,16.59271083885208,0.033306533485397416
energidrikke,LightGBM,HEAVE,,796.1002531666907,150.30507829901902,0.18880169639582758
energidrikke,LightGBM,HEAVE,,411.0270164381801,94.59110459631744,0.23013354551730364
energidrikke,LightGBM,HERO,,0.9698801756322742,0.41400092591846227,0.42685780812930946
energidrikke,LightGBM,HERO,,1.1302638673766086,0.46458855439758556,0.41104433027299697
energidrikke,LightGBM,HERO,,0.3466158621877693,0.22745837852886527,0.6562261089068283
energidrikke,LightGBM,HERO,,0.934305829785448,0.7139577795905777,0.7641585408436652
energidrikke,LightGBM,HERO,,0.1922560463094744,0.15608196855299059,0.8118442647142841
energidrikke,LightGBM,HERO,,0.47251570935806725,0.15446667748905155,0.32690273451204643
energidrikke,LightGBM,INZYM,,1.2666515746546878,0.5850486188555273,0.4618859918245648
energidrikke,LightGBM,INZYM,,1.1244641744564163,0.7127301460091273,0.6338397987233985
energidrikke,LightGBM,INZYM,,0.13188910478328525,0.0513248195264708,0.3891513223234446
energidrikke,LightGBM,INZYM,,1.5807812392584686,0.9776104311260885,0.6184349907800509
energidrikke,LightGBM,INZYM,,0.07826283304291445,0.5738714846464906,7.3326183366223825
energidrikke,LightGBM,KICK IN,,2032.199827202996,194.30440215113535,0.09561284257098125
energidrikke,LightGBM,KICK IN,,1453.404430245162,391.0628282177108,0.2690667649552615
energidrikke,LightGBM,KICK IN,,1634.9609151574616,335.8683605067667,0.20542898450536937
energidrikke,LightGBM,KICK IN,,2003.1545368366283,889.1380090827886,0.44386890413702723
energidrikke,LightGBM,KICK IN,,1727.2928848551114,734.2288733769122,0.4250749133598734
energidrikke,LightGBM,KICK IN,,3216.6760483882763,438.7222105188357,0.13638992671912317
energidrikke,LightGBM,KICK IN,,2940.5707271206675,302.44336318702545,0.10285192612359655
energidrikke,LightGBM,LINUSPRO,,559.9837540170203,95.98096503468167,0.17139955283732108
energidrikke,LightGBM,LINUSPRO,,77.46137715438778,7.70029286512964,0.09940815859473083
energidrikke,LightGBM,LINUSPRO,,37.766034804156746,8.836656751423035,0.23398423470314714
energidrikke,LightGBM,LINUSPRO,,0.01161855154926684,0.13756696164788584,11.840285001495447
energidrikke,LightGBM,LINUSPRO,,0.6455927960444315,0.2682667070315352,0.4155354717016891
energidrikke,LightGBM,LINUSPRO,,0.11823971604180927,0.09458218971714805,0.799918951798768
energidrikke,LightGBM,LINUSPRO,,0.09761035498381157,0.03039454348527193,0.3113864660190283
energidrikke,LightGBM,LOHILO,,1208.0160064610839,92.40234946527023,0.07649099761183253
energidrikke,LightGBM,LOHILO,,460.4763521202657,57.32565859872147,0.12449207941898685
energidrikke,LightGBM,LOHILO,,203.804896931737,33.99582268087691,0.1668057205331213
energidrikke,LightGBM,LOHILO,,31.09118641733978,8.396670115454537,0.2700659280976056
energidrikke,LightGBM,LOHILO,,1.1739758401038556,1.0277427853245908,0.8754377647445213
energidrikke,LightGBM,LOHILO,,5.088865688672598,0.8446325902783279,0.16597659320394553
energidrikke,LightGBM,LOHILO,,1.8735283303815584,0.2692197229266752,0.1436966383485893
energidrikke,LightGBM,MANA ENERGY,,7.425339691193583,4.1439979474958815,0.5580886693184748
energidrikke,LightGBM,MANA ENERGY,,9.516770034008097,3.400189212396372,0.35728395245927186
energidrikke,LightGBM,MANA ENERGY,,13.191437026566541,3.379930695863359,0.25622156926924927
energidrikke,LightGBM,MANA ENERGY,,3.011706133100113,0.5177393141673093,0.17190897494184537
energidrikke,LightGBM,MANA ENERGY,,3.354086671669838,1.073443396328707,0.32004044659772946
energidrikke,LightGBM,MANA ENERGY,,1.4084896717376154,0.6887627667427924,0.48900803503449514
energidrikke,LightGBM,MANA ENERGY,,7.855330371392261,3.648978030277086,0.46452254173370294
energidrikke,LightGBM,MATCHA ENERGY,,7893.458562794425,2673.95464369309,0.33875577130368345
energidrikke,LightGBM,MATCHA ENERGY,,5.160474756687108,5.733297448148416,1.1110019365406303
energidrikke,LightGBM,MATCHA ENERGY,,1.314596985040541,1.009458371210523,0.7678842890236753
energidrikke,LightGBM,MATCHA ENERGY,,1.2397991343648087,0.6055004350071378,0.48838591528566944
energidrikke,LightGBM,MATCHA ENERGY,,0.1810981813626822,0.07549137593523288,0.416853307786938
energidrikke,LightGBM,MATCHA ENERGY,,1.216570392045356,0.29030074546220896,0.23862223457053028
energidrikke,LightGBM,MONSTER ENERGY,,2246633.719416366,42074.13828786737,0.018727635895537727
energidrikke,LightGBM,MONSTER ENERGY,,2032135.0216939126,164304.02654952792,0.08085290829374622
energidrikke,LightGBM,MONSTER ENERGY,,2499156.0764805847,327612.76002537337,0.13108935576633984
energidrikke,LightGBM,MONSTER ENERGY,,2725432.7443495463,232723.19683306405,0.08538944771818463
energidrikke,LightGBM,MONSTER ENERGY,,2465329.1159252767,70953.77161258685,0.02878064886113868
energidrikke,LightGBM,MONSTER ENERGY,,2911375.8267997713,77028.83823356978,0.026457882051676256
energidrikke,LightGBM,MONSTER ENERGY,,2427204.169413922,71020.62016839819,0.029260257980500665
energidrikke,LightGBM,MORTAL KOMBAT,,0.866575764906041,0.5373331742296736,0.6200648529421248
energidrikke,LightGBM,MORTAL KOMBAT,,0.23340862430812184,0.11340862647131769,0.48588018890684775
energidrikke,LightGBM,MORTAL KOMBAT,,0.5109950014357183,0.3472752488407847,0.6796059606553136
energidrikke,LightGBM,MORTAL KOMBAT,,0.08740289131149857,0.18051895767308615,2.065365973188777
energidrikke,LightGBM,MORTAL KOMBAT,,0.012574859247057497,0.1400909156925834,11.140555368471778
energidrikke,LightGBM,MUST ESSENTIALS,,60.7410023621472,16.737881572603683,0.27556149753357473
energidrikke,LightGBM,MUST ESSENTIALS,,33.68835497713064,21.973929121720015,0.6522707664603103
energidrikke,LightGBM,MUST ESSENTIALS,,1.3556324389390153,0.6291981522073481,0.46413624676891735
energidrikke,LightGBM,MUST ESSENTIALS,,3.812893713793758,1.866400228079939,0.48949705084302114
energidrikke,LightGBM,MUST ESSENTIALS,,0.06512955334115032,0.06190362361261109,0.9504690334410597
energidrikke,LightGBM,MUST ESSENTIALS,,0.08936132576775938,0.2811038082529609,3.145698721877962
energidrikke,LightGBM,MUST ESSENTIALS,,0.35256946698115976,0.16979315561367003,0.4815878047169163
energidrikke,LightGBM,NAILED,,36037.696864747806,3334.7360955817066,0.0925346619151946
energidrikke,LightGBM,NAILED,,43980.78400436312,1999.7741508550619,0.04546927018528533
energidrikke,LightGBM,NAILED,,83809.43001850562,6283.836476488275,0.07497767822905808
energidrikke,LightGBM,NAILED,,64503.93968577273,6453.91510570184,0.10005458793899596
energidrikke,LightGBM,NAILED,,111213.35692802076,17068.627133439382,0.15347641330965756
energidrikke,LightGBM,NAILED,,125803.99471014245,4859.102723889437,0.03862439134055328
energidrikke,LightGBM,NAILED,,106634.67526491731,6783.50416577029,0.06361443075545291
energidrikke,LightGBM,NOCCO,,44962.95549549028,824.2896778764999,0.018332640032063172
energidrikke,LightGBM,NOCCO,,47226.107382789305,3703.931456712485,0.07842974282615373
energidrikke,LightGBM,NOCCO,,85941.50892886499,5936.771735164309,0.06907921223582726
energidrikke,LightGBM,NOCCO,,88443.97383423895,5324.84326152225,0.06020583461686189
energidrikke,LightGBM,NOCCO,,65635.98520521246,4583.736945936676,0.06983573007406706
energidrikke,LightGBM,NOCCO,,72342.2391286313,5584.504542716228,0.07719562747824896
energidrikke,LightGBM,NOCCO,,101845.20519121466,12047.225797714163,0.11828957264208427
energidrikke,LightGBM,NUTRAMINO,,2160.09248189263,157.64313965179403,0.07297981034296747
energidrikke,LightGBM,NUTRAMINO,,641.8800345122354,55.19028482683317,0.08598224256775998
energidrikke,LightGBM,NUTRAMINO,,264.85625905967953,55.26798822291049,0.20867163350841206
energidrikke,LightGBM,NUTRAMINO,,116.80775712187669,18.970363793108078,0.1624067121956163
energidrikke,LightGBM,NUTRAMINO,,129.4515695168025,38.55222004709464,0.2978119167731733
energidrikke,LightGBM,NUTRAMINO,,190.869448250511,22.91672177615589,0.12006490292819577
energidrikke,LightGBM,NUTRAMINO,,88.51280046397596,14.961064801260976,0.1690271319270936
energidrikke,LightGBM,OTHER BRAND,,6.903399683388881,2.881877009582566,0.41745765010781644
energidrikke,LightGBM,OTHER BRAND,,6.020623544402802,2.5218272736847034,0.4188647994823016
energidrikke,LightGBM,OTHER BRAND,,13.818410685538135,2.8095630730361525,0.20332027589660095
energidrikke,LightGBM,OTHER BRAND,,3.8286201631835133,2.0136968616843403,0.5259589031704683
energidrikke,LightGBM,OTHER BRAND,,0.8284937347985668,0.3444783941109866,0.41578877382185664
energidrikke,LightGBM,POWERADE,,96146.2608229836,6746.506217337344,0.0701692001289415
energidrikke,LightGBM,POWERADE,,114542.94308875327,11249.510514233772,0.09821216576840637
energidrikke,LightGBM,POWERADE,,142352.8121825023,8403.110175333079,0.05903016629246451
energidrikke,LightGBM,POWERADE,,116424.49460691228,6673.08700597716,0.05731686470710236
energidrikke,LightGBM,POWERADE,,141083.95555312664,6332.889760790542,0.044887384507771515
energidrikke,LightGBM,POWERADE,,135711.59745879454,8575.670049768401,0.06319039942310156
energidrikke,LightGBM,POWERADE,,137191.0454203523,31439.166446700376,0.2291634002085997
energidrikke,LightGBM,POWERKING,,42662.754028642645,7189.232133962636,0.1685130812027741
energidrikke,LightGBM,POWERKING,,58658.92267340034,4103.756813036806,0.06995963488599338
energidrikke,LightGBM,POWERKING,,66382.3563145863,5944.291469269146,0.08954625595239675
energidrikke,LightGBM,POWERKING,,50631.782820438384,1847.2712032016088,0.03648441947526932
energidrikke,LightGBM,POWERKING,,47945.957490786735,4209.908253760966,0.08780528065520307
energidrikke,LightGBM,POWERKING,,61158.42260049253,5531.274486864781,0.09044174541578572
energidrikke,LightGBM,POWERKING,,52264.74754774304,2779.776406544102,0.05318645046558044
energidrikke,LightGBM,PRIME,,268.11348018886986,79.899414235631,0.2980059569528047
energidrikke,LightGBM,PRIME,,13.521179707664302,3.0863670964795045,0.22826167266529546
energidrikke,LightGBM,PRIME,,9.770473922925717,2.5765718610382606,0.26371001871183747
energidrikke,LightGBM,PRIME,,51.350415931694556,17.787553397091312,0.34639550769660776
energidrikke,LightGBM,PRIME,,5.3007947773423085,1.9493102970357654,0.3677392502286427
energidrikke,LightGBM,PRIME,,4.584533368176557,1.3583983226161156,0.2963002368017232
energidrikke,LightGBM,PRIME,,1.221179907358333,0.2376724562990803,0.19462525944536332
energidrikke,LightGBM,PRO:VOLU,,41.564100865105445,8.47187605027671,0.20382676092938545
energidrikke,LightGBM,PRO:VOLU,,40.37844612761815,10.596978332825257,0.26244145946906833
energidrikke,LightGBM,PRO:VOLU,,57.471978393369604,8.590916299839582,0.14948008646994299
energidrikke,LightGBM,PRO:VOLU,,37.11385205658282,8.971419467042569,0.24172698251221605
energidrikke,LightGBM,PRO:VOLU,,101.9174397155374,15.416824797086036,0.15126777949010556
energidrikke,LightGBM,PRO:VOLU,,3.485394838165348,1.3850687832484212,0.3973922173986743
energidrikke,LightGBM,PRO:VOLU,,1.301773957135009,0.3118378364398432,0.2395483753002304
energidrikke,LightGBM,RED BULL,,2409097.9226313764,95706.59003424652,0.03972714813091094
energidrikke,LightGBM,RED BULL,,1791190.13419553,84243.06869565361,0.04703189632824176
energidrikke,LightGBM,RED BULL,,2682953.506763918,140602.14619739293,0.05240573339900406
energidrikke,LightGBM,RED BULL,,2576548.2636889005,219448.95297587267,0.08517168339850262
energidrikke,LightGBM,RED BULL,,2478717.9115366573,205498.65432396383,0.08290522022191986
energidrikke,LightGBM,RED BULL,,3115684.089874033,177512.23656838806,0.05697375967778713
energidrikke,LightGBM,RED BULL,,2293860.725747506,127573.74511619097,0.05561529681564176
energidrikke,LightGBM,ROCKSTAR,,39.828971840531366,28.21848172509063,0.7084913423844527
energidrikke,LightGBM,ROCKSTAR,,24.37476550157313,13.4017757878401,0.5498217321095934
energidrikke,LightGBM,ROCKSTAR,,15.107343545263967,5.285568617696808,0.34986750661096816
energidrikke,LightGBM,ROCKSTAR,,2.79742612259145,0.4498094416653939,0.16079403778810222
energidrikke,LightGBM,ROCKSTAR,,1.3048497517312905,0.6214848919314286,0.47628847007621755
energidrikke,LightGBM,RUBICON,,0.2795464961364702,0.17640968475829144,0.6310566835800046
energidrikke,LightGBM,RUBICON,,0.23482278806080573,0.14686927704864314,0.6254472926648514
energidrikke,LightGBM,RUBICON,,1.6027011731983944,0.29076177294659444,0.1814198291041007
energidrikke,LightGBM,RUBICON,,0.3315017979599828,0.1450540691234585,0.4375664627344455
energidrikke,LightGBM,RUBICON,,0.522904898622648,0.37787938876984484,0.7226541379994602
energidrikke,LightGBM,RUBICON,,3.8696328661522665,0.4738319630682979,0.12244881606544972
energidrikke,LightGBM,SMAG,,15683.185659852094,1153.379111106079,0.07354239987470483
energidrikke,LightGBM,SMAG,,13006.601684290039,1291.4951246097135,0.09929535446369821
energidrikke,LightGBM,SMAG,,11403.053872855386,1713.146270238416,0.1502357429281736
energidrikke,LightGBM,SMAG,,12788.204919717811,1897.7348377476403,0.14839728090543583
energidrikke,LightGBM,SMAG,,10329.157055347348,1643.0441204893245,0.1590685582265137
energidrikke,LightGBM,SMAG,,11083.530432296535,1240.1822372150102,0.11189415184905496
energidrikke,LightGBM,SMAG,,7445.214260039133,824.4089522844854,0.11073005067286704
energidrikke,LightGBM,STATE,,270689.67300738406,37357.62855335092,0.1380090645435589
energidrikke,LightGBM,STATE,,380353.84595030267,74200.51138549125,0.19508284765756345
energidrikke,LightGBM,STATE,,235855.20969291645,42030.5907278063,0.1782050554767484
energidrikke,LightGBM,STATE,,236178.43814447307,21126.26656016218,0.08945044571443478
energidrikke,LightGBM,STATE,,314645.07175363426,36166.78484811939,0.11494470466849652
energidrikke,LightGBM,STATE,,471036.6258987637,84610.3080012229,0.17962575169135053
energidrikke,LightGBM,STATE,,261957.26880215816,29120.43351382998,0.11116482335835862
energidrikke,LightGBM,STATE VITAMIN,,20218.222636406055,1369.907461637845,0.06775607758770613
energidrikke,LightGBM,STATE VITAMIN,,17122.071198866917,871.6969871418752,0.05091072084781199
energidrikke,LightGBM,STATE VITAMIN,,32738.00183145966,2883.739330730793,0.08808537996841508
energidrikke,LightGBM,STATE VITAMIN,,30846.791120722657,3572.9462613931005,0.11582878255990849
energidrikke,LightGBM,STATE VITAMIN,,17924.006159583652,2282.8579957287084,0.12736315617187535
energidrikke,LightGBM,STATE VITAMIN,,28651.155348950404,2692.0500991829826,0.0939595652041167
energidrikke,LightGBM,STATE VITAMIN,,28215.52596511481,2504.509243946849,0.08876351435175729
energidrikke,LightGBM,VITAMIN WELL,,103107.30296413726,29349.568449031696,0.28465072410283154
energidrikke,LightGBM,VITAMIN WELL,,102184.1726329845,20738.145911359123,0.20294870895363068
energidrikke,LightGBM,VITAMIN WELL,,229416.13653007383,30818.003261488724,0.13433232608486909
energidrikke,LightGBM,VITAMIN WELL,,249769.16716261386,26371.81989855322,0.1055847693217621
energidrikke,LightGBM,VITAMIN WELL,,134661.32640475492,53458.452507096496,0.39698444931705995
energidrikke,LightGBM,VITAMIN WELL,,59952.83715642335,21268.074966125285,0.35474676387098425
energidrikke,LightGBM,VITAMIN WELL,,128762.45921636318,13615.813876238437,0.10574366130550056
energidrikke,LightGBM,X-RAY,,0.3113243546384551,0.23016150779607938,0.7392981126175266
energidrikke,LightGBM,X-RAY,,0.6147596741445029,0.18633221754323812,0.3030976581255712
energidrikke,LightGBM,X-RAY,,0.20458072127785293,0.19738093282912186,0.9648071020389423
energidrikke,LightGBM,X-RAY,,0.16390927856247345,0.12118241944219924,0.7393261718006463
energidrikke,XGBoost,4MOVE,,4142.0458984375,1004.4671020507812,0.2425050586462021
energidrikke,XGBoost,4MOVE,,5153.3740234375,653.8737182617188,0.1268826425075531
energidrikke,XGBoost,4MOVE,,5369.421875,845.1259765625,0.1573960781097412
energidrikke,XGBoost,4MOVE,,3907.3828125,482.6358947753906,0.12351896613836288
energidrikke,XGBoost,4MOVE,,7371.79150390625,755.4511108398438,0.10247863084077835
energidrikke,XGBoost,4MOVE,,5593.00732421875,452.32647705078125,0.08087357133626938
energidrikke,XGBoost,4MOVE,,8525.451171875,610.7757568359375,0.0716414600610733
energidrikke,XGBoost,AQUA D'OR,,1884.6650390625,205.5299530029297,0.109053835272789
energidrikke,XGBoost,AQUA D'OR,,540.25146484375,94.37196350097656,0.17468154430389404
energidrikke,XGBoost,AQUA D'OR,,880.1378784179688,100.71927642822266,0.11443579196929932
energidrikke,XGBoost,AQUA D'OR,,905.3953857421875,87.63035583496094,0.09678683429956436
energidrikke,XGBoost,AQUA D'OR,,1105.6005859375,133.2398223876953,0.12051352113485336
energidrikke,XGBoost,AQUA D'OR,,1554.9443359375,127.3530044555664,0.08190196752548218
energidrikke,XGBoost,AQUA D'OR,,1335.2994384765625,94.98102569580078,0.07113087922334671
energidrikke,XGBoost,BANG,,4.858152389526367,0.5445039868354797,0.11208046972751617
energidrikke,XGBoost,BANG,,4.060718536376953,0.39932259917259216,0.09833791851997375
energidrikke,XGBoost,BANG,,1.522754430770874,0.12338241189718246,0.08102580904960632
energidrikke,XGBoost,BANG,,0.022843802347779274,0.021746398881077766,0.951960563659668
energidrikke,XGBoost,BANG,,0.0029264502227306366,0.003648471087217331,1.2467224597930908
energidrikke,XGBoost,BOBLI VITAMINS,,4.858152389526367,0.5445039868354797,0.11208046972751617
energidrikke,XGBoost,BOBLI VITAMINS,,4.060718536376953,0.39932259917259216,0.09833791851997375
energidrikke,XGBoost,BOBLI VITAMINS,,1.522754430770874,0.12338241189718246,0.08102580904960632
energidrikke,XGBoost,BOBLI VITAMINS,,0.022843802347779274,0.021746398881077766,0.951960563659668
energidrikke,XGBoost,BOBLI VITAMINS,,0.0029264502227306366,0.003648471087217331,1.2467224597930908
energidrikke,XGBoost,BODYLAB,,0.4930709898471832,0.20936281979084015,0.424609899520874
energidrikke,XGBoost,BUTTERFLY,,27232.60546875,2356.26513671875,0.08652367442846298
energidrikke,XGBoost,BUTTERFLY,,56547.46875,5647.27880859375,0.09986793249845505
energidrikke,XGBoost,BUTTERFLY,,3042.65576171875,969.2554321289062,0.3185557425022125
energidrikke,XGBoost,BUTTERFLY,,168.94871520996094,43.984622955322266,0.2603430449962616
energidrikke,XGBoost,BUTTERFLY,,8.718323707580566,3.040658712387085,0.3487664461135864
energidrikke,XGBoost,BUTTERFLY,,1.468785285949707,1.5325766801834106,1.0434314012527466
energidrikke,XGBoost,BUTTERFLY,,1.989484429359436,1.036745548248291,0.5211126804351807
energidrikke,XGBoost,CLUTCH COGNITION,,1941.283203125,485.2034912109375,0.24993957579135895
energidrikke,XGBoost,CLUTCH COGNITION,,941.37255859375,456.9219665527344,0.4853784739971161
energidrikke,XGBoost,CLUTCH COGNITION,,391.785400390625,17.02425193786621,0.04345300421118736
energidrikke,XGBoost,CLUTCH COGNITION,,116.7641830444336,24.718490600585938,0.2116958349943161
energidrikke,XGBoost,CLUTCH COGNITION,,44.39677047729492,6.484111785888672,0.14604917168617249
energidrikke,XGBoost,CLUTCH COGNITION,,30.041522979736328,6.162054061889648,0.20511789619922638
energidrikke,XGBoost,CLUTCH COGNITION,,26.886524200439453,5.814550876617432,0.21626265347003937
energidrikke,XGBoost,CLUTCH INNOSODA,,471.14788818359375,98.1909408569336,0.20840789377689362
energidrikke,XGBoost,CLUTCH INNOSODA,,148.0880889892578,31.275550842285156,0.21119558811187744
energidrikke,XGBoost,CLUTCH INNOSODA,,156.30523681640625,64.9270248413086,0.4153861105442047
energidrikke,XGBoost,CLUTCH INNOSODA,,71.3260269165039,14.917298316955566,0.20914243161678314
energidrikke,XGBoost,CLUTCH INNOSODA,,39.049957275390625,13.440539360046387,0.3441883325576782
energidrikke,XGBoost,CLUTCH INNOSODA,,12.710601806640625,5.672095775604248,0.44624918699264526
energidrikke,XGBoost,CLUTCH INNOSODA,,8.884363174438477,2.3283886909484863,0.2620771527290344
energidrikke,XGBoost,COLLAB,,16267.5908203125,721.566162109375,0.044356055557727814
energidrikke,XGBoost,COLLAB,,15557.470703125,1148.39794921875,0.07381649315357208
energidrikke,XGBoost,COLLAB,,17644.90625,695.7741088867188,0.03943200781941414
energidrikke,XGBoost,COLLAB,,17565.1875,1174.9244384765625,0.06688937544822693
energidrikke,XGBoost,COLLAB,,17285.88671875,1167.9573974609375,0.06756711006164551
energidrikke,XGBoost,COLLAB,,20083.271484375,1068.676513671875,0.05321227386593819
energidrikke,XGBoost,COLLAB,,10871.3349609375,808.5916748046875,0.07437832653522491
energidrikke,XGBoost,CULT,,169144.09375,18351.080078125,0.10849376767873764
energidrikke,XGBoost,CULT,,90413.8828125,9490.0556640625,0.10496237128973007
energidrikke,XGBoost,CULT,,102316.0234375,10817.2060546875,0.10572347790002823
energidrikke,XGBoost,CULT,,74957.890625,6334.09326171875,0.08450201898813248
energidrikke,XGBoost,CULT,,75144.71875,6951.56640625,0.09250904619693756
energidrikke,XGBoost,CULT,,106192.125,8828.7822265625,0.08313971012830734
energidrikke,XGBoost,CULT,,74627.578125,4536.20556640625,0.06078457459807396
energidrikke,XGBoost,EASIS,,2.2077317237854004,1.3012465238571167,0.589404284954071
energidrikke,XGBoost,EASIS,,1.8907686471939087,1.3097707033157349,0.6927186250686646
energidrikke,XGBoost,EASIS,,0.4380591809749603,0.3235184848308563,0.7385268807411194
energidrikke,XGBoost,EASIS,,0.4339353144168854,0.2572070062160492,0.592731237411499
energidrikke,XGBoost,EASIS,,5.890168190002441,1.2892874479293823,0.218888059258461
energidrikke,XGBoost,ENERVIT,,23.0200138092041,9.088343620300293,0.3948018252849579
energidrikke,XGBoost,ENERVIT,,3.4833006858825684,1.2392498254776,0.3557688295841217
energidrikke,XGBoost,ENERVIT,,4.434659481048584,1.4553265571594238,0.3281709849834442
energidrikke,XGBoost,ENERVIT,,25.091663360595703,6.3971428871154785,0.25495094060897827
energidrikke,XGBoost,ENERVIT,,131.08749389648438,63.51279067993164,0.48450687527656555
energidrikke,XGBoost,ENERVIT,,101.6568832397461,14.723517417907715,0.14483542740345
energidrikke,XGBoost,ENERVIT,,32.05220031738281,6.811059474945068,0.2124989628791809
energidrikke,XGBoost,FAXE KONDI BOOSTER,,2308180.75,70149.8984375,0.030391857028007507
energidrikke,XGBoost,FAXE KONDI BOOSTER,,2065834.375,73695.484375,0.03567347303032875
energidrikke,XGBoost,FAXE KONDI BOOSTER,,2606435.5,49872.7578125,0.01913446933031082
energidrikke,XGBoost,FAXE KONDI BOOSTER,,2101209.5,42168.953125,0.02006889507174492
energidrikke,XGBoost,FAXE KONDI BOOSTER,,2217717.5,56204.4765625,0.025343388319015503
energidrikke,XGBoost,FAXE KONDI BOOSTER,,2801692.5,26287.0078125,0.009382545948028564
energidrikke,XGBoost,FAXE KONDI BOOSTER,,2218933.25,19880.03125,0.008959273807704449
energidrikke,XGBoost,FAXE KONDI PRO,,31321.35546875,6415.8193359375,0.20483849942684174
energidrikke,XGBoost,FAXE KONDI PRO,,52766.1171875,4905.7060546875,0.09297075867652893
energidrikke,XGBoost,FAXE KONDI PRO,,62441.0078125,3866.16943359375,0.061917152255773544
energidrikke,XGBoost,FAXE KONDI PRO,,52695.85546875,3100.587646484375,0.058839306235313416
energidrikke,XGBoost,FAXE KONDI PRO,,48825.44140625,1097.6126708984375,0.022480342537164688
energidrikke,XGBoost,FAXE KONDI PRO,,63784.76953125,3493.1240234375,0.05476423352956772
energidrikke,XGBoost,FAXE KONDI PRO,,68307.859375,4712.95556640625,0.06899580359458923
energidrikke,XGBoost,FIRE ENERGY,,386.7960205078125,106.50921630859375,0.2753627598285675
energidrikke,XGBoost,FIRE ENERGY,,8994.556640625,2276.23291015625,0.25306782126426697
energidrikke,XGBoost,FIRE ENERGY,,6365.52783203125,1306.462646484375,0.20524026453495026
energidrikke,XGBoost,FIRE ENERGY,,6167.3310546875,689.5822143554688,0.11181209981441498
energidrikke,XGBoost,FIRE ENERGY,,4577.8271484375,902.5322875976562,0.1971529871225357
energidrikke,XGBoost,FIRE ENERGY,,4792.3681640625,806.1527099609375,0.16821594536304474
energidrikke,XGBoost,FIRE ENERGY,,5322.06396484375,720.6980590820312,0.13541702926158905
energidrikke,XGBoost,GATORADE,,13059.6328125,2354.12255859375,0.18025948107242584
energidrikke,XGBoost,GATORADE,,5242.74609375,1358.6707763671875,0.25915250182151794
energidrikke,XGBoost,GATORADE,,4633.244140625,360.8774108886719,0.07788871228694916
energidrikke,XGBoost,GATORADE,,4384.14697265625,499.1749267578125,0.11385907977819443
energidrikke,XGBoost,GATORADE,,4249.4462890625,702.9089965820312,0.16541190445423126
energidrikke,XGBoost,GATORADE,,8214.900390625,446.4214782714844,0.05434289574623108
energidrikke,XGBoost,GATORADE,,5167.8408203125,486.0440368652344,0.09405166655778885
energidrikke,XGBoost,GLACEAU,,4.858152389526367,0.5445039868354797,0.11208046972751617
energidrikke,XGBoost,GLACEAU,,4.060718536376953,0.39932259917259216,0.09833791851997375
energidrikke,XGBoost,GLACEAU,,1.522754430770874,0.12338241189718246,0.08102580904960632
energidrikke,XGBoost,GLACEAU,,0.022843802347779274,0.021746398881077766,0.951960563659668
energidrikke,XGBoost,GLACEAU,,0.0029264502227306366,0.003648471087217331,1.2467224597930908
energidrikke,XGBoost,HEAVE,,2739.31005859375,270.7281188964844,0.09883076697587967
energidrikke,XGBoost,HEAVE,,298.0169677734375,58.107540130615234,0.19498063623905182
energidrikke,XGBoost,HEAVE,,333.8544006347656,79.73950958251953,0.23884516954421997
energidrikke,XGBoost,HEAVE,,674.9366455078125,47.85947036743164,0.07090957462787628
energidrikke,XGBoost,HEAVE,,446.23492431640625,76.85604095458984,0.1722322404384613
energidrikke,XGBoost,HEAVE,,841.5023193359375,89.00813293457031,0.10577289015054703
energidrikke,XGBoost,HEAVE,,298.66986083984375,76.72000122070312,0.2568722665309906
energidrikke,XGBoost,HERO,,0.8530961871147156,0.41101062297821045,0.48178696632385254
energidrikke,XGBoost,HERO,,0.3742043375968933,0.10439009219408035,0.27896547317504883
energidrikke,XGBoost,HERO,,1.0916953086853027,0.3239639401435852,0.29675307869911194
energidrikke,XGBoost,HERO,,0.13119477033615112,0.09191208332777023,0.7005773186683655
energidrikke,XGBoost,HERO,,0.3653499484062195,0.18833209574222565,0.515484094619751
energidrikke,XGBoost,HERO,,0.21427007019519806,0.27035027742385864,1.2617267370224
energidrikke,XGBoost,HERO,,0.3232707977294922,0.10804392397403717,0.33422109484672546
energidrikke,XGBoost,INZYM,,0.43177852034568787,0.619342029094696,1.4343974590301514
energidrikke,XGBoost,INZYM,,1.1693029403686523,0.8250985741615295,0.7056328654289246
energidrikke,XGBoost,INZYM,,0.6395043730735779,0.29245951771736145,0.4573221504688263
energidrikke,XGBoost,INZYM,,2.812162399291992,1.2152202129364014,0.4321301579475403
energidrikke,XGBoost,INZYM,,0.06296751648187637,0.2264280468225479,3.595950126647949
energidrikke,XGBoost,KICK IN,,2467.84228515625,242.6925506591797,0.09834200143814087
energidrikke,XGBoost,KICK IN,,1881.5452880859375,277.47930908203125,0.14747415482997894
energidrikke,XGBoost,KICK IN,,1776.6566162109375,69.28579711914062,0.03899785503745079
energidrikke,XGBoost,KICK IN,,2254.771728515625,392.8299255371094,0.17422159016132355
energidrikke,XGBoost,KICK IN,,1681.7828369140625,255.9718017578125,0.15220265090465546
energidrikke,XGBoost,KICK IN,,2552.575439453125,56.774375915527344,0.022241996601223946
energidrikke,XGBoost,KICK IN,,2706.29638671875,455.0914306640625,0.16816022992134094
energidrikke,XGBoost,LINUSPRO,,572.7770385742188,95.80853271484375,0.16727019846439362
energidrikke,XGBoost,LINUSPRO,,103.52726745605469,14.077788352966309,0.1359814554452896
energidrikke,XGBoost,LINUSPRO,,31.926538467407227,19.049068450927734,0.5966531038284302
energidrikke,XGBoost,LINUSPRO,,0.325050413608551,0.30749642848968506,0.945996105670929
energidrikke,XGBoost,LINUSPRO,,0.575694739818573,0.36709925532341003,0.6376630067825317
energidrikke,XGBoost,LINUSPRO,,0.057349979877471924,0.08561503142118454,1.492851972579956
energidrikke,XGBoost,LINUSPRO,,0.5591853260993958,0.22321003675460815,0.39917004108428955
energidrikke,XGBoost,LOHILO,,1986.463623046875,563.7130737304688,0.2837772071361542
energidrikke,XGBoost,LOHILO,,522.6348876953125,147.7576141357422,0.2827167212963104
energidrikke,XGBoost,LOHILO,,127.93400573730469,22.41815185546875,0.1752321571111679
energidrikke,XGBoost,LOHILO,,16.536569595336914,4.695807456970215,0.28396502137184143
energidrikke,XGBoost,LOHILO,,3.1766161918640137,0.8107122182846069,0.2552125155925751
energidrikke,XGBoost,LOHILO,,2.39772367477417,0.7799522280693054,0.3252886235713959
energidrikke,XGBoost,LOHILO,,1.2356339693069458,0.4937646985054016,0.39960435032844543
energidrikke,XGBoost,MANA ENERGY,,12.492250442504883,3.5304834842681885,0.2826139032840729
energidrikke,XGBoost,MANA ENERGY,,22.87135887145996,7.503127574920654,0.32805779576301575
energidrikke,XGBoost,MANA ENERGY,,8.477702140808105,1.5904481410980225,0.1876036822795868
energidrikke,XGBoost,MANA ENERGY,,1.0553462505340576,0.5114474296569824,0.4846252501010895
energidrikke,XGBoost,MANA ENERGY,,2.3643014430999756,1.7160699367523193,0.7258253693580627
energidrikke,XGBoost,MANA ENERGY,,1.2189931869506836,0.42298999428749084,0.34699946641921997
energidrikke,XGBoost,MANA ENERGY,,6.150885105133057,1.459044337272644,0.23720884323120117
energidrikke,XGBoost,MATCHA ENERGY,,4651.85791015625,529.205078125,0.11376208811998367
energidrikke,XGBoost,MATCHA ENERGY,,12.947807312011719,5.7450432777404785,0.44370782375335693
energidrikke,XGBoost,MATCHA ENERGY,,2.1330971717834473,1.2431021928787231,0.5827686786651611
energidrikke,XGBoost,MATCHA ENERGY,,1.9350202083587646,0.7726568579673767,0.3993017077445984
energidrikke,XGBoost,MATCHA ENERGY,,0.309702068567276,0.37050607800483704,1.1963306665420532
energidrikke,XGBoost,MATCHA ENERGY,,0.9894124269485474,0.4187849462032318,0.42326632142066956
energidrikke,XGBoost,MONSTER ENERGY,,2250537.25,51243.59765625,0.022769495844841003
energidrikke,XGBoost,MONSTER ENERGY,,2467729.25,144198.109375,0.058433521538972855
energidrikke,XGBoost,MONSTER ENERGY,,2877189.5,127484.1015625,0.04430855065584183
energidrikke,XGBoost,MONSTER ENERGY,,2511889.5,139019.84375,0.055344730615615845
energidrikke,XGBoost,MONSTER ENERGY,,2347174.0,64095.6015625,0.02730756253004074
energidrikke,XGBoost,MONSTER ENERGY,,2714258.25,66674.6171875,0.024564580991864204
energidrikke,XGBoost,MONSTER ENERGY,,2276002.25,43584.27734375,0.01914948783814907
energidrikke,XGBoost,MORTAL KOMBAT,,0.9811169505119324,0.5610426664352417,0.571840763092041
energidrikke,XGBoost,MORTAL KOMBAT,,0.25420767068862915,0.16458429396152496,0.6474403142929077
energidrikke,XGBoost,MORTAL KOMBAT,,0.7601677775382996,0.1500040739774704,0.19733022153377533
energidrikke,XGBoost,MORTAL KOMBAT,,0.008085773326456547,0.16621211171150208,20.55611801147461
energidrikke,XGBoost,MORTAL KOMBAT,,0.2051100730895996,0.1602891981601715,0.7814789414405823
energidrikke,XGBoost,MORTAL KOMBAT,,0.03082277439534664,0.23993687331676483,7.784402370452881
energidrikke,XGBoost,MORTAL KOMBAT,,0.14597715437412262,0.11889593303203583,0.8144831657409668
energidrikke,XGBoost,MUST ESSENTIALS,,126.2439193725586,46.42483901977539,0.367739200592041
energidrikke,XGBoost,MUST ESSENTIALS,,51.9329719543457,18.49935531616211,0.3562159836292267
energidrikke,XGBoost,MUST ESSENTIALS,,1.4201185703277588,0.28066739439964294,0.19763658940792084
energidrikke,XGBoost,MUST ESSENTIALS,,1.2376476526260376,0.510121762752533,0.4121704399585724
energidrikke,XGBoost,MUST ESSENTIALS,,0.13531368970870972,0.13762237131595612,1.017061710357666
energidrikke,XGBoost,MUST ESSENTIALS,,0.18542924523353577,0.1484515368938446,0.8005831837654114
energidrikke,XGBoost,MUST ESSENTIALS,,1.0066062211990356,0.36694350838661194,0.36453530192375183
energidrikke,XGBoost,NAILED,,29075.427734375,2816.646240234375,0.09687376767396927
energidrikke,XGBoost,NAILED,,52864.73046875,4851.12451171875,0.09176485985517502
energidrikke,XGBoost,NAILED,,79501.6328125,4794.32958984375,0.06030479446053505
energidrikke,XGBoost,NAILED,,62723.76171875,5152.298828125,0.08214269578456879
energidrikke,XGBoost,NAILED,,78912.890625,6590.9775390625,0.08352219313383102
energidrikke,XGBoost,NAILED,,127951.4140625,9298.8115234375,0.07267455011606216
energidrikke,XGBoost,NAILED,,95597.9921875,5210.1611328125,0.05450073629617691
energidrikke,XGBoost,NOCCO,,44334.875,2612.501708984375,0.05892655998468399
energidrikke,XGBoost,NOCCO,,48640.7890625,5145.65234375,0.10578883439302444
energidrikke,XGBoost,NOCCO,,86720.796875,5950.08349609375,0.06861195713281631
energidrikke,XGBoost,NOCCO,,85993.1796875,9303.689453125,0.10819101333618164
energidrikke,XGBoost,NOCCO,,61602.2421875,3906.935302734375,0.06342196464538574
energidrikke,XGBoost,NOCCO,,70773.953125,2145.031982421875,0.030308211222290993
energidrikke,XGBoost,NOCCO,,80200.453125,4497.35400390625,0.05607641488313675
energidrikke,XGBoost,NUTRAMINO,,2889.60888671875,220.59510803222656,0.07634081691503525
energidrikke,XGBoost,NUTRAMINO,,862.0538940429688,320.6259460449219,0.37193259596824646
energidrikke,XGBoost,NUTRAMINO,,220.6033477783203,64.42378997802734,0.2920345067977905
energidrikke,XGBoost,NUTRAMINO,,126.37957763671875,21.968265533447266,0.1738276481628418
energidrikke,XGBoost,NUTRAMINO,,82.37590789794922,5.5176682472229,0.06698157638311386
energidrikke,XGBoost,NUTRAMINO,,124.4058609008789,18.083873748779297,0.14536191523075104
energidrikke,XGBoost,NUTRAMINO,,70.16536712646484,13.112942695617676,0.1868862509727478
energidrikke,XGBoost,OTHER BRAND,,4.480838775634766,1.3738915920257568,0.30661481618881226
energidrikke,XGBoost,OTHER BRAND,,3.249051570892334,1.438942313194275,0.4428807199001312
energidrikke,XGBoost,OTHER BRAND,,20.371007919311523,10.155228614807129,0.498513787984848
energidrikke,XGBoost,OTHER BRAND,,0.2519853115081787,0.37230953574180603,1.4775049686431885
energidrikke,XGBoost,OTHER BRAND,,0.022843802347779274,0.021746398881077766,0.951960563659668
energidrikke,XGBoost,OTHER BRAND,,0.0029264502227306366,0.003648471087217331,1.2467224597930908
energidrikke,XGBoost,POWERADE,,92072.40625,7198.2744140625,0.07818058133125305
energidrikke,XGBoost,POWERADE,,82761.2734375,5208.203125,0.06293043494224548
energidrikke,XGBoost,POWERADE,,163434.421875,16431.15234375,0.10053666681051254
energidrikke,XGBoost,POWERADE,,101536.4765625,3996.249267578125,0.03935777023434639
energidrikke,XGBoost,POWERADE,,126725.8515625,6760.63525390625,0.05334850773215294
energidrikke,XGBoost,POWERADE,,155122.15625,8885.4990234375,0.057280655950307846
energidrikke,XGBoost,POWERADE,,105880.203125,35673.4765625,0.3369230031967163
energidrikke,XGBoost,POWERKING,,28330.275390625,2633.4638671875,0.0929558128118515
energidrikke,XGBoost,POWERKING,,54284.9296875,5843.54638671875,0.10764583200216293
energidrikke,XGBoost,POWERKING,,67747.359375,4715.91064453125,0.06961025297641754
energidrikke,XGBoost,POWERKING,,52368.2421875,4081.21728515625,0.07793305814266205
energidrikke,XGBoost,POWERKING,,58593.375,2385.779541015625,0.04071756452322006
energidrikke,XGBoost,POWERKING,,66461.5234375,5424.32763671875,0.08161605894565582
energidrikke,XGBoost,POWERKING,,62595.55078125,4931.4365234375,0.07878254354000092
energidrikke,XGBoost,PRIME,,499.49395751953125,155.02096557617188,0.3103560507297516
energidrikke,XGBoost,PRIME,,22.710947036743164,5.199527263641357,0.22894366085529327
energidrikke,XGBoost,PRIME,,19.431636810302734,4.739192962646484,0.24389056861400604
energidrikke,XGBoost,PRIME,,13.848795890808105,3.228084087371826,0.2330949306488037
energidrikke,XGBoost,PRIME,,6.372272491455078,1.6045337915420532,0.2517993152141571
energidrikke,XGBoost,PRIME,,4.8059492111206055,0.22233545780181885,0.04626254737377167
energidrikke,XGBoost,PRIME,,0.9596141576766968,0.3510132133960724,0.36578577756881714
energidrikke,XGBoost,PRO:VOLU,,97.9662857055664,40.200653076171875,0.4103519022464752
energidrikke,XGBoost,PRO:VOLU,,36.678619384765625,9.012250900268555,0.24570856988430023
energidrikke,XGBoost,PRO:VOLU,,23.834171295166016,1.7866872549057007,0.07496326416730881
energidrikke,XGBoost,PRO:VOLU,,22.22683334350586,5.557432651519775,0.25003257393836975
energidrikke,XGBoost,PRO:VOLU,,59.12858963012695,13.810552597045898,0.23356810212135315
energidrikke,XGBoost,PRO:VOLU,,5.123927116394043,1.1737245321273804,0.2290673702955246
energidrikke,XGBoost,PRO:VOLU,,1.253610372543335,0.3332211971282959,0.26580920815467834
energidrikke,XGBoost,RED BULL,,2270350.0,74353.2734375,0.03274969756603241
energidrikke,XGBoost,RED BULL,,1851744.0,203391.375,0.10983774065971375
energidrikke,XGBoost,RED BULL,,2778704.75,20090.189453125,0.007230055518448353
energidrikke,XGBoost,RED BULL,,2522212.5,247180.984375,0.09800165146589279
energidrikke,XGBoost,RED BULL,,2351681.5,154218.25,0.06557786464691162
energidrikke,XGBoost,RED BULL,,2888465.0,258979.75,0.08965998888015747
energidrikke,XGBoost,RED BULL,,2330891.5,39720.4765625,0.01704089529812336
energidrikke,XGBoost,ROCKSTAR,,129.5655975341797,46.44929504394531,0.358500212430954
energidrikke,XGBoost,ROCKSTAR,,34.307777404785156,17.85990333557129,0.5205788612365723
energidrikke,XGBoost,ROCKSTAR,,8.639383316040039,3.9062373638153076,0.4521430730819702
energidrikke,XGBoost,ROCKSTAR,,2.847877025604248,2.214693784713745,0.777664840221405
energidrikke,XGBoost,ROCKSTAR,,1.8243377208709717,0.8567345142364502,0.4696139991283417
energidrikke,XGBoost,ROCKSTAR,,0.23469510674476624,0.25673922896385193,1.0939266681671143
energidrikke,XGBoost,ROCKSTAR,,0.09486597776412964,0.2747941315174103,2.8966562747955322
energidrikke,XGBoost,RUBICON,,0.5261533856391907,0.37247785925865173,0.7079263925552368
energidrikke,XGBoost,RUBICON,,0.4679338037967682,0.2006089985370636,0.4287123382091522
energidrikke,XGBoost,RUBICON,,0.9308183789253235,0.24733373522758484,0.26571643352508545
energidrikke,XGBoost,RUBICON,,0.04782673344016075,0.1546814739704132,3.2342052459716797
energidrikke,XGBoost,RUBICON,,0.44783544540405273,0.23040302097797394,0.5144814252853394
energidrikke,XGBoost,RUBICON,,2.4447286128997803,0.9027204513549805,0.3692518174648285
energidrikke,XGBoost,SMAG,,12632.11328125,2379.911865234375,0.1884017139673233
energidrikke,XGBoost,SMAG,,12591.826171875,728.9249877929688,0.05788874253630638
energidrikke,XGBoost,SMAG,,10703.021484375,1237.25048828125,0.11559824645519257
energidrikke,XGBoost,SMAG,,10866.2783203125,1919.1466064453125,0.1766148954629898
energidrikke,XGBoost,SMAG,,9170.990234375,1208.6668701171875,0.13179241120815277
energidrikke,XGBoost,SMAG,,9800.7197265625,812.86181640625,0.08293899148702621
energidrikke,XGBoost,SMAG,,6946.38916015625,598.739013671875,0.08619427680969238
energidrikke,XGBoost,STATE,,292586.6875,11597.77734375,0.03963877260684967
energidrikke,XGBoost,STATE,,276309.4375,26208.818359375,0.09485314041376114
energidrikke,XGBoost,STATE,,328342.53125,46406.4453125,0.14133547246456146
energidrikke,XGBoost,STATE,,262197.84375,33765.78125,0.12877978384494781
energidrikke,XGBoost,STATE,,259243.375,14123.84765625,0.054481036961078644
energidrikke,XGBoost,STATE,,365824.15625,22221.5859375,0.060743898153305054
energidrikke,XGBoost,STATE,,298020.5625,48412.30859375,0.16244620084762573
energidrikke,XGBoost,STATE VITAMIN,,17481.96875,849.114990234375,0.0485709011554718
energidrikke,XGBoost,STATE VITAMIN,,19239.01953125,650.2368774414062,0.033797819167375565
energidrikke,XGBoost,STATE VITAMIN,,32116.73046875,4284.3671875,0.1333998590707779
energidrikke,XGBoost,STATE VITAMIN,,27531.96875,868.3709716796875,0.031540460884571075
energidrikke,XGBoost,STATE VITAMIN,,20415.92578125,1349.58544921875,0.06610454618930817
energidrikke,XGBoost,STATE VITAMIN,,31355.80078125,3337.91162109375,0.10645276308059692
energidrikke,XGBoost,STATE VITAMIN,,29739.31640625,3780.557861328125,0.12712322175502777
energidrikke,XGBoost,VITAMIN WELL,,172527.65625,97385.75,0.5644645690917969
energidrikke,XGBoost,VITAMIN WELL,,145418.09375,7950.3984375,0.054672691971063614
energidrikke,XGBoost,VITAMIN WELL,,230216.171875,33374.94140625,0.14497219026088715
energidrikke,XGBoost,VITAMIN WELL,,211821.25,19968.611328125,0.09427104890346527
energidrikke,XGBoost,VITAMIN WELL,,243491.65625,9917.6025390625,0.04073077067732811
energidrikke,XGBoost,VITAMIN WELL,,122753.765625,28030.638671875,0.228348508477211
energidrikke,XGBoost,VITAMIN WELL,,88637.296875,35074.08203125,0.39570343494415283
energidrikke,XGBoost,X-RAY,,1.7108099460601807,1.245711326599121,0.7281412482261658
energidrikke,XGBoost,X-RAY,,0.4881475865840912,0.24448566138744354,0.5008437633514404
energidrikke,XGBoost,X-RAY,,0.8462432622909546,0.18796153366565704,0.22211287915706635
energidrikke,XGBoost,X-RAY,,0.33115333318710327,0.08199460804462433,0.2476031482219696
energidrikke,XGBoost,X-RAY,,0.9284704327583313,0.6867769956588745,0.7396864295005798
energidrikke,XGBoost,X-RAY,,0.09399623423814774,0.25931766629219055,2.7588090896606445
energidrikke,XGBoost,X-RAY,,0.48039454221725464,0.24880117177963257,0.5179100632667542
RTD,LightGBM,AERIS,,11.742818593272002,0.5928388453909033,0.050485225559949276
RTD,LightGBM,AERIS,,21.04804858355603,0.7887920016043384,0.0374757782638619
RTD,LightGBM,AERIS,,19.378479413221537,3.4524731494450127,0.1781601680826134
RTD,LightGBM,AERIS,,8.877716071455788,1.1255930609071922,0.12678858524505784
RTD,LightGBM,AERIS,,14.936410702649145,1.4858487255556718,0.09947829871149294
RTD,LightGBM,AERIS,,12.322083432586275,2.4116309299948604,0.19571616627892646
RTD,LightGBM,ANDERSEN WINERY,,9.155533070223333,1.788771897403505,0.19537605114672707
RTD,LightGBM,ANDERSEN WINERY,,6.293999607272868,0.9004262834682675,0.14306106445062425
RTD,LightGBM,ANDERSEN WINERY,,4.149604718710383,0.3015019836769181,0.07265800096993795
RTD,LightGBM,ANDERSEN WINERY,,6.820333710964469,1.0862878321647984,0.15927194741489936
RTD,LightGBM,ANDERSEN WINERY,,7.512886714291663,0.6180821685051269,0.08226959782707191
RTD,LightGBM,ANDERSEN WINERY,,11.06695833058976,2.9871839773589763,0.2699191492482821
RTD,LightGBM,ANGIOLETTI,,4.173036947876309,0.6810706929432231,0.1632074437514447
RTD,LightGBM,ANGIOLETTI,,4.053575302447729,0.7543004730614007,0.1860827582519364
RTD,LightGBM,ANGIOLETTI,,0.8686441063846215,0.25303186154654966,0.2912952032791566
RTD,LightGBM,ANGIOLETTI,,2.2594136040425785,0.41636343024893535,0.18427942077713055
RTD,LightGBM,ANGIOLETTI,,2.0382312317364817,0.22049777998521095,0.1081809446111552
RTD,LightGBM,ANGIOLETTI,,17.42121229855069,5.061834466205553,0.29055581089650456
RTD,LightGBM,APEROL,,445.87636007391745,37.698327891764684,0.08454883745241629
RTD,LightGBM,APEROL,,597.7708425885625,93.04181020714458,0.15564795667222597
RTD,LightGBM,APEROL,,676.796233488367,90.96510851479813,0.13440545915266486
RTD,LightGBM,APEROL,,4309.188500581624,698.838051465588,0.1621739339950582
RTD,LightGBM,APEROL,,9449.041546411241,742.7175664100533,0.0786024236174661
RTD,LightGBM,APEROL,,5496.002810051293,357.1998786129678,0.06499266666307148
RTD,LightGBM,ART OF THE REFILL,,3223.8487836143954,350.78580350080983,0.1088096331576473
RTD,LightGBM,ART OF THE REFILL,,2181.368018270401,298.0012993793927,0.13661211537137916
RTD,LightGBM,ART OF THE REFILL,,1047.6644569790747,333.27327060027153,0.31811069696996325
RTD,LightGBM,ART OF THE REFILL,,3231.5403914682825,494.7035443827211,0.15308598515086103
RTD,LightGBM,ART OF THE REFILL,,5688.131481122345,461.77651488405564,0.08118246148433632
RTD,LightGBM,ART OF THE REFILL,,4898.149110433327,283.23712840125654,0.05782533810535614
RTD,LightGBM,BACARDI,,20.93740677073842,2.2866192312492775,0.10921215106949145
RTD,LightGBM,BACARDI,,14.783236110649415,1.696713239011855,0.11477278900995105
RTD,LightGBM,BACARDI,,6.3288865006704444,1.720713605131243,0.27188251913649597
RTD,LightGBM,BACARDI,,343.8227992205416,165.3510345340323,0.4809193424894711
RTD,LightGBM,BACARDI,,20.369060923712176,4.6968065555896725,0.23058532610710553
RTD,LightGBM,BACARDI,,7.789737558993993,1.9456887496155133,0.24977590514189155
RTD,LightGBM,BOLD,,4710.047237222576,252.6202505317753,0.053634334818421184
RTD,LightGBM,BOLD,,9300.907955282915,513.3107014187121,0.0551893109669096
RTD,LightGBM,BOLD,,5449.452906645618,1175.9861342388385,0.215798935119656
RTD,LightGBM,BOLD,,5241.280356679483,612.8947387407766,0.11693607230143759
RTD,LightGBM,BOLD,,5076.958287003448,528.1875188070438,0.10403621399828238
RTD,LightGBM,BOLD,,5038.962764131268,305.0178968249568,0.06053188148087908
RTD,LightGBM,BOMBAY,,4.427319969741979,0.6246380577586108,0.14108717283314273
RTD,LightGBM,BOMBAY,,6.711028672320135,0.8287266089821399,0.12348726990248914
RTD,LightGBM,BOMBAY,,4.342565238495433,0.6755472132204362,0.15556409083551104
RTD,LightGBM,BOMBAY,,0.01250375364051167,0.06895131006780993,5.514448864732139
RTD,LightGBM,BOTTEGA,,74.85293223558114,11.767243633549766,0.15720484531608286
RTD,LightGBM,BOTTEGA,,102.73228107117716,8.8291740347348,0.08594352177011999
RTD,LightGBM,BOTTEGA,,85.12096294875948,4.7888512775527845,0.05625936445803067
RTD,LightGBM,BOTTEGA,,793.1111601736686,46.968717831667554,0.05922085098560806
RTD,LightGBM,BOTTEGA,,947.4745387379389,63.649469672267145,0.06717802650090199
RTD,LightGBM,BOTTEGA,,372.9562347529984,28.594803577716604,0.0766706677974009
RTD,LightGBM,BREEZER,,571135.9305392468,89554.95194396893,0.15680146731341915
RTD,LightGBM,BREEZER,,507480.978700803,15159.395973231683,0.029871850590422327
RTD,LightGBM,BREEZER,,486712.2732148066,6106.424688360511,0.01254627225244737
RTD,LightGBM,BREEZER,,763303.4335140273,27963.444930726015,0.036634768956809796
RTD,LightGBM,BREEZER,,1017713.1921596683,26337.234756214366,0.025878837927141986
RTD,LightGBM,BREEZER,,864943.5233445863,12572.920322436235,0.014536117079435357
RTD,LightGBM,BRYGHUSET BRAUNSTEIN,,2.9966785977512655,1.6132659150858333,0.5383513321370008
RTD,LightGBM,BRYGHUSET BRAUNSTEIN,,1.296150057766709,0.3383263863107309,0.26102408766904167
RTD,LightGBM,BRYGHUSET BRAUNSTEIN,,1.7383634062137499,0.48512583802971043,0.2790704384915355
RTD,LightGBM,BRYGHUSET BRAUNSTEIN,,0.6942897899059038,0.07479045583851447,0.10772224642486924
RTD,LightGBM,BRYGHUSET BRAUNSTEIN,,0.2783920330571598,0.11962194456418389,0.42968882137378894
RTD,LightGBM,BRYGHUSET BRAUNSTEIN,,1.870259855533039,0.6879662559891542,0.3678452777317825
RTD,LightGBM,BULMERS,,108.17342221089999,7.755320875292572,0.07169340413555961
RTD,LightGBM,BULMERS,,109.98075193801535,6.49997371667453,0.059101011787388816
RTD,LightGBM,BULMERS,,88.9165013798188,7.406365215421995,0.08329573364323804
RTD,LightGBM,BULMERS,,112.7192730657215,3.335492044863572,0.029591142261171235
RTD,LightGBM,BULMERS,,142.40042870596602,19.91432755238854,0.1398473848243001
RTD,LightGBM,BULMERS,,98.19684308158499,6.985902914704027,0.07114182793941676
RTD,LightGBM,BUZZBALLZ,,3745.745767309335,583.917107124867,0.15588807767493243
RTD,LightGBM,BUZZBALLZ,,2433.9781243498574,630.5881986095193,0.25907718409669617
RTD,LightGBM,BUZZBALLZ,,4043.8457674546894,781.5332946297359,0.19326486210715574
RTD,LightGBM,BUZZBALLZ,,4029.1139408849535,772.2681732914972,0.19167196178172027
RTD,LightGBM,BUZZBALLZ,,10788.659201949684,1621.9910648770074,0.15034222830802624
RTD,LightGBM,BUZZBALLZ,,11579.337647605736,792.0074137232622,0.06839833484664175
RTD,LightGBM,CHANDON,,117.70367502759623,5.811813566234917,0.04937665340417202
RTD,LightGBM,CHANDON,,94.83710841802517,9.19818783131231,0.09698933239052722
RTD,LightGBM,CHANDON,,154.39852261958268,16.300029861914503,0.10557115175302291
RTD,LightGBM,CHANDON,,191.08364129708377,16.59996032943038,0.08687274440003945
RTD,LightGBM,CHANDON,,850.5454898685896,39.300199696975604,0.04620587630539025
RTD,LightGBM,CHANDON,,372.17178207869966,27.063546784396795,0.07271789019908532
RTD,LightGBM,CLASSIC COCKTAILS,,173.01759375442725,28.69704115091034,0.16586198275096534
RTD,LightGBM,CLASSIC COCKTAILS,,212.26096701974558,46.309412156388255,0.21817205870017695
RTD,LightGBM,CLASSIC COCKTAILS,,165.2761294885583,11.236646154135212,0.06798710853712907
RTD,LightGBM,CLASSIC COCKTAILS,,223.40909890031602,27.459385938300922,0.12291077701608365
RTD,LightGBM,CLASSIC COCKTAILS,,569.7104481377465,15.889659310216976,0.02789076339069548
RTD,LightGBM,CLASSIC COCKTAILS,,7334.658215728034,112.56982660374625,0.01534765810387153
RTD,LightGBM,COCKY CRANE,,1.127317495700923,0.1883091738353252,0.16704182677324786
RTD,LightGBM,COCKY CRANE,,1.0908375231898535,0.4315404634831844,0.3956047113425869
RTD,LightGBM,COCKY CRANE,,1.9867267370889714,0.26626449371800937,0.13402169948553186
RTD,LightGBM,COCKY CRANE,,0.3994723831895921,0.1391539541082306,0.34834436612902786
RTD,LightGBM,COCKY CRANE,,0.3901524309443052,0.1781899318545361,0.4567187532915128
RTD,LightGBM,COCKY CRANE,,0.6152871275741673,0.17750909393442746,0.2884979808277077
RTD,LightGBM,COPPA,,18.96743852018697,3.3217148080481977,0.17512722155460841
RTD,LightGBM,COPPA,,33.07505016551955,6.752006148924482,0.20414197756722952
RTD,LightGBM,COPPA,,38.843296730824896,4.118069073179696,0.10601749644776463
RTD,LightGBM,COPPA,,64.92906742720234,3.5199436768100676,0.05421213974398423
RTD,LightGBM,COPPA,,47.2413305860436,4.888814678514107,0.10348596489275004
RTD,LightGBM,COPPA,,23.870492512399853,2.305725976717272,0.09659314635085688
RTD,LightGBM,CULT MODJO,,5.476850618653373,1.2163664066008057,0.22209231021529693
RTD,LightGBM,CULT MODJO,,0.8669442914411702,0.555466991335811,0.6407182062557064
RTD,LightGBM,CULT MODJO,,1.108808216808346,0.028953289459436638,0.026112080538848607
RTD,LightGBM,CULT MODJO,,10.734884700838997,3.4185684222714685,0.31845413505040127
RTD,LightGBM,CULT MODJO,,33.123483731380546,7.677746271476828,0.23179162958040792
RTD,LightGBM,CULT MODJO,,23.66519297210821,6.999820835587785,0.29578549576324065
RTD,LightGBM,FEJØ,,14.279605585114798,1.954992974016835,0.1369080513018328
RTD,LightGBM,FEJØ,,7.065163726859401,0.6462901875377811,0.09147561366211528
RTD,LightGBM,FEJØ,,7.89543324315517,1.534155171040848,0.19430918149689397
RTD,LightGBM,FEJØ,,7.497007431753493,0.4613452124162158,0.061537248911104604
RTD,LightGBM,FEJØ,,7.891466171259611,1.005206787730796,0.12737896430345438
RTD,LightGBM,FEJØ,,6.553349051921309,1.1932026307938908,0.18207524448038792
RTD,LightGBM,FUNKIN,,1819.4380146611627,347.1359565447114,0.190792955708007
RTD,LightGBM,FUNKIN,,396.50625567096324,112.73892360066615,0.2843307564212087
RTD,LightGBM,FUNKIN,,2515.9376353460034,467.51681726337034,0.18582210095166976
RTD,LightGBM,FUNKIN,,1316.5138643579046,298.7282165390304,0.22690852305207385
RTD,LightGBM,FUNKIN,,1245.7489789137098,116.70862796423532,0.0936855096329318
RTD,LightGBM,FUNKIN,,2452.950417157786,167.10443416584587,0.06812385321651485
RTD,LightGBM,G&T,,0.1505306518855627,0.07219241449016024,0.47958614133314714
RTD,LightGBM,G&T,,0.17275241769632582,0.08900788856818934,0.5152338228032938
RTD,LightGBM,G&T,,0.033222117129373466,0.016432830346003298,0.49463525403906744
RTD,LightGBM,GALIPETTE,,18.08669576430673,2.6323001404941206,0.14553792327777443
RTD,LightGBM,GALIPETTE,,5.935245552120785,1.3651859851114612,0.23001339592826994
RTD,LightGBM,GALIPETTE,,12.184478978236342,3.1726273254052035,0.2603826828436475
RTD,LightGBM,GALIPETTE,,15.270709862653558,3.072865834458573,0.2012261291122853
RTD,LightGBM,GALIPETTE,,9.615440258542368,1.124021078638613,0.11689751570553739
RTD,LightGBM,GALIPETTE,,7.775416367611314,0.7915994415815105,0.10180798096921694
RTD,LightGBM,HAPPY JOE,,281.5205269335903,15.736134562014279,0.05589693488221687
RTD,LightGBM,HAPPY JOE,,65.41436849371642,10.80508394797434,0.16517906075959835
RTD,LightGBM,HAPPY JOE,,65.55579120993181,8.677297375899945,0.1323650773752742
RTD,LightGBM,HAPPY JOE,,33.17564344613062,4.989651444867903,0.15040104506096208
RTD,LightGBM,HAPPY JOE,,33.17611654921235,4.506019941565577,0.1358211994125803
RTD,LightGBM,HAPPY JOE,,23.474290482600527,2.6324186389073336,0.11214049859604998
RTD,LightGBM,IMPRESS,,2.791435621189037,0.7716462021621228,0.2764334582194065
RTD,LightGBM,IMPRESS,,1.8857058668748619,0.25201030930745394,0.13364242734478257
RTD,LightGBM,IMPRESS,,1.8082523848921632,0.3963938936702424,0.21921380941183258
RTD,LightGBM,IMPRESS,,12.041527024113764,2.5636601195378357,0.21290157921034245
RTD,LightGBM,IMPRESS,,5.271142068956194,0.9272503232697139,0.17591070609359055
RTD,LightGBM,IMPRESS,,8.825098732622351,1.1190674856887564,0.12680509528489195
RTD,LightGBM,LA CHOUETTE,,7.114136953489153,0.994028882458519,0.1397258569742594
RTD,LightGBM,LA CHOUETTE,,17.01384237647268,2.1997977394136567,0.12929458794420312
RTD,LightGBM,LA CHOUETTE,,2.9052176205258395,0.3348862540679074,0.1152706260976393
RTD,LightGBM,LA CHOUETTE,,5.761471949776352,0.5837088260168268,0.10131244777464987
RTD,LightGBM,LA CHOUETTE,,3.705921013360237,0.36960083944946975,0.09973251942419163
RTD,LightGBM,LA CHOUETTE,,2.4214972558404364,0.150467810101897,0.062138335998102825
RTD,LightGBM,LE COQ,,5.476850618653373,1.2163664066008057,0.22209231021529693
RTD,LightGBM,LE COQ,,0.8669442914411702,0.555466991335811,0.6407182062557064
RTD,LightGBM,LE COQ,,1.108808216808346,0.028953289459436638,0.026112080538848607
RTD,LightGBM,LE COQ,,0.0231777290065874,0.013212244128892806,0.5700404955609638
RTD,LightGBM,LIME DAIQUIRI,,0.23636754320901612,0.10182119878595168,0.43077487460244396
RTD,LightGBM,LIME DAIQUIRI,,0.2328867981851567,0.11869366811977211,0.509662501458776
RTD,LightGBM,LIME DAIQUIRI,,0.02836821169398508,0.031659742802624354,1.1160288545554382
RTD,LightGBM,MAGNERS,,2468.204438490479,378.2597176419518,0.15325299304351403
RTD,LightGBM,MAGNERS,,3075.36742853529,526.880242656717,0.1713226971736691
RTD,LightGBM,MAGNERS,,8418.245944419788,462.1453167622502,0.05489805356287945
RTD,LightGBM,MAGNERS,,10721.057305206803,636.3108538395043,0.059351501976439645
RTD,LightGBM,MAGNERS,,12481.29219952168,362.98653062484226,0.02908244794066699
RTD,LightGBM,MAGNERS,,10555.11455821188,122.05819891305642,0.011563891442380899
RTD,LightGBM,MALFY,,0.9840569134995223,0.3110681753040408,0.3161079110737753
RTD,LightGBM,MALFY,,11.399931171039762,2.7042265385768904,0.23721428647277035
RTD,LightGBM,MALFY,,319.7711508263817,102.32934350492313,0.32000805338591154
RTD,LightGBM,MALFY,,14.80454516888606,8.418708699494086,0.5686570308952987
RTD,LightGBM,MALFY,,6.42942225914423,3.1657636642680993,0.4923869574386096
RTD,LightGBM,MALFY,,6.0085683668227645,1.6474962255432049,0.27419114254239146
RTD,LightGBM,MIKROPOLIS COCKTAILS,,3909.1995299985088,495.8175792083115,0.12683353085548454
RTD,LightGBM,MIKROPOLIS COCKTAILS,,2193.430647715985,292.5672753450591,0.13338341727362515
RTD,LightGBM,MIKROPOLIS COCKTAILS,,3601.6429094578025,430.49331607913484,0.11952692893253597
RTD,LightGBM,MIKROPOLIS COCKTAILS,,6793.693883044293,734.2474018727333,0.10807778721164765
RTD,LightGBM,MIKROPOLIS COCKTAILS,,8325.88908292617,751.1300493146496,0.09021619695306601
RTD,LightGBM,MIKROPOLIS COCKTAILS,,7013.793542959493,456.8723773556912,0.06513912543295541
RTD,LightGBM,MOJITO,,0.19782459413131245,0.0708313270893879,0.3580511685133109
RTD,LightGBM,MOJITO,,0.14472965263713755,0.13142493433769845,0.9080719254346837
RTD,LightGBM,MOJITO,,0.025903257713195803,0.06937601562596857,2.6782737674970742
RTD,LightGBM,MOKAÏ,,75930.81775501804,5442.532067113297,0.07167751155628264
RTD,LightGBM,MOKAÏ,,51049.07397580584,4512.913399936398,0.08840343317638326
RTD,LightGBM,MOKAÏ,,56133.96159650276,4427.802842505366,0.07887921530165484
RTD,LightGBM,MOKAÏ,,78680.2223034164,3274.2222819078347,0.04161429881681541
RTD,LightGBM,MOKAÏ,,44104.98436829131,2496.616406987592,0.05660621906449424
RTD,LightGBM,MOKAÏ,,68806.81510202614,6282.808696063254,0.09131084888534893
RTD,LightGBM,NOHRLUND,,188.69648960378134,18.461193371799276,0.0978353832154667
RTD,LightGBM,NOHRLUND,,211.57951032090506,21.824054862736023,0.10314824355928998
RTD,LightGBM,NOHRLUND,,183.9851784035455,15.198356778586769,0.08260641922607113
RTD,LightGBM,NOHRLUND,,170.21091422601836,16.438787305651086,0.0965789260953177
RTD,LightGBM,NOHRLUND,,168.0456501244934,7.537011984571088,0.044850979355832404
RTD,LightGBM,NOHRLUND,,108.62202681687305,5.01232269260434,0.04614462498526809
RTD,LightGBM,NORDIC BY NATURE,,30.024749808666673,2.6841501014846054,0.08939791733784316
RTD,LightGBM,NORDIC BY NATURE,,34.155954847678814,1.9653626496332752,0.05754084927205126
RTD,LightGBM,NORDIC BY NATURE,,12.340058133676765,2.4319169243408503,0.19707499737817297
RTD,LightGBM,NORDIC BY NATURE,,50.8975614471852,9.543756914758722,0.18750911916795815
RTD,LightGBM,NORDIC BY NATURE,,30.415317333955034,3.4267623590446727,0.11266567832975084
RTD,LightGBM,NORDIC BY NATURE,,29.931334851978797,4.019127958487982,0.1342782731997759
RTD,LightGBM,NORTH OAK,,829.5798469058311,406.2841118451156,0.489746843972253
RTD,LightGBM,NORTH OAK,,625.3993480688447,219.08337077249155,0.35030956052159906
RTD,LightGBM,NORTH OAK,,1106.0761424947925,114.48411478772665,0.1035047320788457
RTD,LightGBM,NORTH OAK,,6137.347009868276,397.49663199779206,0.06476684980638295
RTD,LightGBM,NORTH OAK,,4486.801127202625,329.43325950019005,0.07342274599667425
RTD,LightGBM,NORTH OAK,,4740.6147986976575,281.4814857962191,0.05937657830236444
RTD,LightGBM,NYBORG DISTILLERY,,3.88884923508553,0.6960458463319638,0.17898504268362442
RTD,LightGBM,NYBORG DISTILLERY,,2.410097126779893,0.46821288402190303,0.19427137554720778
RTD,LightGBM,NYBORG DISTILLERY,,2.388682463385167,0.34028228518388637,0.14245605701046127
RTD,LightGBM,NYBORG DISTILLERY,,0.9118353618435323,0.13149470531794022,0.14420882411500974
RTD,LightGBM,NYBORG DISTILLERY,,4.243279955760532,0.843357966604902,0.1987514317691879
RTD,LightGBM,NYBORG DISTILLERY,,1.601934437008893,0.09423612687811861,0.05882645675192228
RTD,LightGBM,NØRREBRO,,198.09720902632733,24.857878622760662,0.12548323494783323
RTD,LightGBM,NØRREBRO,,247.20088426341417,7.479029198313787,0.030254864259887628
RTD,LightGBM,NØRREBRO,,277.9782109082005,10.397243623123954,0.037403088498031735
RTD,LightGBM,NØRREBRO,,203.84250731347566,18.468772634711236,0.09060314690060868
RTD,LightGBM,NØRREBRO,,227.08281046205707,30.27480617352827,0.1333205543472294
RTD,LightGBM,NØRREBRO,,169.46837689245683,30.528652761328278,0.18014365465187346
RTD,LightGBM,OTHER BRAND,,0.11485782677932081,0.08873851611195806,0.7725944204259895
RTD,LightGBM,OTHER BRAND,,0.07184086171757632,0.10727924170572133,1.4932900182553737
RTD,LightGBM,OTHER BRAND,,0.010115705580041096,0.03152619193213433,3.1165588680573535
RTD,LightGBM,PALLINI,,402.8057464611944,69.14877250694303,0.17166779052792064
RTD,LightGBM,PALLINI,,656.7826172030254,31.937076054208408,0.04862655499351619
RTD,LightGBM,PALLINI,,947.8784900088582,98.65009377391947,0.10407462012667631
RTD,LightGBM,PALLINI,,362.16414382321926,75.09962533166951,0.2073635024684481
RTD,LightGBM,PALLINI,,303.90330589539496,14.592605303159164,0.04801726411025621
RTD,LightGBM,PALLINI,,239.82785245434997,45.59759371336243,0.1901263479063246
RTD,LightGBM,PALOMA (ISH),,0.15039708300816576,0.03524863085000309,0.2343704421985982
RTD,LightGBM,PALOMA (ISH),,0.1577190337714122,0.0849719695122776,0.5387553263573153
RTD,LightGBM,PALOMA (ISH),,0.027377096112592435,0.017471949785712603,0.6381958741663679
RTD,LightGBM,PUNCH! CLUB,,7285.417016457506,496.86597038604316,0.06820007272934961
RTD,LightGBM,PUNCH! CLUB,,7761.909699413501,596.9744395338028,0.07691076843871436
RTD,LightGBM,PUNCH! CLUB,,6591.438003600897,537.1320286949599,0.08148935458416284
RTD,LightGBM,PUNCH! CLUB,,6821.465565777612,893.3670413887397,0.1309640916272661
RTD,LightGBM,PUNCH! CLUB,,9720.535920210534,1408.329907736715,0.14488192001930408
RTD,LightGBM,PUNCH! CLUB,,10044.146093473066,740.920845190391,0.07376643452765583
RTD,LightGBM,RAW CIDER,,5.476850618653373,1.2163664066008057,0.22209231021529693
RTD,LightGBM,RAW CIDER,,0.8669442914411702,0.555466991335811,0.6407182062557064
RTD,LightGBM,RAW CIDER,,1.108808216808346,0.028953289459436638,0.026112080538848607
RTD,LightGBM,RAW CIDER,,0.0231777290065874,0.013212244128892806,0.5700404955609638
RTD,LightGBM,READY TO DRINK,,44840.214838050524,3431.6327458141554,0.07653024764060987
RTD,LightGBM,READY TO DRINK,,39769.03279957146,2047.7857839785815,0.05149196849465868
RTD,LightGBM,READY TO DRINK,,68063.60655562377,5368.902415160242,0.07888066305702743
RTD,LightGBM,READY TO DRINK,,98942.9250639196,6852.724509104957,0.06925936851652532
RTD,LightGBM,READY TO DRINK,,123019.55122084168,4411.692050528582,0.035861714717271405
RTD,LightGBM,READY TO DRINK,,92767.13799700378,3181.193267492968,0.03429224331137299
RTD,LightGBM,REKORDERLIG,,123.76637017412554,14.71204065796837,0.11886945247945918
RTD,LightGBM,REKORDERLIG,,115.14828268949756,9.781854496772015,0.08495006845346724
RTD,LightGBM,REKORDERLIG,,358.196163113167,51.66700989582855,0.14424222037103476
RTD,LightGBM,REKORDERLIG,,412.93049030870696,72.94557254395819,0.17665339386642062
RTD,LightGBM,REKORDERLIG,,679.3955699097058,66.69055394261731,0.09816159671379772
RTD,LightGBM,REKORDERLIG,,464.9202430389544,36.488703419250086,0.07848379150097105
RTD,LightGBM,SHAKER,,556226.5877899214,95553.71215740821,0.17178918493823858
RTD,LightGBM,SHAKER,,582024.1368670618,10395.957182931641,0.01786172861986675
RTD,LightGBM,SHAKER,,446600.5767462137,16709.878425524435,0.0374157117020922
RTD,LightGBM,SHAKER,,831724.7297172397,47267.23231624057,0.056830379844915686
RTD,LightGBM,SHAKER,,1341414.6171281477,107767.18290141896,0.08033845876239155
RTD,LightGBM,SHAKER,,720004.539220926,43912.62650202441,0.060989374524693475
RTD,LightGBM,SHEPPYS,,136.66671482403817,7.681392011860443,0.05620528759874289
RTD,LightGBM,SHEPPYS,,106.5650428760944,8.248782847102575,0.0774060857526574
RTD,LightGBM,SHEPPYS,,111.61084600242165,5.720666449832023,0.051255470724663264
RTD,LightGBM,SHEPPYS,,103.57556447475281,2.2609150033628644,0.021828652489883138
RTD,LightGBM,SHEPPYS,,230.5463718295543,24.887865768681916,0.10795166964102916
RTD,LightGBM,SHEPPYS,,146.97840158298018,8.637960346980622,0.05877027001211368
RTD,LightGBM,SIR. JAMES 101,,1941.2362796310713,242.66441412480634,0.1250050891130699
RTD,LightGBM,SIR. JAMES 101,,662.7248351267638,189.31299481874035,0.2856585188670788
RTD,LightGBM,SIR. JAMES 101,,681.7991204251573,79.76920165179747,0.11699809997122741
RTD,LightGBM,SIR. JAMES 101,,2614.2072816968457,306.0367781595348,0.11706676065904405
RTD,LightGBM,SIR. JAMES 101,,2914.48385869617,174.59810704894076,0.05990704204038699
RTD,LightGBM,SIR. JAMES 101,,7066.45356101354,1201.1592403831148,0.1699804902150709
RTD,LightGBM,SJUSS,,39.07556750625572,15.919723223592133,0.4074086248662543
RTD,LightGBM,SJUSS,,88.87112841915791,10.759736494214042,0.12107122623070656
RTD,LightGBM,SJUSS,,23.642705113883256,2.992415762067149,0.12656824790789145
RTD,LightGBM,SJUSS,,21.543229387930392,3.449940632691733,0.16014036570694293
RTD,LightGBM,SJUSS,,5.9572372411179195,0.511131690440483,0.08580012340495027
RTD,LightGBM,SJUSS,,4.857334982882852,0.6334986381027063,0.1304210313546713
RTD,LightGBM,SKÆRSØGAARD,,2.8346378682318383,0.6347021602227612,0.2239094338419564
RTD,LightGBM,SKÆRSØGAARD,,5.867269691017146,1.2960558996821847,0.22089591376146564
RTD,LightGBM,SKÆRSØGAARD,,14.15416746936774,3.6203320738788825,0.2557785247146437
RTD,LightGBM,SKÆRSØGAARD,,3.8742258038155777,1.9941785111984947,0.5147295517041118
RTD,LightGBM,SKÆRSØGAARD,,1.3240218358511862,0.657832783360052,0.4968443612843779
RTD,LightGBM,SKÆRSØGAARD,,1.868755666126638,0.527239945325056,0.2821342323567982
RTD,LightGBM,SMIRNOFF,,232.78847022017126,13.615095451317925,0.05848698364846323
RTD,LightGBM,SMIRNOFF,,263.4663225363814,27.12029704375416,0.10293648456724173
RTD,LightGBM,SMIRNOFF,,295.0855176052004,20.65177045047268,0.06998571335548569
RTD,LightGBM,SMIRNOFF,,399.9852556168658,22.61305086883983,0.05653471109570152
RTD,LightGBM,SMIRNOFF,,9145.921946932653,1451.5714908979387,0.1587124293559891
RTD,LightGBM,SMIRNOFF,,7283.182716052806,1645.9619371488438,0.22599487083043954
RTD,LightGBM,SMIRNOFF ICE/TWISTED,,551064.8207591452,93189.0797516959,0.16910729235685723
RTD,LightGBM,SMIRNOFF ICE/TWISTED,,386628.62551298196,19454.743195714796,0.050318941516298975
RTD,LightGBM,SMIRNOFF ICE/TWISTED,,442927.8861945838,12123.846742558793,0.027372055633527292
RTD,LightGBM,SMIRNOFF ICE/TWISTED,,878686.2899752768,26841.641113664497,0.030547467759420403
RTD,LightGBM,SMIRNOFF ICE/TWISTED,,1433002.216236222,51674.36247300623,0.03606021113402662
RTD,LightGBM,SMIRNOFF ICE/TWISTED,,771971.2257216682,42929.22313021971,0.055609874694601255
RTD,LightGBM,SMÅ,,0.12558909625318,0.3682064551135798,2.931834578786187
RTD,LightGBM,SMÅ,,10.321309940167772,2.391038221217603,0.23166034496380375
RTD,LightGBM,SMÅ,,1.747239636618908,0.5783044983654326,0.3309817876410545
RTD,LightGBM,SMÅ,,74.52402345999499,16.012719316450717,0.2148665433374844
RTD,LightGBM,SMÅ,,0.14240081605795474,0.1572011046569035,1.1039340153284325
RTD,LightGBM,SMÅ,,0.8040699993452172,0.23256045884353008,0.289229120639885
RTD,LightGBM,SOMERSBY,,136754.21636467162,5886.769550107996,0.04304634772218075
RTD,LightGBM,SOMERSBY,,142927.4492755312,4956.086260437609,0.03467553843267304
RTD,LightGBM,SOMERSBY,,169211.40238024393,7662.026027065254,0.04528079029714267
RTD,LightGBM,SOMERSBY,,234142.30134156445,10003.148226129035,0.04272251604607124
RTD,LightGBM,SOMERSBY,,564618.5033587725,15023.415614349311,0.02660808231572082
RTD,LightGBM,SOMERSBY,,299117.4302016144,15676.210441572246,0.0524082144962465
RTD,LightGBM,SPIRIT GARDEN,,220.07948991768006,31.781397738828055,0.14440872137024569
RTD,LightGBM,SPIRIT GARDEN,,181.79988501396286,20.93070536217622,0.11513046534968198
RTD,LightGBM,SPIRIT GARDEN,,188.75389743992756,18.663286116510783,0.09887629537530754
RTD,LightGBM,SPIRIT GARDEN,,212.24600304914316,9.395077988205761,0.044265040816954454
RTD,LightGBM,SPIRIT GARDEN,,335.94512619334796,38.87664596839976,0.11572320280076012
RTD,LightGBM,SPIRIT GARDEN,,339.6845237751795,28.142002509573373,0.08284746739948383
RTD,LightGBM,SPRITZ,,0.3583204668985756,0.07758689367252111,0.21652933851105544
RTD,LightGBM,SPRITZ,,0.16957121410520845,0.19072780139035486,1.1247652049717594
RTD,LightGBM,SPRITZ,,0.021718918647401116,0.06697293154114557,3.0836218242918623
RTD,LightGBM,SPRITZ,,0.04457823222085578,0.07239166511231314,1.6239240881886055
RTD,LightGBM,SPRITZ,,0.13185168328903474,0.03870528627850009,0.2935517038008036
RTD,LightGBM,STOWFORD PRESS,,884.4041438960033,79.20486828819317,0.08955732380366009
RTD,LightGBM,STOWFORD PRESS,,1526.4708523406007,231.7506232480238,0.15182119127441643
RTD,LightGBM,STOWFORD PRESS,,552.4889807093513,48.083868604552784,0.08703136222340033
RTD,LightGBM,STOWFORD PRESS,,671.7240213924946,88.27267877823168,0.13141212159607008
RTD,LightGBM,STOWFORD PRESS,,594.9673342104101,56.22353851481916,0.09449853005700598
RTD,LightGBM,STOWFORD PRESS,,622.7149525811775,65.30203747580343,0.10486666042805616
RTD,LightGBM,STRONGBOW,,32.571071436226454,11.25642608604568,0.3455958183041522
RTD,LightGBM,STRONGBOW,,59.97740195960478,12.547037020180055,0.20919607402518997
RTD,LightGBM,STRONGBOW,,425.3769550154104,64.60879411817135,0.1518859763238249
RTD,LightGBM,STRONGBOW,,956.3809909692922,354.62172296343596,0.37079545318443313
RTD,LightGBM,STRONGBOW,,1580.1322023093344,695.1123612423389,0.4399077243198037
RTD,LightGBM,STRONGBOW,,2776.552005832841,528.2445730422904,0.19025200029842076
RTD,LightGBM,TANQUERAY,,2613.6792866287196,533.8341159409914,0.20424622051834168
RTD,LightGBM,TANQUERAY,,3040.2115012164822,413.19202927270265,0.1359089751181363
RTD,LightGBM,TANQUERAY,,3120.6976594875896,234.27188380755763,0.07507035585306411
RTD,LightGBM,TANQUERAY,,6105.6405513321515,619.1434465257113,0.10140515828279872
RTD,LightGBM,TANQUERAY,,4965.354596237152,843.342225876425,0.16984531709286727
RTD,LightGBM,TANQUERAY,,4069.439503732571,393.94597952914023,0.09680595550512672
RTD,LightGBM,THATCHERS,,168.0681835295149,5.336329839158344,0.031750981816384166
RTD,LightGBM,THATCHERS,,209.54538392780597,13.69003456186231,0.06533207415620712
RTD,LightGBM,THATCHERS,,271.11838030317966,19.49224476069596,0.07189569640722494
RTD,LightGBM,THATCHERS,,175.27826722777468,23.046315175382453,0.13148415682038717
RTD,LightGBM,THATCHERS,,517.6708128801206,48.94691590184914,0.09455220322259891
RTD,LightGBM,THATCHERS,,325.4071242043145,37.217599154983986,0.11437241654124339
RTD,LightGBM,THE COCKTAIL FACTORY,,21.42136362420735,2.2961781601851863,0.10719103603611749
RTD,LightGBM,THE COCKTAIL FACTORY,,56.554032732028794,11.591476867712878,0.2049628701570589
RTD,LightGBM,THE COCKTAIL FACTORY,,23.086378676493133,3.5217586736706847,0.15254703749863496
RTD,LightGBM,THE COCKTAIL FACTORY,,10.561085503532103,2.4815722611756157,0.23497321940492444
RTD,LightGBM,THE COCKTAIL FACTORY,,3.8251426582827435,0.700048811444316,0.18301247142468546
RTD,LightGBM,THE COCKTAIL FACTORY,,4.353365071336504,0.43017923273401476,0.09881533611008361
RTD,LightGBM,WESTONS,,189.14008221130888,23.17050987090858,0.12250449296634171
RTD,LightGBM,WESTONS,,229.6374542322579,13.68903995943343,0.05961152985779132
RTD,LightGBM,WESTONS,,183.3106725073982,9.521816725613505,0.05194360260300292
RTD,LightGBM,WESTONS,,164.19798438315314,5.8926178905140585,0.03588727299333795
RTD,LightGBM,WESTONS,,252.79017158998522,16.17094482095038,0.06396983205177358
RTD,LightGBM,WESTONS,,197.54574404643284,14.14248777750502,0.07159095148200635
RTD,LightGBM,ÆBLEROV,,15.237297495265413,1.6280190327420434,0.10684434252516939
RTD,LightGBM,ÆBLEROV,,10.648595431330511,3.50354710615456,0.32901495119688307
RTD,LightGBM,ÆBLEROV,,4.6372950471081955,0.30291843579221556,0.06532222615015938
RTD,LightGBM,ÆBLEROV,,4.281247880248148,0.7281339356861459,0.17007516407668088
RTD,LightGBM,ÆBLEROV,,4.324651638319401,0.4548493251010006,0.10517594551910757
RTD,LightGBM,ÆBLEROV,,5.590485600335624,0.4991936247882713,0.08929342824142186
RTD,XGBoost,AERIS,,12.597864151000977,2.1574361324310303,0.17125411331653595
RTD,XGBoost,AERIS,,23.444366455078125,6.418123722076416,0.27375975251197815
RTD,XGBoost,AERIS,,16.766925811767578,1.734044075012207,0.10342051088809967
RTD,XGBoost,AERIS,,10.247815132141113,0.7179173231124878,0.07005564868450165
RTD,XGBoost,AERIS,,12.889200210571289,0.9473561644554138,0.07349999248981476
RTD,XGBoost,AERIS,,11.90339469909668,0.9044659733772278,0.07598386704921722
RTD,XGBoost,ANDERSEN WINERY,,9.291877746582031,1.0226657390594482,0.1100601777434349
RTD,XGBoost,ANDERSEN WINERY,,7.379361629486084,0.7702987790107727,0.10438555479049683
RTD,XGBoost,ANDERSEN WINERY,,4.33267879486084,0.6581403017044067,0.1519014686346054
RTD,XGBoost,ANDERSEN WINERY,,7.9854865074157715,0.8454006910324097,0.10586714744567871
RTD,XGBoost,ANDERSEN WINERY,,7.960217475891113,0.5879453420639038,0.07386045902967453
RTD,XGBoost,ANDERSEN WINERY,,9.727334976196289,1.1702930927276611,0.1203097328543663
RTD,XGBoost,ANGIOLETTI,,4.056222438812256,0.5188112258911133,0.12790502607822418
RTD,XGBoost,ANGIOLETTI,,4.7565460205078125,0.7401605844497681,0.15560883283615112
RTD,XGBoost,ANGIOLETTI,,1.9075971841812134,0.19330482184886932,0.10133419185876846
RTD,XGBoost,ANGIOLETTI,,2.7617695331573486,0.4508383274078369,0.16324256360530853
RTD,XGBoost,ANGIOLETTI,,3.043163537979126,0.6028559803962708,0.1981017291545868
RTD,XGBoost,ANGIOLETTI,,10.404705047607422,2.693145990371704,0.2588392496109009
RTD,XGBoost,APEROL,,349.3520202636719,20.982467651367188,0.06006110459566116
RTD,XGBoost,APEROL,,529.6116943359375,51.72423553466797,0.09766445308923721
RTD,XGBoost,APEROL,,628.3914184570312,115.56775665283203,0.18391045928001404
RTD,XGBoost,APEROL,,3999.56494140625,651.1099853515625,0.16279520094394684
RTD,XGBoost,APEROL,,9251.2470703125,938.3710327148438,0.10143183916807175
RTD,XGBoost,APEROL,,5450.88037109375,244.55667114257812,0.04486553743481636
RTD,XGBoost,ART OF THE REFILL,,3128.178955078125,475.8597717285156,0.15212038159370422
RTD,XGBoost,ART OF THE REFILL,,2668.12939453125,558.646484375,0.20937758684158325
RTD,XGBoost,ART OF THE REFILL,,1168.479736328125,332.1142883300781,0.2842276692390442
RTD,XGBoost,ART OF THE REFILL,,2999.4189453125,266.674560546875,0.08890873938798904
RTD,XGBoost,ART OF THE REFILL,,6122.328125,608.19677734375,0.0993407666683197
RTD,XGBoost,ART OF THE REFILL,,4177.3857421875,127.45439147949219,0.030510563403367996
RTD,XGBoost,BACARDI,,25.368959426879883,0.9715508818626404,0.038296837359666824
RTD,XGBoost,BACARDI,,14.012641906738281,1.9408648014068604,0.1385081261396408
RTD,XGBoost,BACARDI,,7.232378959655762,1.0123776197433472,0.13997851312160492
RTD,XGBoost,BACARDI,,83.2214126586914,14.57717227935791,0.17516131699085236
RTD,XGBoost,BACARDI,,25.69736671447754,3.0726895332336426,0.11957215517759323
RTD,XGBoost,BACARDI,,7.396803379058838,0.9124908447265625,0.12336286157369614
RTD,XGBoost,BOLD,,5015.54443359375,426.7005615234375,0.08507562428712845
RTD,XGBoost,BOLD,,8251.806640625,960.8146362304688,0.11643688380718231
RTD,XGBoost,BOLD,,6979.73681640625,382.51751708984375,0.0548040047287941
RTD,XGBoost,BOLD,,6090.5869140625,635.745361328125,0.10438162833452225
RTD,XGBoost,BOLD,,3491.936767578125,655.2003173828125,0.18763235211372375
RTD,XGBoost,BOLD,,4990.966796875,376.3640441894531,0.07540904730558395
RTD,XGBoost,BOMBAY,,2.7353715896606445,0.8987247943878174,0.32855674624443054
RTD,XGBoost,BOMBAY,,4.980579853057861,1.745296835899353,0.35042041540145874
RTD,XGBoost,BOMBAY,,1.361682653427124,0.5446632504463196,0.39999279379844666
RTD,XGBoost,BOMBAY,,0.11152299493551254,0.04305875301361084,0.3860975205898285
RTD,XGBoost,BOMBAY,,0.10926743596792221,0.04371614381670952,0.4000839293003082
RTD,XGBoost,BOTTEGA,,111.08943939208984,10.506128311157227,0.09457360208034515
RTD,XGBoost,BOTTEGA,,106.4320068359375,8.314236640930176,0.07811782509088516
RTD,XGBoost,BOTTEGA,,94.30619049072266,4.138804912567139,0.04388688504695892
RTD,XGBoost,BOTTEGA,,777.4462280273438,131.6815643310547,0.16937707364559174
RTD,XGBoost,BOTTEGA,,920.3771362304688,144.10989379882812,0.156577005982399
RTD,XGBoost,BOTTEGA,,412.89520263671875,20.154525756835938,0.04881269112229347
RTD,XGBoost,BREEZER,,660569.375,29463.505859375,0.044603195041418076
RTD,XGBoost,BREEZER,,504105.34375,22650.517578125,0.04493211209774017
RTD,XGBoost,BREEZER,,522773.59375,18636.4140625,0.03564910963177681
RTD,XGBoost,BREEZER,,823269.5625,24365.44921875,0.029595956206321716
RTD,XGBoost,BREEZER,,1043795.875,19854.068359375,0.01902102679014206
RTD,XGBoost,BREEZER,,825056.125,31134.8984375,0.03773670271039009
RTD,XGBoost,BRYGHUSET BRAUNSTEIN,,2.1870229244232178,0.7240855097770691,0.3310827314853668
RTD,XGBoost,BRYGHUSET BRAUNSTEIN,,2.4388270378112793,0.2946312129497528,0.12080857157707214
RTD,XGBoost,BRYGHUSET BRAUNSTEIN,,1.6659934520721436,0.18005149066448212,0.10807454586029053
RTD,XGBoost,BRYGHUSET BRAUNSTEIN,,1.2817409038543701,0.23852992057800293,0.1860983967781067
RTD,XGBoost,BRYGHUSET BRAUNSTEIN,,0.5857120752334595,0.2868478000164032,0.4897419810295105
RTD,XGBoost,BRYGHUSET BRAUNSTEIN,,2.118943691253662,0.8344879746437073,0.39382264018058777
RTD,XGBoost,BULMERS,,111.7211685180664,8.165191650390625,0.07308544963598251
RTD,XGBoost,BULMERS,,132.22279357910156,6.699051380157471,0.05066487565636635
RTD,XGBoost,BULMERS,,83.42525482177734,2.4555840492248535,0.02943454124033451
RTD,XGBoost,BULMERS,,107.66078186035156,8.521544456481934,0.07915179431438446
RTD,XGBoost,BULMERS,,140.097900390625,13.635885238647461,0.09733111411333084
RTD,XGBoost,BULMERS,,100.4397964477539,4.054819107055664,0.0403706431388855
RTD,XGBoost,BUZZBALLZ,,3174.47705078125,214.38873291015625,0.06753513216972351
RTD,XGBoost,BUZZBALLZ,,3066.290771484375,299.71392822265625,0.09774478524923325
RTD,XGBoost,BUZZBALLZ,,3548.443359375,333.4346008300781,0.09396643936634064
RTD,XGBoost,BUZZBALLZ,,5268.6904296875,702.5096435546875,0.13333667814731598
RTD,XGBoost,BUZZBALLZ,,10353.263671875,664.9161376953125,0.06422285735607147
RTD,XGBoost,BUZZBALLZ,,11297.923828125,551.0113525390625,0.048771027475595474
RTD,XGBoost,CHANDON,,116.1002197265625,12.905993461608887,0.11116252094507217
RTD,XGBoost,CHANDON,,92.29512786865234,8.982730865478516,0.09732616692781448
RTD,XGBoost,CHANDON,,146.5340576171875,10.528792381286621,0.0718521848320961
RTD,XGBoost,CHANDON,,241.00927734375,13.73067855834961,0.05697157606482506
RTD,XGBoost,CHANDON,,725.6964111328125,83.57186889648438,0.11516092717647552
RTD,XGBoost,CHANDON,,448.89794921875,22.14006996154785,0.04932094365358353
RTD,XGBoost,CLASSIC COCKTAILS,,174.12362670898438,20.536409378051758,0.11794154345989227
RTD,XGBoost,CLASSIC COCKTAILS,,190.3417510986328,12.158614158630371,0.06387780606746674
RTD,XGBoost,CLASSIC COCKTAILS,,160.9188690185547,5.961008071899414,0.03704356029629707
RTD,XGBoost,CLASSIC COCKTAILS,,215.7823486328125,6.75946044921875,0.031325362622737885
RTD,XGBoost,CLASSIC COCKTAILS,,536.0369262695312,72.04145050048828,0.13439643383026123
RTD,XGBoost,CLASSIC COCKTAILS,,6378.43359375,1440.5211181640625,0.2258424609899521
RTD,XGBoost,COCKY CRANE,,0.7037823796272278,0.09016907215118408,0.12812067568302155
RTD,XGBoost,COCKY CRANE,,0.5402138829231262,0.7870887517929077,1.456994652748108
RTD,XGBoost,COCKY CRANE,,1.156048059463501,0.31897544860839844,0.2759188413619995
RTD,XGBoost,COCKY CRANE,,0.302578330039978,0.0831804871559143,0.27490562200546265
RTD,XGBoost,COCKY CRANE,,0.28886881470680237,0.056526217609643936,0.19568127393722534
RTD,XGBoost,COPPA,,25.519723892211914,2.5947084426879883,0.1016746312379837
RTD,XGBoost,COPPA,,28.36178970336914,2.626833200454712,0.09261874109506607
RTD,XGBoost,COPPA,,32.856082916259766,2.662097215652466,0.0810229629278183
RTD,XGBoost,COPPA,,55.685462951660156,4.74422025680542,0.08519674837589264
RTD,XGBoost,COPPA,,44.897979736328125,2.198866605758667,0.04897473379969597
RTD,XGBoost,COPPA,,27.382610321044922,0.7702060341835022,0.028127560392022133
RTD,XGBoost,CULT MODJO,,5.706920623779297,1.5228691101074219,0.26684603095054626
RTD,XGBoost,CULT MODJO,,0.7092818021774292,0.7484744191169739,1.055256724357605
RTD,XGBoost,CULT MODJO,,1.068490982055664,0.03869045525789261,0.03621037304401398
RTD,XGBoost,CULT MODJO,,7.767333030700684,2.240269660949707,0.28842198848724365
RTD,XGBoost,CULT MODJO,,28.782390594482422,9.759549140930176,0.3390805721282959
RTD,XGBoost,CULT MODJO,,14.807629585266113,9.210436820983887,0.6220061779022217
RTD,XGBoost,FEJØ,,13.6547269821167,1.1697059869766235,0.0856630802154541
RTD,XGBoost,FEJØ,,8.847016334533691,1.5139561891555786,0.17112618684768677
RTD,XGBoost,FEJØ,,7.792238712310791,1.0550343990325928,0.13539554178714752
RTD,XGBoost,FEJØ,,7.40386962890625,1.145707607269287,0.15474443137645721
RTD,XGBoost,FEJØ,,9.55893611907959,0.8739573359489441,0.09142830222845078
RTD,XGBoost,FEJØ,,6.404638767242432,0.7548901438713074,0.117866151034832
RTD,XGBoost,FUNKIN,,1697.660888671875,238.84518432617188,0.14069074392318726
RTD,XGBoost,FUNKIN,,690.0401611328125,133.36692810058594,0.19327415525913239
RTD,XGBoost,FUNKIN,,2311.75244140625,167.6041259765625,0.07250089943408966
RTD,XGBoost,FUNKIN,,1847.733154296875,204.54623413085938,0.11070117354393005
RTD,XGBoost,FUNKIN,,1729.5179443359375,280.7525329589844,0.16232992708683014
RTD,XGBoost,FUNKIN,,2553.52978515625,266.23529052734375,0.10426167398691177
RTD,XGBoost,G&T,,0.07250020653009415,0.12604902684688568,1.7386022806167603
RTD,XGBoost,G&T,,0.010679972358047962,0.050345759838819504,4.714034557342529
RTD,XGBoost,GALIPETTE,,13.829195976257324,1.344088077545166,0.09719206392765045
RTD,XGBoost,GALIPETTE,,5.067895412445068,0.7880398631095886,0.1554964780807495
RTD,XGBoost,GALIPETTE,,10.012243270874023,1.5150099992752075,0.15131573379039764
RTD,XGBoost,GALIPETTE,,15.960197448730469,1.6248661279678345,0.10180739313364029
RTD,XGBoost,GALIPETTE,,9.323488235473633,1.0009559392929077,0.10735852271318436
RTD,XGBoost,GALIPETTE,,7.908064365386963,0.725516676902771,0.09174390137195587
RTD,XGBoost,HAPPY JOE,,258.3807678222656,13.43310260772705,0.05198955908417702
RTD,XGBoost,HAPPY JOE,,69.06086730957031,5.272210121154785,0.07634150236845016
RTD,XGBoost,HAPPY JOE,,77.8811264038086,4.765658855438232,0.06119144707918167
RTD,XGBoost,HAPPY JOE,,38.388057708740234,3.4626927375793457,0.09020233899354935
RTD,XGBoost,HAPPY JOE,,38.694557189941406,3.322061777114868,0.0858534649014473
RTD,XGBoost,HAPPY JOE,,21.933727264404297,1.6495451927185059,0.07520587742328644
RTD,XGBoost,IMPRESS,,1.91550612449646,0.5623942017555237,0.29360082745552063
RTD,XGBoost,IMPRESS,,3.4178466796875,0.40237194299697876,0.11772673577070236
RTD,XGBoost,IMPRESS,,1.936602234840393,0.5606474876403809,0.2895005941390991
RTD,XGBoost,IMPRESS,,14.601503372192383,1.7146804332733154,0.11743177473545074
RTD,XGBoost,IMPRESS,,5.9535932540893555,0.45758792757987976,0.07685911655426025
RTD,XGBoost,IMPRESS,,6.300494194030762,0.5163189768791199,0.08194896578788757
RTD,XGBoost,LA CHOUETTE,,6.0894455909729,0.61454176902771,0.10091916471719742
RTD,XGBoost,LA CHOUETTE,,14.951265335083008,2.784982442855835,0.18627068400382996
RTD,XGBoost,LA CHOUETTE,,3.6447150707244873,0.5588854551315308,0.15334132313728333
RTD,XGBoost,LA CHOUETTE,,5.777766704559326,0.5683642029762268,0.09837091714143753
RTD,XGBoost,LA CHOUETTE,,3.460676670074463,0.5233979821205139,0.1512415111064911
RTD,XGBoost,LA CHOUETTE,,1.5657315254211426,0.14354394376277924,0.09167851507663727
RTD,XGBoost,LE COQ,,5.706920623779297,1.5228691101074219,0.26684603095054626
RTD,XGBoost,LE COQ,,0.7092818021774292,0.7484744191169739,1.055256724357605
RTD,XGBoost,LE COQ,,1.068490982055664,0.03869045525789261,0.03621037304401398
RTD,XGBoost,LE COQ,,0.016153670847415924,0.022642847150564194,1.4017152786254883
RTD,XGBoost,LE COQ,,0.014540483243763447,0.018796835094690323,1.2927242517471313
RTD,XGBoost,LE COQ,,0.012233035638928413,0.02440405823290348,1.9949307441711426
RTD,XGBoost,LIME DAIQUIRI,,0.07870568335056305,0.13125094771385193,1.6676172018051147
RTD,XGBoost,MAGNERS,,3954.74755859375,954.38330078125,0.2413259744644165
RTD,XGBoost,MAGNERS,,4747.40478515625,709.8721923828125,0.14952847361564636
RTD,XGBoost,MAGNERS,,7429.28369140625,314.41766357421875,0.04232139512896538
RTD,XGBoost,MAGNERS,,9802.544921875,318.1445007324219,0.03245529532432556
RTD,XGBoost,MAGNERS,,10205.1201171875,1229.632568359375,0.12049172818660736
RTD,XGBoost,MAGNERS,,10138.6845703125,861.0940551757812,0.08493153750896454
RTD,XGBoost,MALFY,,1.3788751363754272,0.17561112344264984,0.12735824286937714
RTD,XGBoost,MALFY,,9.34350872039795,4.527905464172363,0.4846043884754181
RTD,XGBoost,MALFY,,196.13681030273438,72.4566879272461,0.369419127702713
RTD,XGBoost,MALFY,,23.552576065063477,10.97826862335205,0.4661175310611725
RTD,XGBoost,MALFY,,4.927212238311768,2.10526704788208,0.4272734522819519
RTD,XGBoost,MALFY,,4.5264058113098145,0.7125197052955627,0.1574140191078186
RTD,XGBoost,MIKROPOLIS COCKTAILS,,3526.14208984375,453.526611328125,0.12861835956573486
RTD,XGBoost,MIKROPOLIS COCKTAILS,,3669.45361328125,448.8080139160156,0.12230922281742096
RTD,XGBoost,MIKROPOLIS COCKTAILS,,4433.7998046875,480.26947021484375,0.10832006484270096
RTD,XGBoost,MIKROPOLIS COCKTAILS,,6417.22705078125,669.0868530273438,0.10426416993141174
RTD,XGBoost,MIKROPOLIS COCKTAILS,,9359.6591796875,624.203369140625,0.0666908249258995
RTD,XGBoost,MIKROPOLIS COCKTAILS,,8430.9990234375,201.68251037597656,0.0239215437322855
RTD,XGBoost,MOJITO,,0.02811908721923828,0.1402958482503891,4.989345550537109
RTD,XGBoost,MOJITO,,0.0063126967288553715,0.042690210044384,6.762594699859619
RTD,XGBoost,MOJITO,,0.027353812009096146,0.03484458476305008,1.2738474607467651
RTD,XGBoost,MOKAÏ,,82507.609375,5594.88232421875,0.06781049817800522
RTD,XGBoost,MOKAÏ,,49415.33984375,5830.587890625,0.11799145489931107
RTD,XGBoost,MOKAÏ,,56732.94921875,4029.158935546875,0.0710197314620018
RTD,XGBoost,MOKAÏ,,78728.1484375,2860.3583984375,0.03633209317922592
RTD,XGBoost,MOKAÏ,,63298.3984375,4496.79052734375,0.07104114443063736
RTD,XGBoost,MOKAÏ,,62598.25,3761.58544921875,0.06009090319275856
RTD,XGBoost,NOHRLUND,,156.72291564941406,9.286297798156738,0.059252966195344925
RTD,XGBoost,NOHRLUND,,161.30795288085938,13.254862785339355,0.08217116445302963
RTD,XGBoost,NOHRLUND,,152.70883178710938,6.857494354248047,0.044905681163072586
RTD,XGBoost,NOHRLUND,,156.09654235839844,7.613418102264404,0.04877377673983574
RTD,XGBoost,NOHRLUND,,194.17459106445312,8.580180168151855,0.044187966734170914
RTD,XGBoost,NOHRLUND,,110.873291015625,5.540173053741455,0.04996851086616516
RTD,XGBoost,NORDIC BY NATURE,,25.317752838134766,1.367375373840332,0.05400855839252472
RTD,XGBoost,NORDIC BY NATURE,,32.653785705566406,1.365612268447876,0.0418209470808506
RTD,XGBoost,NORDIC BY NATURE,,15.046060562133789,1.7045130729675293,0.1132863387465477
RTD,XGBoost,NORDIC BY NATURE,,39.784217834472656,4.331151485443115,0.10886607319116592
RTD,XGBoost,NORDIC BY NATURE,,24.462970733642578,1.7878416776657104,0.07308358699083328
RTD,XGBoost,NORDIC BY NATURE,,22.65915298461914,2.4658384323120117,0.10882306098937988
RTD,XGBoost,NORTH OAK,,790.37158203125,99.28754425048828,0.12562134861946106
RTD,XGBoost,NORTH OAK,,930.5269775390625,65.33722686767578,0.07021529227495193
RTD,XGBoost,NORTH OAK,,778.79638671875,153.77894592285156,0.1974571943283081
RTD,XGBoost,NORTH OAK,,5371.09326171875,664.4444580078125,0.12370748817920685
RTD,XGBoost,NORTH OAK,,5815.603515625,499.3603210449219,0.08586560934782028
RTD,XGBoost,NORTH OAK,,4264.34765625,327.4620666503906,0.07679066061973572
RTD,XGBoost,NYBORG DISTILLERY,,4.637019157409668,0.4631757438182831,0.09988652914762497
RTD,XGBoost,NYBORG DISTILLERY,,1.8336551189422607,0.24922333657741547,0.13591614365577698
RTD,XGBoost,NYBORG DISTILLERY,,2.4840664863586426,0.33702951669692993,0.1356765329837799
RTD,XGBoost,NYBORG DISTILLERY,,0.9832069277763367,0.25450554490089417,0.258852481842041
RTD,XGBoost,NYBORG DISTILLERY,,4.944022178649902,0.5181005597114563,0.10479333251714706
RTD,XGBoost,NYBORG DISTILLERY,,2.1988844871520996,0.25363975763320923,0.11534928530454636
RTD,XGBoost,NØRREBRO,,166.13424682617188,23.249727249145508,0.13994541764259338
RTD,XGBoost,NØRREBRO,,220.28598022460938,14.927119255065918,0.06776245683431625
RTD,XGBoost,NØRREBRO,,194.730712890625,5.744687080383301,0.029500672593712807
RTD,XGBoost,NØRREBRO,,216.4086151123047,22.140399932861328,0.10230831056833267
RTD,XGBoost,NØRREBRO,,266.0827941894531,15.934082984924316,0.059883929789066315
RTD,XGBoost,NØRREBRO,,172.33822631835938,8.15447998046875,0.04731672257184982
RTD,XGBoost,OTHER BRAND,,0.17494800686836243,0.10394733399152756,0.5941612720489502
RTD,XGBoost,OTHER BRAND,,0.020246069878339767,0.23482079803943634,11.598340034484863
RTD,XGBoost,OTHER BRAND,,0.047033701092004776,0.10723837465047836,2.2800326347351074
RTD,XGBoost,OTHER BRAND,,0.02853820100426674,0.057218313217163086,2.0049726963043213
RTD,XGBoost,PALLINI,,430.5584411621094,33.84043884277344,0.07859662175178528
RTD,XGBoost,PALLINI,,703.2362060546875,64.29969024658203,0.09143398702144623
RTD,XGBoost,PALLINI,,799.3811645507812,30.453357696533203,0.038096167147159576
RTD,XGBoost,PALLINI,,311.32220458984375,34.99415588378906,0.1124049499630928
RTD,XGBoost,PALLINI,,294.9539489746094,23.948062896728516,0.08119254559278488
RTD,XGBoost,PALLINI,,286.9854431152344,31.465402603149414,0.10964111238718033
RTD,XGBoost,PALOMA (ISH),,0.07836427539587021,0.13383685052394867,1.707880973815918
RTD,XGBoost,PUNCH! CLUB,,8099.56005859375,357.9091796875,0.0441887192428112
RTD,XGBoost,PUNCH! CLUB,,6746.2568359375,595.9520874023438,0.08833818882703781
RTD,XGBoost,PUNCH! CLUB,,6467.826171875,262.187744140625,0.04053722694516182
RTD,XGBoost,PUNCH! CLUB,,7565.3115234375,781.77099609375,0.10333625972270966
RTD,XGBoost,PUNCH! CLUB,,10611.451171875,805.8125610351562,0.07593801617622375
RTD,XGBoost,PUNCH! CLUB,,10901.8369140625,539.4521484375,0.04948268458247185
RTD,XGBoost,RAW CIDER,,5.706920623779297,1.5228691101074219,0.26684603095054626
RTD,XGBoost,RAW CIDER,,0.7092818021774292,0.7484744191169739,1.055256724357605
RTD,XGBoost,RAW CIDER,,1.068490982055664,0.03869045525789261,0.03621037304401398
RTD,XGBoost,RAW CIDER,,0.016153670847415924,0.022642847150564194,1.4017152786254883
RTD,XGBoost,RAW CIDER,,0.014540483243763447,0.018796835094690323,1.2927242517471313
RTD,XGBoost,RAW CIDER,,0.012233035638928413,0.02440405823290348,1.9949307441711426
RTD,XGBoost,READY TO DRINK,,45954.9609375,1187.35400390625,0.02583734132349491
RTD,XGBoost,READY TO DRINK,,43750.73046875,1376.804443359375,0.03146928921341896
RTD,XGBoost,READY TO DRINK,,65437.0234375,2744.093017578125,0.041934870183467865
RTD,XGBoost,READY TO DRINK,,92598.0703125,7427.5869140625,0.08021319657564163
RTD,XGBoost,READY TO DRINK,,114655.2734375,7200.52490234375,0.06280151754617691
RTD,XGBoost,READY TO DRINK,,112474.3515625,9731.6962890625,0.08652369678020477
RTD,XGBoost,REKORDERLIG,,131.89308166503906,10.580001831054688,0.08021650463342667
RTD,XGBoost,REKORDERLIG,,150.483154296875,20.25473976135254,0.13459806144237518
RTD,XGBoost,REKORDERLIG,,249.22964477539062,32.7560920715332,0.13142935931682587
RTD,XGBoost,REKORDERLIG,,306.66107177734375,63.49834442138672,0.20706360042095184
RTD,XGBoost,REKORDERLIG,,537.8446044921875,38.278404235839844,0.07117000967264175
RTD,XGBoost,REKORDERLIG,,423.7694396972656,23.53506088256836,0.05553741753101349
RTD,XGBoost,SHAKER,,641092.125,15689.2900390625,0.024472754448652267
RTD,XGBoost,SHAKER,,587146.125,16580.7734375,0.028239602223038673
RTD,XGBoost,SHAKER,,450475.34375,16368.150390625,0.036335285753011703
RTD,XGBoost,SHAKER,,850178.875,52911.92578125,0.062236227095127106
RTD,XGBoost,SHAKER,,1319093.375,69084.109375,0.052372418344020844
RTD,XGBoost,SHAKER,,732806.5,23234.3671875,0.031706005334854126
RTD,XGBoost,SHEPPYS,,141.55960083007812,5.69024133682251,0.04019678756594658
RTD,XGBoost,SHEPPYS,,112.17806243896484,5.523142337799072,0.04923549294471741
RTD,XGBoost,SHEPPYS,,124.20162200927734,4.255244731903076,0.03426078334450722
RTD,XGBoost,SHEPPYS,,108.74261474609375,5.007100582122803,0.04604543000459671
RTD,XGBoost,SHEPPYS,,183.00009155273438,17.800546646118164,0.09727069735527039
RTD,XGBoost,SHEPPYS,,144.115966796875,11.946981430053711,0.08289838582277298
RTD,XGBoost,SIR. JAMES 101,,1603.7197265625,126.2563247680664,0.07872717827558517
RTD,XGBoost,SIR. JAMES 101,,1050.3062744140625,97.37682342529297,0.09271278977394104
RTD,XGBoost,SIR. JAMES 101,,744.0260620117188,129.98228454589844,0.1747012585401535
RTD,XGBoost,SIR. JAMES 101,,1995.537841796875,83.90068054199219,0.04204414412379265
RTD,XGBoost,SIR. JAMES 101,,2699.1416015625,164.96453857421875,0.06111740693449974
RTD,XGBoost,SIR. JAMES 101,,6621.67822265625,1826.513916015625,0.2758385241031647
RTD,XGBoost,SJUSS,,36.99203109741211,9.048937797546387,0.24461856484413147
RTD,XGBoost,SJUSS,,75.4327163696289,12.59165096282959,0.1669255942106247
RTD,XGBoost,SJUSS,,29.607208251953125,2.111865997314453,0.07132945209741592
RTD,XGBoost,SJUSS,,30.660730361938477,3.8859519958496094,0.12674036622047424
RTD,XGBoost,SJUSS,,6.931748867034912,0.8394861221313477,0.12110740691423416
RTD,XGBoost,SJUSS,,6.961836814880371,1.165036916732788,0.16734619438648224
RTD,XGBoost,SKÆRSØGAARD,,5.08939266204834,3.0294642448425293,0.59525066614151
RTD,XGBoost,SKÆRSØGAARD,,3.66474986076355,0.7747702598571777,0.2114115059375763
RTD,XGBoost,SKÆRSØGAARD,,5.414240837097168,1.9463528394699097,0.3594876825809479
RTD,XGBoost,SKÆRSØGAARD,,3.288336992263794,1.0646803379058838,0.32377469539642334
RTD,XGBoost,SKÆRSØGAARD,,3.0941696166992188,0.8959234952926636,0.28955215215682983
RTD,XGBoost,SKÆRSØGAARD,,2.9842419624328613,0.974327027797699,0.3264906406402588
RTD,XGBoost,SMIRNOFF,,264.9954833984375,26.46379852294922,0.09986509382724762
RTD,XGBoost,SMIRNOFF,,253.60836791992188,20.985979080200195,0.08274955302476883
RTD,XGBoost,SMIRNOFF,,298.3415222167969,28.234111785888672,0.09463687986135483
RTD,XGBoost,SMIRNOFF,,470.93505859375,25.97027015686035,0.05514618009328842
RTD,XGBoost,SMIRNOFF,,7121.04833984375,1948.2689208984375,0.2735929787158966
RTD,XGBoost,SMIRNOFF,,6080.88525390625,253.8095245361328,0.04173890873789787
RTD,XGBoost,SMIRNOFF ICE/TWISTED,,620965.8125,28096.44921875,0.045246370136737823
RTD,XGBoost,SMIRNOFF ICE/TWISTED,,296486.40625,11060.421875,0.037304989993572235
RTD,XGBoost,SMIRNOFF ICE/TWISTED,,427000.1875,20652.681640625,0.04836691543459892
RTD,XGBoost,SMIRNOFF ICE/TWISTED,,817603.0,70662.5625,0.0864264965057373
RTD,XGBoost,SMIRNOFF ICE/TWISTED,,1330431.625,104797.6328125,0.07876964658498764
RTD,XGBoost,SMIRNOFF ICE/TWISTED,,876707.8125,42382.1484375,0.04834238812327385
RTD,XGBoost,SMÅ,,0.46051207184791565,0.24863611161708832,0.5399122834205627
RTD,XGBoost,SMÅ,,1.0241378545761108,0.3158112168312073,0.30836787819862366
RTD,XGBoost,SMÅ,,0.9773279428482056,0.2780616581439972,0.28451213240623474
RTD,XGBoost,SMÅ,,3.765796661376953,0.9767094254493713,0.2593632936477661
RTD,XGBoost,SMÅ,,0.645530104637146,0.08630631864070892,0.13369835913181305
RTD,XGBoost,SMÅ,,0.293811172246933,0.18095557391643524,0.6158907413482666
RTD,XGBoost,SOMERSBY,,147045.03125,8342.5166015625,0.05673443526029587
RTD,XGBoost,SOMERSBY,,110681.0390625,4390.400390625,0.03966714069247246
RTD,XGBoost,SOMERSBY,,146122.65625,6524.56005859375,0.04465125501155853
RTD,XGBoost,SOMERSBY,,257441.34375,13838.4521484375,0.0537538081407547
RTD,XGBoost,SOMERSBY,,418953.25,13754.103515625,0.032829686999320984
RTD,XGBoost,SOMERSBY,,286593.84375,9007.58203125,0.03142978250980377
RTD,XGBoost,SPIRIT GARDEN,,184.1062774658203,25.202743530273438,0.13689236342906952
RTD,XGBoost,SPIRIT GARDEN,,164.9617919921875,2.5093297958374023,0.01521158218383789
RTD,XGBoost,SPIRIT GARDEN,,163.55465698242188,2.5836830139160156,0.01579706184566021
RTD,XGBoost,SPIRIT GARDEN,,163.5490264892578,7.0987348556518555,0.04340432211756706
RTD,XGBoost,SPIRIT GARDEN,,254.6630401611328,19.56452178955078,0.07682513445615768
RTD,XGBoost,SPIRIT GARDEN,,282.49737548828125,16.896989822387695,0.05981291085481644
RTD,XGBoost,SPRITZ,,0.13472740352153778,0.09120398759841919,0.6769520044326782
RTD,XGBoost,SPRITZ,,0.005562624894082546,0.04644773527979851,8.349967002868652
RTD,XGBoost,SPRITZ,,0.004107719287276268,0.05745493620634079,13.987065315246582
RTD,XGBoost,SPRITZ,,0.08410149812698364,0.12441199272871017,1.4793076515197754
RTD,XGBoost,STOWFORD PRESS,,747.9889526367188,53.25962829589844,0.07120376080274582
RTD,XGBoost,STOWFORD PRESS,,1438.3544921875,213.38287353515625,0.14835207164287567
RTD,XGBoost,STOWFORD PRESS,,549.8502197265625,66.607666015625,0.121137835085392
RTD,XGBoost,STOWFORD PRESS,,667.8679809570312,113.83953094482422,0.17045214772224426
RTD,XGBoost,STOWFORD PRESS,,615.1542358398438,52.87706756591797,0.08595741540193558
RTD,XGBoost,STOWFORD PRESS,,554.2037963867188,30.62889289855957,0.05526648089289665
RTD,XGBoost,STRONGBOW,,19.829933166503906,9.268814086914062,0.46741530299186707
RTD,XGBoost,STRONGBOW,,62.523956298828125,13.728679656982422,0.2195747047662735
RTD,XGBoost,STRONGBOW,,420.4363708496094,91.60012817382812,0.21786917746067047
RTD,XGBoost,STRONGBOW,,930.5152587890625,113.18849182128906,0.1216406598687172
RTD,XGBoost,STRONGBOW,,1548.455810546875,331.86883544921875,0.21432244777679443
RTD,XGBoost,STRONGBOW,,2406.42529296875,236.86770629882812,0.09843135625123978
RTD,XGBoost,TANQUERAY,,2898.1162109375,375.2352600097656,0.12947557866573334
RTD,XGBoost,TANQUERAY,,4097.45947265625,297.98345947265625,0.07272395491600037
RTD,XGBoost,TANQUERAY,,3672.487548828125,595.7910766601562,0.1622309386730194
RTD,XGBoost,TANQUERAY,,5782.1123046875,663.8822631835938,0.1148165613412857
RTD,XGBoost,TANQUERAY,,5322.39501953125,561.752197265625,0.10554499924182892
RTD,XGBoost,TANQUERAY,,4096.27783203125,471.5091247558594,0.1151067242026329
RTD,XGBoost,THATCHERS,,196.99951171875,27.6055850982666,0.14013022184371948
RTD,XGBoost,THATCHERS,,186.81178283691406,28.928836822509766,0.15485551953315735
RTD,XGBoost,THATCHERS,,208.1980438232422,22.463787078857422,0.10789624601602554
RTD,XGBoost,THATCHERS,,204.87890625,28.81479835510254,0.14064307510852814
RTD,XGBoost,THATCHERS,,373.2938232421875,22.89699935913086,0.06133773922920227
RTD,XGBoost,THATCHERS,,351.37896728515625,7.5621538162231445,0.02152136154472828
RTD,XGBoost,THE COCKTAIL FACTORY,,22.11441421508789,3.134516716003418,0.14174088835716248
RTD,XGBoost,THE COCKTAIL FACTORY,,41.40718460083008,5.181532859802246,0.12513607740402222
RTD,XGBoost,THE COCKTAIL FACTORY,,23.112201690673828,1.2648433446884155,0.054726216942071915
RTD,XGBoost,THE COCKTAIL FACTORY,,11.203210830688477,0.7834426760673523,0.06993018835783005
RTD,XGBoost,THE COCKTAIL FACTORY,,2.6695773601531982,0.6555519700050354,0.24556395411491394
RTD,XGBoost,THE COCKTAIL FACTORY,,2.8629918098449707,0.3308458924293518,0.11555949598550797
RTD,XGBoost,WESTONS,,156.5571746826172,8.42904281616211,0.0538400299847126
RTD,XGBoost,WESTONS,,197.44573974609375,10.857430458068848,0.05498943850398064
RTD,XGBoost,WESTONS,,162.86886596679688,15.237561225891113,0.09355723857879639
RTD,XGBoost,WESTONS,,174.81332397460938,9.086544036865234,0.05197855457663536
RTD,XGBoost,WESTONS,,248.93331909179688,8.3456449508667,0.03352562338113785
RTD,XGBoost,WESTONS,,197.93666076660156,23.32731056213379,0.11785239726305008
RTD,XGBoost,ÆBLEROV,,20.091856002807617,3.5056097507476807,0.174479141831398
RTD,XGBoost,ÆBLEROV,,12.158339500427246,1.5963566303253174,0.1312972605228424
RTD,XGBoost,ÆBLEROV,,5.070688247680664,0.7278391718864441,0.14353853464126587
RTD,XGBoost,ÆBLEROV,,5.745504856109619,0.6021405458450317,0.10480202734470367
RTD,XGBoost,ÆBLEROV,,4.4216179847717285,0.6992175579071045,0.15813612937927246
RTD,XGBoost,ÆBLEROV,,4.2633867263793945,0.3896116316318512,0.09138547629117966
